[2026-06-07T07:20:07.366Z] [startup] Starting
[2026-06-07T07:20:07.368Z] [startup] Waiting for ticker ready
[2026-06-07T07:20:09.517Z] [startup] BTC ticker ready
[2026-06-07T07:20:09.517Z] [startup] Starting resolution adapter
[2026-06-07T07:20:10.195Z] [startup] BTC resolution adapter ready
[2026-06-07T07:20:10.195Z] [startup] Starting binance adapter
[2026-06-07T07:20:10.196Z] [startup] BTC binance predictive adapter ready
[2026-06-07T07:20:10.196Z] [startup] Starting coinbase adapter
[2026-06-07T07:20:10.196Z] [startup] BTC coinbase predictive adapter ready
[2026-06-07T07:20:10.196Z] [startup] Initializing client
[2026-06-07T07:20:10.977Z] [startup] Client initialized
[2026-06-07T07:20:11.489Z] [startup] On-chain balance: $16.56
[2026-06-07T07:20:11.490Z] [wallet] Init: $16.56
[2026-06-07T07:20:11.490Z] [startup] Min session PnL exit: $10.00
[2026-06-07T07:20:11.490Z] [startup] Loading state from state/early-bird-prod.json
[2026-06-07T07:20:11.605Z] [btc-updown-5m-1780817100] calling venue.initRound
[2026-06-07T07:20:12.355Z] [btc-updown-5m-1780817100] venue.initRound returned metadata
[2026-06-07T07:20:13.145Z] [btc-updown-5m-1780817100] state: INIT → RUNNING
[2026-06-07T07:20:17.981Z] [fair-value] Posting 2 maker-safe orders. Bids: UP=0.4 (EV=0.0147) DOWN=0.51 (EV=0.0753) settlementAnchor=62114.26 predictiveComposite=62114.24
[2026-06-07T07:20:17.988Z] [fair-value] Posting 1 maker-safe orders. Bids: UP=0.4 (EV=0.0147) DOWN=0.51 (EV=0.0753) settlementAnchor=62114.26 predictiveComposite=62114.24
[2026-06-07T07:20:18.619Z] [wallet] lockBuy [btc-updown-5m-1780817100] BUY DOWN @ 0.51: -$3.31 | avail=$13.25
[2026-06-07T07:20:18.735Z] [wallet] lockBuy [btc-updown-5m-1780817100] BUY UP @ 0.4: -$3.31 | avail=$9.93
[2026-06-07T07:20:18.868Z] [fair-value] Replacing UP quote: 0.4 -> 0.42 (P=0.427)
[2026-06-07T07:20:18.869Z] [fair-value] Posting 1 maker-safe orders. Bids: UP=0.42 (EV=0.0074) DOWN=0.51 (EV=0.0626) settlementAnchor=62114.26 predictiveComposite=62114.24
[2026-06-07T07:20:18.869Z] [btc-updown-5m-1780817100] Live placement gated: waiting for 1 cancel(s) to confirm
[2026-06-07T07:20:18.870Z] [fair-value] Replacing UP quote: 0.4 -> 0.42 (P=0.427)
[2026-06-07T07:20:18.870Z] [fair-value] Posting 1 maker-safe orders. Bids: UP=0.42 (EV=0.0074) DOWN=0.51 (EV=0.0626) settlementAnchor=62114.26 predictiveComposite=62114.24
[2026-06-07T07:20:19.124Z] [fair-value] Replacing UP quote: 0.4 -> 0.43 (P=0.438)
[2026-06-07T07:20:19.124Z] [fair-value] Posting 1 maker-safe orders. Bids: UP=0.43 (EV=0.0076) DOWN=0.51 (EV=0.0524) settlementAnchor=62114.26 predictiveComposite=62114.24
[2026-06-07T07:20:19.125Z] [fair-value] Replacing UP quote: 0.4 -> 0.43 (P=0.438)
[2026-06-07T07:20:19.126Z] [fair-value] Posting 1 maker-safe orders. Bids: UP=0.43 (EV=0.0076) DOWN=0.51 (EV=0.0524) settlementAnchor=62114.26 predictiveComposite=62114.24
[2026-06-07T07:20:19.200Z] [fair-value] Replacing UP quote: 0.4 -> 0.43 (P=0.438)
[2026-06-07T07:20:19.201Z] [fair-value] Posting 1 maker-safe orders. Bids: UP=0.43 (EV=0.0076) DOWN=0.51 (EV=0.0524) settlementAnchor=62114.26 predictiveComposite=62114.24
[2026-06-07T07:20:19.206Z] [wallet] unlockBuy [btc-updown-5m-1780817100] BUY UP @ 0.4: +$3.31 | avail=$13.25
[2026-06-07T07:20:19.332Z] [fair-value] Posting 1 maker-safe orders. Bids: UP=0.42 (EV=0.0114) DOWN=0.51 (EV=0.0586) settlementAnchor=62114.26 predictiveComposite=62114.24
[2026-06-07T07:20:19.333Z] [fair-value] Posting 1 maker-safe orders. Bids: UP=0.42 (EV=0.0114) DOWN=0.51 (EV=0.0586) settlementAnchor=62114.26 predictiveComposite=62114.24
[2026-06-07T07:20:19.395Z] [fair-value] Posting 1 maker-safe orders. Bids: UP=0.42 (EV=0.0114) DOWN=0.51 (EV=0.0586) settlementAnchor=62114.26 predictiveComposite=62114.24
[2026-06-07T07:20:19.396Z] [fair-value] Posting 1 maker-safe orders. Bids: UP=0.42 (EV=0.0114) DOWN=0.51 (EV=0.0586) settlementAnchor=62114.26 predictiveComposite=62114.24
[2026-06-07T07:20:19.501Z] [fair-value] Posting 1 maker-safe orders. Bids: UP=0.42 (EV=0.0113) DOWN=0.51 (EV=0.0587) settlementAnchor=62114.26 predictiveComposite=62114.24
[2026-06-07T07:20:19.502Z] [fair-value] Posting 1 maker-safe orders. Bids: UP=0.42 (EV=0.0113) DOWN=0.51 (EV=0.0587) settlementAnchor=62114.26 predictiveComposite=62114.24
[2026-06-07T07:20:20.023Z] [fair-value] Posting 1 maker-safe orders. Bids: UP=0.4 (EV=0.0091) DOWN=0.51 (EV=0.0809) settlementAnchor=62114.26 predictiveComposite=62114.24
[2026-06-07T07:20:20.025Z] [fair-value] Posting 1 maker-safe orders. Bids: UP=0.4 (EV=0.0091) DOWN=0.51 (EV=0.0809) settlementAnchor=62114.26 predictiveComposite=62114.24
[2026-06-07T07:20:20.201Z] [fair-value] Posting 1 maker-safe orders. Bids: UP=0.4 (EV=0.0091) DOWN=0.51 (EV=0.0809) settlementAnchor=62114.26 predictiveComposite=62114.24
[2026-06-07T07:20:20.228Z] [fair-value] Posting 1 maker-safe orders. Bids: UP=0.4 (EV=0.0091) DOWN=0.51 (EV=0.0809) settlementAnchor=62114.26 predictiveComposite=62114.24
[2026-06-07T07:20:20.230Z] [fair-value] Posting 1 maker-safe orders. Bids: UP=0.4 (EV=0.0091) DOWN=0.51 (EV=0.0809) settlementAnchor=62114.26 predictiveComposite=62114.24
[2026-06-07T07:20:20.465Z] [fair-value] Posting 1 maker-safe orders. Bids: UP=0.4 (EV=0.0052) DOWN=0.51 (EV=0.0848) settlementAnchor=62114.26 predictiveComposite=62114.23
[2026-06-07T07:20:20.466Z] [fair-value] Posting 1 maker-safe orders. Bids: UP=0.4 (EV=0.0052) DOWN=0.51 (EV=0.0848) settlementAnchor=62114.26 predictiveComposite=62114.23
[2026-06-07T07:20:20.616Z] [wallet] buyFill(0x1c06475db0d4a9e5c00018e7d974b5b65b0c46c09a2824eab186f3961e94ed04): balance=$13.25, 59550341... shares: 0 + 5.05 = 5.05
[2026-06-07T07:20:20.754Z] [fair-value] Posting 2 maker-safe orders. Bids: UP=0.4 (EV=0.0067) DOWN=0.51 (EV=0.0833) settlementAnchor=62114.26 predictiveComposite=62114.23
[2026-06-07T07:20:20.755Z] [fair-value] Posting 1 maker-safe orders. Bids: UP=0.4 (EV=0.0067) DOWN=0.51 (EV=0.0833) settlementAnchor=62114.26 predictiveComposite=62114.23
[2026-06-07T07:20:21.136Z] [wallet] lockBuy [btc-updown-5m-1780817100] BUY DOWN @ 0.51: -$2.65 | avail=$10.60
[2026-06-07T07:20:21.138Z] [wallet] lockBuy [btc-updown-5m-1780817100] BUY UP @ 0.4: -$2.00 | avail=$8.60
[2026-06-07T07:20:21.241Z] [fair-value] Canceling stale UP quote: 0.4 (Edge: -0.0011 < 0.005)
[2026-06-07T07:20:21.242Z] [fair-value] Posting 1 maker-safe orders. Bids: UP=0.39 (EV=0.0089) DOWN=0.51 (EV=0.0911) settlementAnchor=62114.26 predictiveComposite=62114.23
[2026-06-07T07:20:21.242Z] [btc-updown-5m-1780817100] Live placement gated: waiting for 1 cancel(s) to confirm
[2026-06-07T07:20:21.242Z] [fair-value] Canceling stale UP quote: 0.4 (Edge: -0.0011 < 0.005)
[2026-06-07T07:20:21.243Z] [fair-value] Posting 1 maker-safe orders. Bids: UP=0.39 (EV=0.0089) DOWN=0.51 (EV=0.0911) settlementAnchor=62114.26 predictiveComposite=62114.23
[2026-06-07T07:20:21.393Z] [fair-value] Canceling stale UP quote: 0.4 (Edge: -0.0011 < 0.005)
[2026-06-07T07:20:21.393Z] [fair-value] Posting 1 maker-safe orders. Bids: UP=0.39 (EV=0.0089) DOWN=0.51 (EV=0.0911) settlementAnchor=62114.26 predictiveComposite=62114.23
[2026-06-07T07:20:21.394Z] [fair-value] Canceling stale UP quote: 0.4 (Edge: -0.0011 < 0.005)
[2026-06-07T07:20:21.395Z] [fair-value] Posting 1 maker-safe orders. Bids: UP=0.39 (EV=0.0089) DOWN=0.51 (EV=0.0911) settlementAnchor=62114.26 predictiveComposite=62114.23
[2026-06-07T07:20:21.565Z] [wallet] unlockBuy [btc-updown-5m-1780817100] BUY UP @ 0.4: +$2.00 | avail=$10.60
[2026-06-07T07:20:21.624Z] [fair-value] Posting 1 maker-safe orders. Bids: UP=0.4 (EV=0.0117) DOWN=0.51 (EV=0.0783) settlementAnchor=62114.26 predictiveComposite=62114.23
[2026-06-07T07:20:21.625Z] [fair-value] Posting 1 maker-safe orders. Bids: UP=0.4 (EV=0.0117) DOWN=0.51 (EV=0.0783) settlementAnchor=62114.26 predictiveComposite=62114.23
[2026-06-07T07:20:21.625Z] [fair-value] Posting 1 maker-safe orders. Bids: UP=0.4 (EV=0.0117) DOWN=0.51 (EV=0.0783) settlementAnchor=62114.26 predictiveComposite=62114.23
[2026-06-07T07:20:21.626Z] [fair-value] Posting 1 maker-safe orders. Bids: UP=0.4 (EV=0.0117) DOWN=0.51 (EV=0.0783) settlementAnchor=62114.26 predictiveComposite=62114.23
[2026-06-07T07:20:21.628Z] [fair-value] Posting 1 maker-safe orders. Bids: UP=0.4 (EV=0.0117) DOWN=0.51 (EV=0.0783) settlementAnchor=62114.26 predictiveComposite=62114.23
[2026-06-07T07:20:21.629Z] [fair-value] Posting 1 maker-safe orders. Bids: UP=0.4 (EV=0.0117) DOWN=0.51 (EV=0.0783) settlementAnchor=62114.26 predictiveComposite=62114.23
[2026-06-07T07:20:21.630Z] [fair-value] Posting 1 maker-safe orders. Bids: UP=0.4 (EV=0.0117) DOWN=0.51 (EV=0.0783) settlementAnchor=62114.26 predictiveComposite=62114.23
[2026-06-07T07:20:21.631Z] [fair-value] Posting 1 maker-safe orders. Bids: UP=0.4 (EV=0.0117) DOWN=0.51 (EV=0.0783) settlementAnchor=62114.26 predictiveComposite=62114.23
[2026-06-07T07:20:21.632Z] [fair-value] Canceling stale DOWN quote: 0.51 (Edge: -0.0078 < 0.005)
[2026-06-07T07:20:21.632Z] [fair-value] Posting 2 maker-safe orders. Bids: UP=0.48 (EV=0.0178) DOWN=0.49 (EV=0.0122) settlementAnchor=62114.26 predictiveComposite=62114.25
[2026-06-07T07:20:21.633Z] [fair-value] Canceling stale DOWN quote: 0.51 (Edge: -0.0078 < 0.005)
[2026-06-07T07:20:21.633Z] [fair-value] Posting 2 maker-safe orders. Bids: UP=0.48 (EV=0.0178) DOWN=0.49 (EV=0.0122) settlementAnchor=62114.26 predictiveComposite=62114.25
[2026-06-07T07:20:21.789Z] [fair-value] Canceling stale DOWN quote: 0.51 (Edge: -0.0413 < 0.005)
[2026-06-07T07:20:21.789Z] [fair-value] Posting 2 maker-safe orders. Bids: UP=0.48 (EV=0.0513) DOWN=0.46 (EV=0.0087) settlementAnchor=62114.26 predictiveComposite=62115.46
[2026-06-07T07:20:21.790Z] [fair-value] Canceling stale DOWN quote: 0.51 (Edge: -0.0413 < 0.005)
[2026-06-07T07:20:21.790Z] [fair-value] Posting 2 maker-safe orders. Bids: UP=0.48 (EV=0.0513) DOWN=0.46 (EV=0.0087) settlementAnchor=62114.26 predictiveComposite=62115.46
[2026-06-07T07:20:21.791Z] [fair-value] Canceling stale DOWN quote: 0.51 (Edge: -0.0413 < 0.005)
[2026-06-07T07:20:21.791Z] [fair-value] Posting 2 maker-safe orders. Bids: UP=0.48 (EV=0.0513) DOWN=0.46 (EV=0.0087) settlementAnchor=62114.26 predictiveComposite=62115.46
[2026-06-07T07:20:21.791Z] [fair-value] Canceling stale DOWN quote: 0.51 (Edge: -0.0413 < 0.005)
[2026-06-07T07:20:21.792Z] [fair-value] Posting 2 maker-safe orders. Bids: UP=0.48 (EV=0.0513) DOWN=0.46 (EV=0.0087) settlementAnchor=62114.26 predictiveComposite=62115.46
[2026-06-07T07:20:21.966Z] [wallet] unlockBuy [btc-updown-5m-1780817100] BUY DOWN @ 0.51: +$2.65 | avail=$13.25
[2026-06-07T07:20:21.969Z] [fair-value] Posting 2 maker-safe orders. Bids: UP=0.48 (EV=0.0648) DOWN=0.44 (EV=0.0152) settlementAnchor=62114.26 predictiveComposite=62116.62
[2026-06-07T07:20:21.970Z] [fair-value] Posting 1 maker-safe orders. Bids: UP=0.48 (EV=0.0648) DOWN=0.44 (EV=0.0152) settlementAnchor=62114.26 predictiveComposite=62116.62
[2026-06-07T07:20:22.330Z] [wallet] lockBuy [btc-updown-5m-1780817100] BUY UP @ 0.48: -$2.65 | avail=$10.60
[2026-06-07T07:20:22.346Z] [wallet] lockBuy [btc-updown-5m-1780817100] BUY DOWN @ 0.44: -$2.65 | avail=$7.95
[2026-06-07T07:20:24.079Z] [fair-value] Canceling stale DOWN quote: 0.44 (Edge: 0.0008 < 0.005)
[2026-06-07T07:20:24.079Z] [fair-value] Posting 1 maker-safe orders. Bids: UP=0.48 (EV=0.0792) DOWN=0.43 (EV=0.0108) settlementAnchor=62114.26 predictiveComposite=62116.93
[2026-06-07T07:20:24.080Z] [btc-updown-5m-1780817100] Live placement gated: waiting for 1 cancel(s) to confirm
[2026-06-07T07:20:24.080Z] [fair-value] Canceling stale DOWN quote: 0.44 (Edge: 0.0008 < 0.005)
[2026-06-07T07:20:24.080Z] [fair-value] Posting 1 maker-safe orders. Bids: UP=0.48 (EV=0.0792) DOWN=0.43 (EV=0.0108) settlementAnchor=62114.26 predictiveComposite=62116.93
[2026-06-07T07:20:24.081Z] [fair-value] Canceling stale DOWN quote: 0.44 (Edge: 0.0009 < 0.005)
[2026-06-07T07:20:24.081Z] [fair-value] Posting 1 maker-safe orders. Bids: UP=0.48 (EV=0.0791) DOWN=0.43 (EV=0.0109) settlementAnchor=62114.26 predictiveComposite=62116.93
[2026-06-07T07:20:24.081Z] [fair-value] Canceling stale DOWN quote: 0.44 (Edge: 0.0009 < 0.005)
[2026-06-07T07:20:24.082Z] [fair-value] Posting 1 maker-safe orders. Bids: UP=0.48 (EV=0.0791) DOWN=0.43 (EV=0.0109) settlementAnchor=62114.26 predictiveComposite=62116.93
[2026-06-07T07:20:24.082Z] [fair-value] Canceling stale DOWN quote: 0.44 (Edge: -0.0348 < 0.005)
[2026-06-07T07:20:24.083Z] [fair-value] Posting 1 maker-safe orders. Bids: UP=0.48 (EV=0.1148) DOWN=0.39 (EV=0.0152) settlementAnchor=62114.26 predictiveComposite=62116.93
[2026-06-07T07:20:24.083Z] [fair-value] Canceling stale DOWN quote: 0.44 (Edge: -0.0348 < 0.005)
[2026-06-07T07:20:24.084Z] [fair-value] Posting 1 maker-safe orders. Bids: UP=0.48 (EV=0.1148) DOWN=0.39 (EV=0.0152) settlementAnchor=62114.26 predictiveComposite=62116.93
[2026-06-07T07:20:24.085Z] [fair-value] Replacing DOWN quote: 0.44 -> 0.46
[2026-06-07T07:20:24.085Z] [fair-value] Posting 1 maker-safe orders. Bids: UP=0.48 (EV=0.0534) DOWN=0.46 (EV=0.0066) settlementAnchor=62114.26 predictiveComposite=62116.62
[2026-06-07T07:20:24.086Z] [fair-value] Replacing DOWN quote: 0.44 -> 0.46
[2026-06-07T07:20:24.087Z] [fair-value] Posting 1 maker-safe orders. Bids: UP=0.48 (EV=0.0534) DOWN=0.46 (EV=0.0066) settlementAnchor=62114.26 predictiveComposite=62116.62
[2026-06-07T07:20:24.088Z] [fair-value] Replacing DOWN quote: 0.44 -> 0.48
[2026-06-07T07:20:24.088Z] [fair-value] Posting 1 maker-safe orders. Bids: UP=0.48 (EV=0.0256) DOWN=0.48 (EV=0.0144) settlementAnchor=62114.26 predictiveComposite=62115.37
[2026-06-07T07:20:24.089Z] [fair-value] Replacing DOWN quote: 0.44 -> 0.48
[2026-06-07T07:20:24.089Z] [fair-value] Posting 1 maker-safe orders. Bids: UP=0.48 (EV=0.0256) DOWN=0.48 (EV=0.0144) settlementAnchor=62114.26 predictiveComposite=62115.37
[2026-06-07T07:20:24.240Z] [fair-value] Replacing DOWN quote: 0.44 -> 0.48
[2026-06-07T07:20:24.241Z] [fair-value] Posting 1 maker-safe orders. Bids: UP=0.48 (EV=0.0256) DOWN=0.48 (EV=0.0144) settlementAnchor=62114.26 predictiveComposite=62115.37
[2026-06-07T07:20:24.251Z] [wallet] unlockBuy [btc-updown-5m-1780817100] BUY DOWN @ 0.44: +$2.65 | avail=$10.60
[2026-06-07T07:20:24.394Z] [fair-value] Posting 1 maker-safe orders. Bids: UP=0.48 (EV=0.0256) DOWN=0.48 (EV=0.0144) settlementAnchor=62114.26 predictiveComposite=62115.37
[2026-06-07T07:20:24.395Z] [fair-value] Posting 1 maker-safe orders. Bids: UP=0.48 (EV=0.0256) DOWN=0.48 (EV=0.0144) settlementAnchor=62114.26 predictiveComposite=62115.37
[2026-06-07T07:20:24.435Z] [fair-value] Posting 1 maker-safe orders. Bids: UP=0.48 (EV=0.0220) DOWN=0.48 (EV=0.0180) settlementAnchor=62114.26 predictiveComposite=62114.23
[2026-06-07T07:20:24.436Z] [fair-value] Posting 1 maker-safe orders. Bids: UP=0.48 (EV=0.0220) DOWN=0.48 (EV=0.0180) settlementAnchor=62114.26 predictiveComposite=62114.23
[2026-06-07T07:20:24.437Z] [fair-value] Posting 1 maker-safe orders. Bids: UP=0.48 (EV=0.0220) DOWN=0.48 (EV=0.0180) settlementAnchor=62114.26 predictiveComposite=62114.23
[2026-06-07T07:20:24.437Z] [fair-value] Posting 1 maker-safe orders. Bids: UP=0.48 (EV=0.0220) DOWN=0.48 (EV=0.0180) settlementAnchor=62114.26 predictiveComposite=62114.23
[2026-06-07T07:20:24.439Z] [fair-value] Posting 1 maker-safe orders. Bids: UP=0.48 (EV=0.0220) DOWN=0.48 (EV=0.0180) settlementAnchor=62114.26 predictiveComposite=62114.23
[2026-06-07T07:20:24.440Z] [fair-value] Posting 1 maker-safe orders. Bids: UP=0.48 (EV=0.0220) DOWN=0.48 (EV=0.0180) settlementAnchor=62114.26 predictiveComposite=62114.23
[2026-06-07T07:20:24.441Z] [fair-value] Posting 1 maker-safe orders. Bids: UP=0.48 (EV=0.0220) DOWN=0.48 (EV=0.0180) settlementAnchor=62114.26 predictiveComposite=62114.23
[2026-06-07T07:20:24.442Z] [fair-value] Posting 1 maker-safe orders. Bids: UP=0.48 (EV=0.0220) DOWN=0.48 (EV=0.0180) settlementAnchor=62114.26 predictiveComposite=62114.23
[2026-06-07T07:20:24.569Z] [fair-value] Posting 1 maker-safe orders. Bids: UP=0.48 (EV=0.0220) DOWN=0.48 (EV=0.0180) settlementAnchor=62114.26 predictiveComposite=62114.22
[2026-06-07T07:20:24.570Z] [fair-value] Posting 1 maker-safe orders. Bids: UP=0.48 (EV=0.0220) DOWN=0.48 (EV=0.0180) settlementAnchor=62114.26 predictiveComposite=62114.22
[2026-06-07T07:20:24.571Z] [fair-value] Posting 1 maker-safe orders. Bids: UP=0.48 (EV=0.0220) DOWN=0.48 (EV=0.0180) settlementAnchor=62114.26 predictiveComposite=62114.22
[2026-06-07T07:20:24.572Z] [fair-value] Posting 1 maker-safe orders. Bids: UP=0.48 (EV=0.0220) DOWN=0.48 (EV=0.0180) settlementAnchor=62114.26 predictiveComposite=62114.22
[2026-06-07T07:20:24.572Z] [fair-value] Posting 1 maker-safe orders. Bids: UP=0.48 (EV=0.0220) DOWN=0.48 (EV=0.0180) settlementAnchor=62114.26 predictiveComposite=62114.22
[2026-06-07T07:20:24.573Z] [fair-value] Posting 1 maker-safe orders. Bids: UP=0.48 (EV=0.0220) DOWN=0.48 (EV=0.0180) settlementAnchor=62114.26 predictiveComposite=62114.22
[2026-06-07T07:20:24.574Z] [fair-value] Posting 1 maker-safe orders. Bids: UP=0.48 (EV=0.0220) DOWN=0.48 (EV=0.0180) settlementAnchor=62114.26 predictiveComposite=62114.22
[2026-06-07T07:20:24.575Z] [fair-value] Posting 1 maker-safe orders. Bids: UP=0.48 (EV=0.0220) DOWN=0.48 (EV=0.0180) settlementAnchor=62114.26 predictiveComposite=62114.22
[2026-06-07T07:20:24.600Z] [fair-value] Posting 1 maker-safe orders. Bids: UP=0.48 (EV=0.0192) DOWN=0.49 (EV=0.0108) settlementAnchor=62114.26 predictiveComposite=62113.28
[2026-06-07T07:20:24.601Z] [fair-value] Posting 1 maker-safe orders. Bids: UP=0.48 (EV=0.0192) DOWN=0.49 (EV=0.0108) settlementAnchor=62114.26 predictiveComposite=62113.28
[2026-06-07T07:20:24.890Z] [fair-value] Posting 1 maker-safe orders. Bids: UP=0.48 (EV=0.0192) DOWN=0.49 (EV=0.0108) settlementAnchor=62114.26 predictiveComposite=62113.28
[2026-06-07T07:20:24.890Z] [fair-value] Posting 1 maker-safe orders. Bids: UP=0.48 (EV=0.0192) DOWN=0.49 (EV=0.0108) settlementAnchor=62114.26 predictiveComposite=62113.28
[2026-06-07T07:20:25.240Z] [fair-value] Posting 1 maker-safe orders. Bids: UP=0.48 (EV=0.0191) DOWN=0.49 (EV=0.0109) settlementAnchor=62114.26 predictiveComposite=62113.28
[2026-06-07T07:20:25.390Z] [fair-value] Posting 1 maker-safe orders. Bids: UP=0.48 (EV=0.0174) DOWN=0.49 (EV=0.0126) settlementAnchor=62114.26 predictiveComposite=62112.69
[2026-06-07T07:20:25.391Z] [fair-value] Posting 1 maker-safe orders. Bids: UP=0.48 (EV=0.0174) DOWN=0.49 (EV=0.0126) settlementAnchor=62114.26 predictiveComposite=62112.69
[2026-06-07T07:20:25.563Z] [fair-value] Posting 1 maker-safe orders. Bids: UP=0.48 (EV=0.0174) DOWN=0.49 (EV=0.0126) settlementAnchor=62114.26 predictiveComposite=62112.69
[2026-06-07T07:20:25.563Z] [fair-value] Posting 1 maker-safe orders. Bids: UP=0.48 (EV=0.0174) DOWN=0.49 (EV=0.0126) settlementAnchor=62114.26 predictiveComposite=62112.69
[2026-06-07T07:20:25.743Z] [fair-value] Posting 1 maker-safe orders. Bids: UP=0.48 (EV=0.0174) DOWN=0.49 (EV=0.0126) settlementAnchor=62114.26 predictiveComposite=62112.69
[2026-06-07T07:20:25.744Z] [fair-value] Posting 1 maker-safe orders. Bids: UP=0.48 (EV=0.0174) DOWN=0.49 (EV=0.0126) settlementAnchor=62114.26 predictiveComposite=62112.69
[2026-06-07T07:20:25.744Z] [fair-value] Posting 1 maker-safe orders. Bids: UP=0.48 (EV=0.0174) DOWN=0.49 (EV=0.0126) settlementAnchor=62114.26 predictiveComposite=62112.69
[2026-06-07T07:20:25.745Z] [fair-value] Posting 1 maker-safe orders. Bids: UP=0.48 (EV=0.0174) DOWN=0.49 (EV=0.0126) settlementAnchor=62114.26 predictiveComposite=62112.69
[2026-06-07T07:20:25.745Z] [fair-value] Posting 1 maker-safe orders. Bids: UP=0.48 (EV=0.0174) DOWN=0.49 (EV=0.0126) settlementAnchor=62114.26 predictiveComposite=62112.69
[2026-06-07T07:20:25.746Z] [fair-value] Posting 1 maker-safe orders. Bids: UP=0.48 (EV=0.0174) DOWN=0.49 (EV=0.0126) settlementAnchor=62114.26 predictiveComposite=62112.69
[2026-06-07T07:20:25.746Z] [fair-value] Posting 1 maker-safe orders. Bids: UP=0.48 (EV=0.0174) DOWN=0.49 (EV=0.0126) settlementAnchor=62114.26 predictiveComposite=62112.69
[2026-06-07T07:20:25.747Z] [fair-value] Posting 1 maker-safe orders. Bids: UP=0.48 (EV=0.0174) DOWN=0.49 (EV=0.0126) settlementAnchor=62114.26 predictiveComposite=62112.69
[2026-06-07T07:20:25.908Z] [fair-value] Posting 1 maker-safe orders. Bids: UP=0.48 (EV=0.0174) DOWN=0.49 (EV=0.0126) settlementAnchor=62114.26 predictiveComposite=62112.70
[2026-06-07T07:20:25.908Z] [fair-value] Posting 1 maker-safe orders. Bids: UP=0.48 (EV=0.0174) DOWN=0.49 (EV=0.0126) settlementAnchor=62114.26 predictiveComposite=62112.70
[2026-06-07T07:20:25.909Z] [fair-value] Posting 1 maker-safe orders. Bids: UP=0.48 (EV=0.0173) DOWN=0.49 (EV=0.0127) settlementAnchor=62114.26 predictiveComposite=62112.70
[2026-06-07T07:20:25.910Z] [fair-value] Posting 1 maker-safe orders. Bids: UP=0.48 (EV=0.0173) DOWN=0.49 (EV=0.0127) settlementAnchor=62114.26 predictiveComposite=62112.70
[2026-06-07T07:20:25.911Z] [fair-value] Posting 1 maker-safe orders. Bids: UP=0.48 (EV=0.0080) DOWN=0.5 (EV=0.0120) settlementAnchor=62114.26 predictiveComposite=62112.70
[2026-06-07T07:20:25.912Z] [fair-value] Posting 1 maker-safe orders. Bids: UP=0.48 (EV=0.0080) DOWN=0.5 (EV=0.0120) settlementAnchor=62114.26 predictiveComposite=62112.70
[2026-06-07T07:20:25.912Z] [fair-value] Posting 1 maker-safe orders. Bids: UP=0.48 (EV=0.0080) DOWN=0.5 (EV=0.0120) settlementAnchor=62114.26 predictiveComposite=62112.70
[2026-06-07T07:20:25.913Z] [fair-value] Posting 1 maker-safe orders. Bids: UP=0.48 (EV=0.0080) DOWN=0.5 (EV=0.0120) settlementAnchor=62114.26 predictiveComposite=62112.70
[2026-06-07T07:20:25.913Z] [fair-value] Canceling stale UP quote: 0.48 (Edge: 0.0026 < 0.005)
[2026-06-07T07:20:25.913Z] [fair-value] Posting 2 maker-safe orders. Bids: UP=0.47 (EV=0.0126) DOWN=0.51 (EV=0.0074) settlementAnchor=62114.26 predictiveComposite=62112.70
[2026-06-07T07:20:25.914Z] [btc-updown-5m-1780817100] Live placement gated: waiting for 1 cancel(s) to confirm
[2026-06-07T07:20:25.914Z] [fair-value] Canceling stale UP quote: 0.48 (Edge: 0.0026 < 0.005)
[2026-06-07T07:20:25.914Z] [fair-value] Posting 2 maker-safe orders. Bids: UP=0.47 (EV=0.0126) DOWN=0.51 (EV=0.0074) settlementAnchor=62114.26 predictiveComposite=62112.70
[2026-06-07T07:20:25.915Z] [fair-value] Canceling stale UP quote: 0.48 (Edge: 0.0026 < 0.005)
[2026-06-07T07:20:25.916Z] [fair-value] Posting 2 maker-safe orders. Bids: UP=0.47 (EV=0.0126) DOWN=0.51 (EV=0.0074) settlementAnchor=62114.26 predictiveComposite=62112.70
[2026-06-07T07:20:25.916Z] [fair-value] Canceling stale UP quote: 0.48 (Edge: 0.0026 < 0.005)
[2026-06-07T07:20:25.917Z] [fair-value] Posting 2 maker-safe orders. Bids: UP=0.47 (EV=0.0126) DOWN=0.51 (EV=0.0074) settlementAnchor=62114.26 predictiveComposite=62112.70
[2026-06-07T07:20:25.917Z] [fair-value] Canceling stale UP quote: 0.48 (Edge: 0.0026 < 0.005)
[2026-06-07T07:20:25.918Z] [fair-value] Posting 2 maker-safe orders. Bids: UP=0.47 (EV=0.0126) DOWN=0.51 (EV=0.0074) settlementAnchor=62114.26 predictiveComposite=62112.70
[2026-06-07T07:20:25.918Z] [fair-value] Canceling stale UP quote: 0.48 (Edge: 0.0026 < 0.005)
[2026-06-07T07:20:25.918Z] [fair-value] Posting 2 maker-safe orders. Bids: UP=0.47 (EV=0.0126) DOWN=0.51 (EV=0.0074) settlementAnchor=62114.26 predictiveComposite=62112.70
[2026-06-07T07:20:25.919Z] [fair-value] Canceling stale UP quote: 0.48 (Edge: 0.0026 < 0.005)
[2026-06-07T07:20:25.919Z] [fair-value] Posting 2 maker-safe orders. Bids: UP=0.47 (EV=0.0126) DOWN=0.51 (EV=0.0074) settlementAnchor=62114.26 predictiveComposite=62112.70
[2026-06-07T07:20:25.920Z] [fair-value] Canceling stale UP quote: 0.48 (Edge: 0.0026 < 0.005)
[2026-06-07T07:20:25.920Z] [fair-value] Posting 2 maker-safe orders. Bids: UP=0.47 (EV=0.0126) DOWN=0.51 (EV=0.0074) settlementAnchor=62114.26 predictiveComposite=62112.70
[2026-06-07T07:20:26.084Z] [fair-value] Canceling stale UP quote: 0.48 (Edge: 0.0026 < 0.005)
[2026-06-07T07:20:26.085Z] [fair-value] Posting 2 maker-safe orders. Bids: UP=0.47 (EV=0.0126) DOWN=0.51 (EV=0.0074) settlementAnchor=62114.26 predictiveComposite=62112.70
[2026-06-07T07:20:26.085Z] [fair-value] Canceling stale UP quote: 0.48 (Edge: 0.0026 < 0.005)
[2026-06-07T07:20:26.086Z] [fair-value] Posting 2 maker-safe orders. Bids: UP=0.47 (EV=0.0126) DOWN=0.51 (EV=0.0074) settlementAnchor=62114.26 predictiveComposite=62112.70
[2026-06-07T07:20:26.135Z] [fair-value] Canceling stale UP quote: 0.48 (Edge: 0.0025 < 0.005)
[2026-06-07T07:20:26.135Z] [fair-value] Posting 2 maker-safe orders. Bids: UP=0.47 (EV=0.0125) DOWN=0.51 (EV=0.0075) settlementAnchor=62114.26 predictiveComposite=62112.69
[2026-06-07T07:20:26.135Z] [fair-value] Canceling stale UP quote: 0.48 (Edge: 0.0025 < 0.005)
[2026-06-07T07:20:26.135Z] [fair-value] Posting 2 maker-safe orders. Bids: UP=0.47 (EV=0.0125) DOWN=0.51 (EV=0.0075) settlementAnchor=62114.26 predictiveComposite=62112.69
[2026-06-07T07:20:26.136Z] [fair-value] Canceling stale UP quote: 0.48 (Edge: 0.0025 < 0.005)
[2026-06-07T07:20:26.136Z] [fair-value] Posting 2 maker-safe orders. Bids: UP=0.47 (EV=0.0125) DOWN=0.51 (EV=0.0075) settlementAnchor=62114.26 predictiveComposite=62112.69
[2026-06-07T07:20:26.137Z] [fair-value] Canceling stale UP quote: 0.48 (Edge: 0.0025 < 0.005)
[2026-06-07T07:20:26.137Z] [fair-value] Posting 2 maker-safe orders. Bids: UP=0.47 (EV=0.0125) DOWN=0.51 (EV=0.0075) settlementAnchor=62114.26 predictiveComposite=62112.69
[2026-06-07T07:20:26.137Z] [fair-value] Canceling stale UP quote: 0.48 (Edge: 0.0025 < 0.005)
[2026-06-07T07:20:26.138Z] [fair-value] Posting 2 maker-safe orders. Bids: UP=0.47 (EV=0.0125) DOWN=0.51 (EV=0.0075) settlementAnchor=62114.26 predictiveComposite=62112.69
[2026-06-07T07:20:26.139Z] [fair-value] Canceling stale UP quote: 0.48 (Edge: 0.0025 < 0.005)
[2026-06-07T07:20:26.139Z] [fair-value] Posting 2 maker-safe orders. Bids: UP=0.47 (EV=0.0125) DOWN=0.51 (EV=0.0075) settlementAnchor=62114.26 predictiveComposite=62112.69
[2026-06-07T07:20:26.140Z] [fair-value] Canceling stale UP quote: 0.48 (Edge: -0.1154 < 0.005)
[2026-06-07T07:20:26.140Z] [fair-value] Posting 2 maker-safe orders. Bids: UP=0.35 (EV=0.0146) DOWN=0.51 (EV=0.1254) settlementAnchor=62114.26 predictiveComposite=62112.69
[2026-06-07T07:20:26.141Z] [fair-value] Canceling stale UP quote: 0.48 (Edge: -0.1154 < 0.005)
[2026-06-07T07:20:26.141Z] [fair-value] Posting 2 maker-safe orders. Bids: UP=0.35 (EV=0.0146) DOWN=0.51 (EV=0.1254) settlementAnchor=62114.26 predictiveComposite=62112.69
[2026-06-07T07:20:26.142Z] [fair-value] Canceling stale UP quote: 0.48 (Edge: -0.1153 < 0.005)
[2026-06-07T07:20:26.142Z] [fair-value] Posting 2 maker-safe orders. Bids: UP=0.35 (EV=0.0147) DOWN=0.51 (EV=0.1253) settlementAnchor=62114.26 predictiveComposite=62112.69
[2026-06-07T07:20:26.142Z] [fair-value] Canceling stale UP quote: 0.48 (Edge: -0.1153 < 0.005)
[2026-06-07T07:20:26.143Z] [fair-value] Posting 2 maker-safe orders. Bids: UP=0.35 (EV=0.0147) DOWN=0.51 (EV=0.1253) settlementAnchor=62114.26 predictiveComposite=62112.69
[2026-06-07T07:20:26.143Z] [fair-value] Posting 1 maker-safe orders. Bids: UP=0.48 (EV=0.0157) DOWN=0.49 (EV=0.0143) settlementAnchor=62114.26 predictiveComposite=62111.75
[2026-06-07T07:20:26.144Z] [fair-value] Posting 1 maker-safe orders. Bids: UP=0.48 (EV=0.0157) DOWN=0.49 (EV=0.0143) settlementAnchor=62114.26 predictiveComposite=62111.75
[2026-06-07T07:20:26.144Z] [fair-value] Posting 1 maker-safe orders. Bids: UP=0.48 (EV=0.0153) DOWN=0.49 (EV=0.0147) settlementAnchor=62114.26 predictiveComposite=62111.25
[2026-06-07T07:20:26.145Z] [fair-value] Posting 1 maker-safe orders. Bids: UP=0.48 (EV=0.0153) DOWN=0.49 (EV=0.0147) settlementAnchor=62114.26 predictiveComposite=62111.25
[2026-06-07T07:20:26.145Z] [fair-value] Posting 1 maker-safe orders. Bids: UP=0.48 (EV=0.0149) DOWN=0.49 (EV=0.0151) settlementAnchor=62114.26 predictiveComposite=62111.03
[2026-06-07T07:20:26.146Z] [fair-value] Posting 1 maker-safe orders. Bids: UP=0.48 (EV=0.0149) DOWN=0.49 (EV=0.0151) settlementAnchor=62114.26 predictiveComposite=62111.03
[2026-06-07T07:20:26.146Z] [fair-value] Posting 1 maker-safe orders. Bids: UP=0.48 (EV=0.0146) DOWN=0.49 (EV=0.0154) settlementAnchor=62114.26 predictiveComposite=62110.82
[2026-06-07T07:20:26.147Z] [fair-value] Posting 1 maker-safe orders. Bids: UP=0.48 (EV=0.0146) DOWN=0.49 (EV=0.0154) settlementAnchor=62114.26 predictiveComposite=62110.82
[2026-06-07T07:20:26.147Z] [fair-value] Posting 1 maker-safe orders. Bids: UP=0.48 (EV=0.0144) DOWN=0.49 (EV=0.0156) settlementAnchor=62114.26 predictiveComposite=62110.72
[2026-06-07T07:20:26.148Z] [fair-value] Posting 1 maker-safe orders. Bids: UP=0.48 (EV=0.0144) DOWN=0.49 (EV=0.0156) settlementAnchor=62114.26 predictiveComposite=62110.72
[2026-06-07T07:20:26.148Z] [fair-value] Posting 1 maker-safe orders. Bids: UP=0.48 (EV=0.0142) DOWN=0.49 (EV=0.0158) settlementAnchor=62114.26 predictiveComposite=62110.07
[2026-06-07T07:20:26.149Z] [fair-value] Posting 1 maker-safe orders. Bids: UP=0.48 (EV=0.0142) DOWN=0.49 (EV=0.0158) settlementAnchor=62114.26 predictiveComposite=62110.07
[2026-06-07T07:20:26.149Z] [fair-value] Posting 1 maker-safe orders. Bids: UP=0.48 (EV=0.0140) DOWN=0.49 (EV=0.0160) settlementAnchor=62114.26 predictiveComposite=62110.00
[2026-06-07T07:20:26.150Z] [fair-value] Posting 1 maker-safe orders. Bids: UP=0.48 (EV=0.0140) DOWN=0.49 (EV=0.0160) settlementAnchor=62114.26 predictiveComposite=62110.00
[2026-06-07T07:20:26.150Z] [fair-value] Posting 1 maker-safe orders. Bids: UP=0.48 (EV=0.0140) DOWN=0.49 (EV=0.0160) settlementAnchor=62114.26 predictiveComposite=62110.00
[2026-06-07T07:20:26.151Z] [fair-value] Posting 1 maker-safe orders. Bids: UP=0.48 (EV=0.0140) DOWN=0.49 (EV=0.0160) settlementAnchor=62114.26 predictiveComposite=62110.00
[2026-06-07T07:20:26.151Z] [fair-value] Posting 1 maker-safe orders. Bids: UP=0.48 (EV=0.0139) DOWN=0.49 (EV=0.0161) settlementAnchor=62114.26 predictiveComposite=62109.88
[2026-06-07T07:20:26.152Z] [fair-value] Posting 1 maker-safe orders. Bids: UP=0.48 (EV=0.0139) DOWN=0.49 (EV=0.0161) settlementAnchor=62114.26 predictiveComposite=62109.88
[2026-06-07T07:20:26.152Z] [fair-value] Posting 1 maker-safe orders. Bids: UP=0.48 (EV=0.0137) DOWN=0.49 (EV=0.0163) settlementAnchor=62114.26 predictiveComposite=62109.75
[2026-06-07T07:20:26.153Z] [fair-value] Posting 1 maker-safe orders. Bids: UP=0.48 (EV=0.0137) DOWN=0.49 (EV=0.0163) settlementAnchor=62114.26 predictiveComposite=62109.75
[2026-06-07T07:20:26.228Z] [fair-value] Posting 1 maker-safe orders. Bids: UP=0.48 (EV=0.0156) DOWN=0.49 (EV=0.0144) settlementAnchor=62114.26 predictiveComposite=62110.82
[2026-06-07T07:20:26.228Z] [fair-value] Posting 1 maker-safe orders. Bids: UP=0.48 (EV=0.0156) DOWN=0.49 (EV=0.0144) settlementAnchor=62114.26 predictiveComposite=62110.82
[2026-06-07T07:20:26.229Z] [fair-value] Posting 1 maker-safe orders. Bids: UP=0.48 (EV=0.0156) DOWN=0.49 (EV=0.0144) settlementAnchor=62114.26 predictiveComposite=62110.82
[2026-06-07T07:20:26.230Z] [fair-value] Posting 1 maker-safe orders. Bids: UP=0.48 (EV=0.0156) DOWN=0.49 (EV=0.0144) settlementAnchor=62114.26 predictiveComposite=62110.82
[2026-06-07T07:20:26.241Z] [wallet] unlockBuy [btc-updown-5m-1780817100] BUY UP @ 0.48: +$2.65 | avail=$13.25
[2026-06-07T07:20:26.244Z] [fair-value] Posting 2 maker-safe orders. Bids: UP=0.48 (EV=0.0156) DOWN=0.49 (EV=0.0144) settlementAnchor=62114.26 predictiveComposite=62110.82
[2026-06-07T07:20:26.394Z] [fair-value] Posting 1 maker-safe orders. Bids: UP=0.46 (EV=0.0221) DOWN=0.5 (EV=0.0179) settlementAnchor=62114.26 predictiveComposite=62101.93
[2026-06-07T07:20:26.579Z] [wallet] lockBuy [btc-updown-5m-1780817100] BUY UP @ 0.48: -$2.65 | avail=$10.60
[2026-06-07T07:20:26.609Z] [fair-value] Canceling stale UP quote: 0.48 (Edge: 0.0021 < 0.005)
[2026-06-07T07:20:26.609Z] [fair-value] Posting 1 maker-safe orders. Bids: UP=0.46 (EV=0.0221) DOWN=0.5 (EV=0.0179) settlementAnchor=62114.26 predictiveComposite=62101.93
[2026-06-07T07:20:26.609Z] [fair-value] Canceling stale UP quote: 0.48 (Edge: 0.0021 < 0.005)
[2026-06-07T07:20:26.610Z] [fair-value] Posting 1 maker-safe orders. Bids: UP=0.46 (EV=0.0221) DOWN=0.5 (EV=0.0179) settlementAnchor=62114.26 predictiveComposite=62101.93
[2026-06-07T07:20:26.798Z] [wallet] lockBuy [btc-updown-5m-1780817100] BUY DOWN @ 0.5: -$2.50 | avail=$8.10
[2026-06-07T07:20:26.933Z] [wallet] unlockBuy [btc-updown-5m-1780817100] BUY UP @ 0.48: +$2.65 | avail=$10.75
[2026-06-07T07:20:27.252Z] [fair-value] Posting 1 maker-safe orders. Bids: UP=0.46 (EV=0.0221) DOWN=0.5 (EV=0.0179) settlementAnchor=62114.26 predictiveComposite=62101.93
[2026-06-07T07:20:27.307Z] [fair-value] Posting 1 maker-safe orders. Bids: UP=0.46 (EV=0.0221) DOWN=0.5 (EV=0.0179) settlementAnchor=62114.26 predictiveComposite=62101.93
[2026-06-07T07:20:27.307Z] [fair-value] Posting 1 maker-safe orders. Bids: UP=0.46 (EV=0.0221) DOWN=0.5 (EV=0.0179) settlementAnchor=62114.26 predictiveComposite=62101.93
[2026-06-07T07:20:27.395Z] [fair-value] Posting 1 maker-safe orders. Bids: UP=0.48 (EV=0.0143) DOWN=0.49 (EV=0.0157) settlementAnchor=62114.26 predictiveComposite=62109.07
[2026-06-07T07:20:27.396Z] [fair-value] Posting 1 maker-safe orders. Bids: UP=0.48 (EV=0.0143) DOWN=0.49 (EV=0.0157) settlementAnchor=62114.26 predictiveComposite=62109.07
[2026-06-07T07:20:27.478Z] [fair-value] Canceling stale DOWN quote: 0.5 (Edge: 0.0047 < 0.005)
[2026-06-07T07:20:27.479Z] [fair-value] Posting 2 maker-safe orders. Bids: UP=0.48 (EV=0.0153) DOWN=0.49 (EV=0.0147) settlementAnchor=62114.26 predictiveComposite=62109.81
[2026-06-07T07:20:27.479Z] [btc-updown-5m-1780817100] Live placement gated: waiting for 1 cancel(s) to confirm
[2026-06-07T07:20:27.479Z] [fair-value] Canceling stale DOWN quote: 0.5 (Edge: 0.0047 < 0.005)
[2026-06-07T07:20:27.479Z] [fair-value] Posting 2 maker-safe orders. Bids: UP=0.48 (EV=0.0153) DOWN=0.49 (EV=0.0147) settlementAnchor=62114.26 predictiveComposite=62109.81
[2026-06-07T07:20:27.480Z] [fair-value] Canceling stale DOWN quote: 0.5 (Edge: 0.0047 < 0.005)
[2026-06-07T07:20:27.480Z] [fair-value] Posting 2 maker-safe orders. Bids: UP=0.48 (EV=0.0153) DOWN=0.49 (EV=0.0147) settlementAnchor=62114.26 predictiveComposite=62109.81
[2026-06-07T07:20:27.481Z] [fair-value] Canceling stale DOWN quote: 0.5 (Edge: 0.0047 < 0.005)
[2026-06-07T07:20:27.481Z] [fair-value] Posting 2 maker-safe orders. Bids: UP=0.48 (EV=0.0153) DOWN=0.49 (EV=0.0147) settlementAnchor=62114.26 predictiveComposite=62109.81
[2026-06-07T07:20:27.482Z] [fair-value] Canceling stale DOWN quote: 0.5 (Edge: 0.0047 < 0.005)
[2026-06-07T07:20:27.482Z] [fair-value] Posting 2 maker-safe orders. Bids: UP=0.48 (EV=0.0153) DOWN=0.49 (EV=0.0147) settlementAnchor=62114.26 predictiveComposite=62109.81
[2026-06-07T07:20:27.482Z] [fair-value] Canceling stale DOWN quote: 0.5 (Edge: 0.0047 < 0.005)
[2026-06-07T07:20:27.483Z] [fair-value] Posting 2 maker-safe orders. Bids: UP=0.48 (EV=0.0153) DOWN=0.49 (EV=0.0147) settlementAnchor=62114.26 predictiveComposite=62109.81
[2026-06-07T07:20:27.650Z] [fair-value] Canceling stale DOWN quote: 0.5 (Edge: 0.0031 < 0.005)
[2026-06-07T07:20:27.650Z] [fair-value] Posting 2 maker-safe orders. Bids: UP=0.48 (EV=0.0169) DOWN=0.48 (EV=0.0231) settlementAnchor=62114.26 predictiveComposite=62110.96
[2026-06-07T07:20:27.650Z] [fair-value] Canceling stale DOWN quote: 0.5 (Edge: 0.0031 < 0.005)
[2026-06-07T07:20:27.651Z] [fair-value] Posting 2 maker-safe orders. Bids: UP=0.48 (EV=0.0169) DOWN=0.48 (EV=0.0231) settlementAnchor=62114.26 predictiveComposite=62110.96
[2026-06-07T07:20:27.811Z] [wallet] unlockBuy [btc-updown-5m-1780817100] BUY DOWN @ 0.5: +$2.50 | avail=$13.25
[2026-06-07T07:20:28.061Z] [fair-value] Posting 2 maker-safe orders. Bids: UP=0.48 (EV=0.0161) DOWN=0.49 (EV=0.0139) settlementAnchor=62114.26 predictiveComposite=62110.96
[2026-06-07T07:20:28.064Z] [fair-value] Posting 1 maker-safe orders. Bids: UP=0.48 (EV=0.0161) DOWN=0.49 (EV=0.0139) settlementAnchor=62114.26 predictiveComposite=62110.96
[2026-06-07T07:20:28.430Z] [wallet] lockBuy [btc-updown-5m-1780817100] BUY DOWN @ 0.49: -$2.65 | avail=$10.60
[2026-06-07T07:20:28.432Z] [wallet] lockBuy [btc-updown-5m-1780817100] BUY UP @ 0.48: -$2.65 | avail=$7.95
[2026-06-07T07:20:29.280Z] [fair-value] P(UP)=0.4947 Sigma=0.7808 settlement=62114.26 predictive=62111.89 Rem=570s
[2026-06-07T07:20:32.390Z] [fair-value] Canceling stale UP quote: 0.48 (Edge: -0.1480 < 0.005)
[2026-06-07T07:20:32.390Z] [fair-value] Replacing DOWN quote: 0.49 -> 0.51
[2026-06-07T07:20:32.391Z] [fair-value] Posting 2 maker-safe orders. Bids: UP=0.32 (EV=0.0120) DOWN=0.51 (EV=0.1580) settlementAnchor=62114.26 predictiveComposite=62112.65
[2026-06-07T07:20:32.391Z] [btc-updown-5m-1780817100] Live placement gated: waiting for 2 cancel(s) to confirm
[2026-06-07T07:20:32.391Z] [fair-value] Canceling stale UP quote: 0.48 (Edge: -0.1480 < 0.005)
[2026-06-07T07:20:32.391Z] [fair-value] Replacing DOWN quote: 0.49 -> 0.51
[2026-06-07T07:20:32.391Z] [fair-value] Posting 2 maker-safe orders. Bids: UP=0.32 (EV=0.0120) DOWN=0.51 (EV=0.1580) settlementAnchor=62114.26 predictiveComposite=62112.65
[2026-06-07T07:20:32.710Z] [wallet] unlockBuy [btc-updown-5m-1780817100] BUY UP @ 0.48: +$2.65 | avail=$10.60
[2026-06-07T07:20:32.711Z] [wallet] unlockBuy [btc-updown-5m-1780817100] BUY DOWN @ 0.49: +$2.65 | avail=$13.25
[2026-06-07T07:20:32.713Z] [fair-value] Posting 2 maker-safe orders. Bids: UP=0.32 (EV=0.0122) DOWN=0.51 (EV=0.1578) settlementAnchor=62114.26 predictiveComposite=62112.65
[2026-06-07T07:20:32.714Z] [fair-value] Posting 1 maker-safe orders. Bids: UP=0.32 (EV=0.0122) DOWN=0.51 (EV=0.1578) settlementAnchor=62114.26 predictiveComposite=62112.65
[2026-06-07T07:20:33.069Z] [wallet] lockBuy [btc-updown-5m-1780817100] BUY UP @ 0.32: -$2.65 | avail=$10.60
[2026-06-07T07:20:33.072Z] [wallet] lockBuy [btc-updown-5m-1780817100] BUY DOWN @ 0.51: -$2.65 | avail=$7.95
[2026-06-07T07:20:33.220Z] [fair-value] Replacing UP quote: 0.32 -> 0.43 (P=0.436)
[2026-06-07T07:20:33.221Z] [fair-value] Posting 1 maker-safe orders. Bids: UP=0.43 (EV=0.0085) DOWN=0.51 (EV=0.0515) settlementAnchor=62114.26 predictiveComposite=62112.66
[2026-06-07T07:20:33.221Z] [fair-value] Replacing UP quote: 0.32 -> 0.43 (P=0.436)
[2026-06-07T07:20:33.221Z] [fair-value] Posting 1 maker-safe orders. Bids: UP=0.43 (EV=0.0085) DOWN=0.51 (EV=0.0515) settlementAnchor=62114.26 predictiveComposite=62112.66
[2026-06-07T07:20:33.313Z] [fair-value] Replacing UP quote: 0.32 -> 0.43 (P=0.436)
[2026-06-07T07:20:33.313Z] [fair-value] Posting 1 maker-safe orders. Bids: UP=0.43 (EV=0.0085) DOWN=0.51 (EV=0.0515) settlementAnchor=62114.26 predictiveComposite=62112.66
[2026-06-07T07:20:33.387Z] [fair-value] Replacing UP quote: 0.32 -> 0.43 (P=0.436)
[2026-06-07T07:20:33.387Z] [fair-value] Posting 1 maker-safe orders. Bids: UP=0.43 (EV=0.0086) DOWN=0.51 (EV=0.0514) settlementAnchor=62114.26 predictiveComposite=62112.66
[2026-06-07T07:20:33.387Z] [fair-value] Replacing UP quote: 0.32 -> 0.43 (P=0.436)
[2026-06-07T07:20:33.388Z] [fair-value] Posting 1 maker-safe orders. Bids: UP=0.43 (EV=0.0086) DOWN=0.51 (EV=0.0514) settlementAnchor=62114.26 predictiveComposite=62112.66
[2026-06-07T07:20:33.390Z] [fair-value] Replacing UP quote: 0.32 -> 0.43 (P=0.436)
[2026-06-07T07:20:33.390Z] [fair-value] Posting 1 maker-safe orders. Bids: UP=0.43 (EV=0.0086) DOWN=0.51 (EV=0.0514) settlementAnchor=62114.26 predictiveComposite=62112.66
[2026-06-07T07:20:33.391Z] [btc-updown-5m-1780817100] Live placement gated: waiting for 1 cancel(s) to confirm
[2026-06-07T07:20:33.391Z] [fair-value] Replacing UP quote: 0.32 -> 0.43 (P=0.436)
[2026-06-07T07:20:33.391Z] [fair-value] Posting 1 maker-safe orders. Bids: UP=0.43 (EV=0.0086) DOWN=0.51 (EV=0.0514) settlementAnchor=62114.26 predictiveComposite=62112.66
[2026-06-07T07:20:33.588Z] [wallet] unlockBuy [btc-updown-5m-1780817100] BUY UP @ 0.32: +$2.65 | avail=$10.60
[2026-06-07T07:20:33.736Z] [fair-value] Posting 1 maker-safe orders. Bids: UP=0.43 (EV=0.0085) DOWN=0.51 (EV=0.0515) settlementAnchor=62114.26 predictiveComposite=62112.66
[2026-06-07T07:20:33.737Z] [fair-value] Posting 1 maker-safe orders. Bids: UP=0.43 (EV=0.0085) DOWN=0.51 (EV=0.0515) settlementAnchor=62114.26 predictiveComposite=62112.66
[2026-06-07T07:20:34.068Z] [fair-value] Posting 1 maker-safe orders. Bids: UP=0.43 (EV=0.0085) DOWN=0.51 (EV=0.0515) settlementAnchor=62114.26 predictiveComposite=62112.66
[2026-06-07T07:20:34.069Z] [fair-value] Posting 1 maker-safe orders. Bids: UP=0.43 (EV=0.0085) DOWN=0.51 (EV=0.0515) settlementAnchor=62114.26 predictiveComposite=62112.66
[2026-06-07T07:20:34.254Z] [fair-value] Posting 1 maker-safe orders. Bids: UP=0.43 (EV=0.0086) DOWN=0.51 (EV=0.0514) settlementAnchor=62114.26 predictiveComposite=62112.66
[2026-06-07T07:20:34.255Z] [fair-value] Posting 1 maker-safe orders. Bids: UP=0.43 (EV=0.0086) DOWN=0.51 (EV=0.0514) settlementAnchor=62114.26 predictiveComposite=62112.66
[2026-06-07T07:20:34.321Z] [fair-value] Posting 1 maker-safe orders. Bids: UP=0.43 (EV=0.0086) DOWN=0.51 (EV=0.0514) settlementAnchor=62114.26 predictiveComposite=62112.66
[2026-06-07T07:20:34.392Z] [fair-value] Posting 1 maker-safe orders. Bids: UP=0.43 (EV=0.0083) DOWN=0.51 (EV=0.0517) settlementAnchor=62114.26 predictiveComposite=62112.66
[2026-06-07T07:20:34.392Z] [fair-value] Posting 1 maker-safe orders. Bids: UP=0.43 (EV=0.0083) DOWN=0.51 (EV=0.0517) settlementAnchor=62114.26 predictiveComposite=62112.66
[2026-06-07T07:20:34.421Z] [fair-value] Posting 1 maker-safe orders. Bids: UP=0.43 (EV=0.0082) DOWN=0.51 (EV=0.0518) settlementAnchor=62114.26 predictiveComposite=62112.65
[2026-06-07T07:20:34.422Z] [fair-value] Posting 1 maker-safe orders. Bids: UP=0.43 (EV=0.0082) DOWN=0.51 (EV=0.0518) settlementAnchor=62114.26 predictiveComposite=62112.65
[2026-06-07T07:20:34.975Z] [fair-value] Posting 1 maker-safe orders. Bids: UP=0.43 (EV=0.0081) DOWN=0.51 (EV=0.0519) settlementAnchor=62114.26 predictiveComposite=62112.65
[2026-06-07T07:20:34.976Z] [fair-value] Posting 1 maker-safe orders. Bids: UP=0.43 (EV=0.0081) DOWN=0.51 (EV=0.0519) settlementAnchor=62114.26 predictiveComposite=62112.65
[2026-06-07T07:20:34.977Z] [fair-value] Posting 1 maker-safe orders. Bids: UP=0.43 (EV=0.0081) DOWN=0.51 (EV=0.0519) settlementAnchor=62114.26 predictiveComposite=62112.65
[2026-06-07T07:20:34.977Z] [fair-value] Posting 1 maker-safe orders. Bids: UP=0.43 (EV=0.0081) DOWN=0.51 (EV=0.0519) settlementAnchor=62114.26 predictiveComposite=62112.65
[2026-06-07T07:20:34.978Z] [fair-value] Posting 1 maker-safe orders. Bids: UP=0.43 (EV=0.0081) DOWN=0.51 (EV=0.0519) settlementAnchor=62114.26 predictiveComposite=62112.65
[2026-06-07T07:20:34.979Z] [fair-value] Posting 1 maker-safe orders. Bids: UP=0.43 (EV=0.0081) DOWN=0.51 (EV=0.0519) settlementAnchor=62114.26 predictiveComposite=62112.65
[2026-06-07T07:20:34.980Z] [fair-value] Posting 1 maker-safe orders. Bids: UP=0.43 (EV=0.0081) DOWN=0.51 (EV=0.0519) settlementAnchor=62114.26 predictiveComposite=62112.65
[2026-06-07T07:20:34.980Z] [fair-value] Posting 1 maker-safe orders. Bids: UP=0.43 (EV=0.0081) DOWN=0.51 (EV=0.0519) settlementAnchor=62114.26 predictiveComposite=62112.65
[2026-06-07T07:20:34.982Z] [fair-value] Posting 1 maker-safe orders. Bids: UP=0.43 (EV=0.0081) DOWN=0.51 (EV=0.0519) settlementAnchor=62114.26 predictiveComposite=62112.65
[2026-06-07T07:20:34.983Z] [fair-value] Posting 1 maker-safe orders. Bids: UP=0.43 (EV=0.0081) DOWN=0.51 (EV=0.0519) settlementAnchor=62114.26 predictiveComposite=62112.65
[2026-06-07T07:20:34.985Z] [fair-value] Posting 1 maker-safe orders. Bids: UP=0.43 (EV=0.0081) DOWN=0.51 (EV=0.0519) settlementAnchor=62114.26 predictiveComposite=62112.65
[2026-06-07T07:20:34.985Z] [fair-value] Posting 1 maker-safe orders. Bids: UP=0.43 (EV=0.0081) DOWN=0.51 (EV=0.0519) settlementAnchor=62114.26 predictiveComposite=62112.65
[2026-06-07T07:20:34.986Z] [fair-value] Posting 1 maker-safe orders. Bids: UP=0.43 (EV=0.0081) DOWN=0.51 (EV=0.0519) settlementAnchor=62114.26 predictiveComposite=62112.65
[2026-06-07T07:20:34.987Z] [fair-value] Posting 1 maker-safe orders. Bids: UP=0.43 (EV=0.0081) DOWN=0.51 (EV=0.0519) settlementAnchor=62114.26 predictiveComposite=62112.65
[2026-06-07T07:20:34.988Z] [fair-value] Posting 1 maker-safe orders. Bids: UP=0.43 (EV=0.0081) DOWN=0.51 (EV=0.0519) settlementAnchor=62114.26 predictiveComposite=62112.65
[2026-06-07T07:20:34.989Z] [fair-value] Posting 1 maker-safe orders. Bids: UP=0.43 (EV=0.0081) DOWN=0.51 (EV=0.0519) settlementAnchor=62114.26 predictiveComposite=62112.65
[2026-06-07T07:20:34.989Z] [fair-value] Posting 1 maker-safe orders. Bids: UP=0.43 (EV=0.0080) DOWN=0.51 (EV=0.0520) settlementAnchor=62114.26 predictiveComposite=62112.65
[2026-06-07T07:20:34.990Z] [fair-value] Posting 1 maker-safe orders. Bids: UP=0.43 (EV=0.0080) DOWN=0.51 (EV=0.0520) settlementAnchor=62114.26 predictiveComposite=62112.65
[2026-06-07T07:20:34.990Z] [fair-value] Canceling stale DOWN quote: 0.51 (Edge: -0.0066 < 0.005)
[2026-06-07T07:20:34.990Z] [fair-value] Posting 2 maker-safe orders. Bids: UP=0.48 (EV=0.0166) DOWN=0.49 (EV=0.0134) settlementAnchor=62114.26 predictiveComposite=62111.25
[2026-06-07T07:20:34.990Z] [btc-updown-5m-1780817100] Live placement gated: waiting for 1 cancel(s) to confirm
[2026-06-07T07:20:34.990Z] [fair-value] Canceling stale DOWN quote: 0.51 (Edge: -0.0066 < 0.005)
[2026-06-07T07:20:34.991Z] [fair-value] Posting 2 maker-safe orders. Bids: UP=0.48 (EV=0.0166) DOWN=0.49 (EV=0.0134) settlementAnchor=62114.26 predictiveComposite=62111.25
[2026-06-07T07:20:35.143Z] [fair-value] Canceling stale DOWN quote: 0.51 (Edge: -0.0053 < 0.005)
[2026-06-07T07:20:35.144Z] [fair-value] Posting 2 maker-safe orders. Bids: UP=0.48 (EV=0.0153) DOWN=0.49 (EV=0.0147) settlementAnchor=62114.26 predictiveComposite=62110.46
[2026-06-07T07:20:35.145Z] [fair-value] Canceling stale DOWN quote: 0.51 (Edge: -0.0053 < 0.005)
[2026-06-07T07:20:35.145Z] [fair-value] Posting 2 maker-safe orders. Bids: UP=0.48 (EV=0.0153) DOWN=0.49 (EV=0.0147) settlementAnchor=62114.26 predictiveComposite=62110.46
[2026-06-07T07:20:35.319Z] [fair-value] Canceling stale DOWN quote: 0.51 (Edge: -0.0053 < 0.005)
[2026-06-07T07:20:35.320Z] [fair-value] Posting 2 maker-safe orders. Bids: UP=0.48 (EV=0.0153) DOWN=0.49 (EV=0.0147) settlementAnchor=62114.26 predictiveComposite=62110.46
[2026-06-07T07:20:35.322Z] [wallet] unlockBuy [btc-updown-5m-1780817100] BUY DOWN @ 0.51: +$2.65 | avail=$13.25
[2026-06-07T07:20:35.393Z] [fair-value] Posting 2 maker-safe orders. Bids: UP=0.48 (EV=0.0153) DOWN=0.49 (EV=0.0147) settlementAnchor=62114.26 predictiveComposite=62110.46
[2026-06-07T07:20:35.396Z] [fair-value] Posting 1 maker-safe orders. Bids: UP=0.48 (EV=0.0153) DOWN=0.49 (EV=0.0147) settlementAnchor=62114.26 predictiveComposite=62110.46
[2026-06-07T07:20:35.594Z] [wallet] lockBuy [btc-updown-5m-1780817100] BUY DOWN @ 0.49: -$2.65 | avail=$10.60
[2026-06-07T07:20:35.775Z] [wallet] lockBuy [btc-updown-5m-1780817100] BUY UP @ 0.48: -$2.65 | avail=$7.95
[2026-06-07T07:20:37.866Z] [fair-value] Canceling stale UP quote: 0.48 (Edge: -0.0442 < 0.005)
[2026-06-07T07:20:37.866Z] [fair-value] Replacing DOWN quote: 0.49 -> 0.51
[2026-06-07T07:20:37.867Z] [fair-value] Posting 2 maker-safe orders. Bids: UP=0.42 (EV=0.0158) DOWN=0.51 (EV=0.0542) settlementAnchor=62114.26 predictiveComposite=62106.91
[2026-06-07T07:20:37.868Z] [btc-updown-5m-1780817100] Live placement gated: waiting for 2 cancel(s) to confirm
[2026-06-07T07:20:37.868Z] [fair-value] Canceling stale UP quote: 0.48 (Edge: -0.0442 < 0.005)
[2026-06-07T07:20:37.868Z] [fair-value] Replacing DOWN quote: 0.49 -> 0.51
[2026-06-07T07:20:37.869Z] [fair-value] Posting 2 maker-safe orders. Bids: UP=0.42 (EV=0.0158) DOWN=0.51 (EV=0.0542) settlementAnchor=62114.26 predictiveComposite=62106.91
[2026-06-07T07:20:37.869Z] [fair-value] Canceling stale UP quote: 0.48 (Edge: -0.0463 < 0.005)
[2026-06-07T07:20:37.870Z] [fair-value] Replacing DOWN quote: 0.49 -> 0.51
[2026-06-07T07:20:37.870Z] [fair-value] Posting 2 maker-safe orders. Bids: UP=0.42 (EV=0.0137) DOWN=0.51 (EV=0.0563) settlementAnchor=62114.26 predictiveComposite=62106.91
[2026-06-07T07:20:37.870Z] [fair-value] Canceling stale UP quote: 0.48 (Edge: -0.0463 < 0.005)
[2026-06-07T07:20:37.870Z] [fair-value] Replacing DOWN quote: 0.49 -> 0.51
[2026-06-07T07:20:37.871Z] [fair-value] Posting 2 maker-safe orders. Bids: UP=0.42 (EV=0.0137) DOWN=0.51 (EV=0.0563) settlementAnchor=62114.26 predictiveComposite=62106.91
[2026-06-07T07:20:38.202Z] [wallet] unlockBuy [btc-updown-5m-1780817100] BUY DOWN @ 0.49: +$2.65 | avail=$10.60
[2026-06-07T07:20:38.204Z] [wallet] unlockBuy [btc-updown-5m-1780817100] BUY UP @ 0.48: +$2.65 | avail=$13.25
[2026-06-07T07:20:38.338Z] [fair-value] Posting 2 maker-safe orders. Bids: UP=0.42 (EV=0.0119) DOWN=0.51 (EV=0.0581) settlementAnchor=62114.26 predictiveComposite=62106.71
[2026-06-07T07:20:38.341Z] [fair-value] Posting 1 maker-safe orders. Bids: UP=0.42 (EV=0.0119) DOWN=0.51 (EV=0.0581) settlementAnchor=62114.26 predictiveComposite=62106.71
[2026-06-07T07:20:38.685Z] [wallet] lockBuy [btc-updown-5m-1780817100] BUY DOWN @ 0.51: -$2.55 | avail=$10.70
[2026-06-07T07:20:38.687Z] [wallet] lockBuy [btc-updown-5m-1780817100] BUY UP @ 0.42: -$2.10 | avail=$8.60
[2026-06-07T07:20:41.027Z] [fair-value] Canceling stale UP quote: 0.42 (Edge: -0.0736 < 0.005)
[2026-06-07T07:20:41.027Z] [fair-value] Posting 1 maker-safe orders. Bids: UP=0.34 (EV=0.0064) DOWN=0.51 (EV=0.1436) settlementAnchor=62114.26 predictiveComposite=62106.72
[2026-06-07T07:20:41.028Z] [btc-updown-5m-1780817100] Live placement gated: waiting for 1 cancel(s) to confirm
[2026-06-07T07:20:41.029Z] [fair-value] Canceling stale UP quote: 0.42 (Edge: -0.0736 < 0.005)
[2026-06-07T07:20:41.029Z] [fair-value] Posting 1 maker-safe orders. Bids: UP=0.34 (EV=0.0064) DOWN=0.51 (EV=0.1436) settlementAnchor=62114.26 predictiveComposite=62106.72
[2026-06-07T07:20:41.196Z] [fair-value] Canceling stale UP quote: 0.42 (Edge: -0.1564 < 0.005)
[2026-06-07T07:20:41.197Z] [fair-value] Posting 1 maker-safe orders. Bids: UP=0.25 (EV=0.0136) DOWN=0.51 (EV=0.2264) settlementAnchor=62114.26 predictiveComposite=62106.72
[2026-06-07T07:20:41.198Z] [fair-value] Canceling stale UP quote: 0.42 (Edge: -0.1564 < 0.005)
[2026-06-07T07:20:41.198Z] [fair-value] Posting 1 maker-safe orders. Bids: UP=0.25 (EV=0.0136) DOWN=0.51 (EV=0.2264) settlementAnchor=62114.26 predictiveComposite=62106.72
[2026-06-07T07:20:41.365Z] [wallet] unlockBuy [btc-updown-5m-1780817100] BUY UP @ 0.42: +$2.10 | avail=$10.70
[2026-06-07T07:20:41.367Z] [fair-value] Posting 1 maker-safe orders. Bids: UP=0.25 (EV=0.0136) DOWN=0.51 (EV=0.2264) settlementAnchor=62114.26 predictiveComposite=62106.72
[2026-06-07T07:20:41.394Z] [fair-value] Posting 1 maker-safe orders. Bids: UP=0.25 (EV=0.0136) DOWN=0.51 (EV=0.2264) settlementAnchor=62114.26 predictiveComposite=62106.72
[2026-06-07T07:20:41.395Z] [fair-value] Posting 1 maker-safe orders. Bids: UP=0.25 (EV=0.0136) DOWN=0.51 (EV=0.2264) settlementAnchor=62114.26 predictiveComposite=62106.72
[2026-06-07T07:20:41.508Z] [fair-value] Posting 1 maker-safe orders. Bids: UP=0.25 (EV=0.0136) DOWN=0.51 (EV=0.2264) settlementAnchor=62114.26 predictiveComposite=62106.72
[2026-06-07T07:20:41.508Z] [fair-value] Posting 1 maker-safe orders. Bids: UP=0.25 (EV=0.0136) DOWN=0.51 (EV=0.2264) settlementAnchor=62114.26 predictiveComposite=62106.72
[2026-06-07T07:20:41.509Z] [fair-value] Posting 1 maker-safe orders. Bids: UP=0.25 (EV=0.0136) DOWN=0.51 (EV=0.2264) settlementAnchor=62114.26 predictiveComposite=62106.72
[2026-06-07T07:20:41.509Z] [fair-value] Posting 1 maker-safe orders. Bids: UP=0.25 (EV=0.0136) DOWN=0.51 (EV=0.2264) settlementAnchor=62114.26 predictiveComposite=62106.72
[2026-06-07T07:20:41.510Z] [fair-value] Posting 1 maker-safe orders. Bids: UP=0.25 (EV=0.0136) DOWN=0.51 (EV=0.2264) settlementAnchor=62114.26 predictiveComposite=62106.72
[2026-06-07T07:20:41.513Z] [fair-value] Posting 1 maker-safe orders. Bids: UP=0.25 (EV=0.0136) DOWN=0.51 (EV=0.2264) settlementAnchor=62114.26 predictiveComposite=62106.72
[2026-06-07T07:20:41.680Z] [fair-value] Posting 1 maker-safe orders. Bids: UP=0.25 (EV=0.0135) DOWN=0.51 (EV=0.2265) settlementAnchor=62114.26 predictiveComposite=62106.72
[2026-06-07T07:20:41.681Z] [fair-value] Posting 1 maker-safe orders. Bids: UP=0.25 (EV=0.0135) DOWN=0.51 (EV=0.2265) settlementAnchor=62114.26 predictiveComposite=62106.72
[2026-06-07T07:20:42.392Z] [fair-value] Canceling stale DOWN quote: 0.51 (Edge: -0.0105 < 0.005)
[2026-06-07T07:20:42.393Z] [fair-value] Posting 2 maker-safe orders. Bids: UP=0.48 (EV=0.0205) DOWN=0.49 (EV=0.0095) settlementAnchor=62114.26 predictiveComposite=62114.02
[2026-06-07T07:20:42.394Z] [btc-updown-5m-1780817100] Live placement gated: waiting for 1 cancel(s) to confirm
[2026-06-07T07:20:42.394Z] [fair-value] Canceling stale DOWN quote: 0.51 (Edge: -0.0105 < 0.005)
[2026-06-07T07:20:42.394Z] [fair-value] Posting 2 maker-safe orders. Bids: UP=0.48 (EV=0.0205) DOWN=0.49 (EV=0.0095) settlementAnchor=62114.26 predictiveComposite=62114.02
[2026-06-07T07:20:42.553Z] [wallet] unlockBuy [btc-updown-5m-1780817100] BUY DOWN @ 0.51: +$2.55 | avail=$13.25
[2026-06-07T07:20:43.032Z] [fair-value] Posting 2 maker-safe orders. Bids: UP=0.48 (EV=0.0393) DOWN=0.47 (EV=0.0107) settlementAnchor=62114.26 predictiveComposite=62116.57
[2026-06-07T07:20:43.034Z] [fair-value] Posting 1 maker-safe orders. Bids: UP=0.48 (EV=0.0393) DOWN=0.47 (EV=0.0107) settlementAnchor=62114.26 predictiveComposite=62116.57
[2026-06-07T07:20:43.210Z] [wallet] lockBuy [btc-updown-5m-1780817100] BUY UP @ 0.48: -$2.65 | avail=$10.60
[2026-06-07T07:20:43.214Z] [wallet] lockBuy [btc-updown-5m-1780817100] BUY DOWN @ 0.47: -$2.65 | avail=$7.95
[2026-06-07T07:20:48.373Z] [fair-value] Canceling stale DOWN quote: 0.47 (Edge: -0.0276 < 0.005)
[2026-06-07T07:20:48.373Z] [fair-value] Posting 1 maker-safe orders. Bids: UP=0.48 (EV=0.0776) DOWN=0.43 (EV=0.0124) settlementAnchor=62114.26 predictiveComposite=62116.59
[2026-06-07T07:20:48.374Z] [btc-updown-5m-1780817100] Live placement gated: waiting for 1 cancel(s) to confirm
[2026-06-07T07:20:48.374Z] [fair-value] Canceling stale DOWN quote: 0.47 (Edge: -0.0276 < 0.005)
[2026-06-07T07:20:48.374Z] [fair-value] Posting 1 maker-safe orders. Bids: UP=0.48 (EV=0.0776) DOWN=0.43 (EV=0.0124) settlementAnchor=62114.26 predictiveComposite=62116.59
[2026-06-07T07:20:48.389Z] [fair-value] Canceling stale DOWN quote: 0.47 (Edge: -0.4600 < 0.005)
[2026-06-07T07:20:48.389Z] [fair-value] Canceling stale DOWN quote: 0.47 (Edge: -0.4600 < 0.005)
[2026-06-07T07:20:48.405Z] [fair-value] Canceling stale DOWN quote: 0.47 (Edge: -0.4600 < 0.005)
[2026-06-07T07:20:48.571Z] [fair-value] Canceling stale DOWN quote: 0.47 (Edge: -0.4600 < 0.005)
[2026-06-07T07:20:48.571Z] [fair-value] Canceling stale DOWN quote: 0.47 (Edge: -0.4600 < 0.005)
[2026-06-07T07:20:48.698Z] [wallet] unlockBuy [btc-updown-5m-1780817100] BUY DOWN @ 0.47: +$2.65 | avail=$10.60
[2026-06-07T07:20:53.474Z] [wallet] unlockBuy [btc-updown-5m-1780817100] BUY UP @ 0.48: +$2.65 | avail=$13.25
[2026-06-07T07:20:54.388Z] [fair-value] Posting 1 maker-safe orders. Bids: UP=0.48 (EV=0.5100) DOWN=0 (EV=0.0100) settlementAnchor=62114.26 predictiveComposite=62116.58
[2026-06-07T07:20:54.739Z] [wallet] lockBuy [btc-updown-5m-1780817100] BUY UP @ 0.48: -$2.65 | avail=$10.60
[2026-06-07T07:20:56.375Z] [fair-value] Posting 1 maker-safe orders. Bids: UP=0.48 (EV=0.2704) DOWN=0.24 (EV=0.0096) settlementAnchor=62114.26 predictiveComposite=62117.52
[2026-06-07T07:20:56.376Z] [fair-value] Posting 1 maker-safe orders. Bids: UP=0.48 (EV=0.2704) DOWN=0.24 (EV=0.0096) settlementAnchor=62114.26 predictiveComposite=62117.52
[2026-06-07T07:20:56.389Z] [fair-value] Posting 1 maker-safe orders. Bids: UP=0.48 (EV=0.2708) DOWN=0.24 (EV=0.0092) settlementAnchor=62114.26 predictiveComposite=62117.52
[2026-06-07T07:20:56.389Z] [fair-value] Posting 1 maker-safe orders. Bids: UP=0.48 (EV=0.2708) DOWN=0.24 (EV=0.0092) settlementAnchor=62114.26 predictiveComposite=62117.52
[2026-06-07T07:20:56.482Z] [fair-value] Posting 1 maker-safe orders. Bids: UP=0.48 (EV=0.2708) DOWN=0.24 (EV=0.0092) settlementAnchor=62114.26 predictiveComposite=62117.52
[2026-06-07T07:20:56.970Z] [fair-value] Posting 1 maker-safe orders. Bids: UP=0.48 (EV=0.2709) DOWN=0.24 (EV=0.0091) settlementAnchor=62114.26 predictiveComposite=62117.52
[2026-06-07T07:20:56.971Z] [fair-value] Posting 1 maker-safe orders. Bids: UP=0.48 (EV=0.2709) DOWN=0.24 (EV=0.0091) settlementAnchor=62114.26 predictiveComposite=62117.52
[2026-06-07T07:20:57.392Z] [fair-value] Posting 1 maker-safe orders. Bids: UP=0.48 (EV=0.2710) DOWN=0.24 (EV=0.0090) settlementAnchor=62114.26 predictiveComposite=62117.52
[2026-06-07T07:20:57.392Z] [fair-value] Posting 1 maker-safe orders. Bids: UP=0.48 (EV=0.2710) DOWN=0.24 (EV=0.0090) settlementAnchor=62114.26 predictiveComposite=62117.52
[2026-06-07T07:20:57.500Z] [fair-value] Posting 1 maker-safe orders. Bids: UP=0.48 (EV=0.2710) DOWN=0.24 (EV=0.0090) settlementAnchor=62114.26 predictiveComposite=62117.52
[2026-06-07T07:20:57.640Z] [fair-value] Posting 1 maker-safe orders. Bids: UP=0.48 (EV=0.2711) DOWN=0.24 (EV=0.0089) settlementAnchor=62114.26 predictiveComposite=62117.52
[2026-06-07T07:20:57.640Z] [fair-value] Posting 1 maker-safe orders. Bids: UP=0.48 (EV=0.2711) DOWN=0.24 (EV=0.0089) settlementAnchor=62114.26 predictiveComposite=62117.52
[2026-06-07T07:20:58.392Z] [fair-value] Posting 1 maker-safe orders. Bids: UP=0.48 (EV=0.2712) DOWN=0.24 (EV=0.0088) settlementAnchor=62114.26 predictiveComposite=62117.52
[2026-06-07T07:20:58.393Z] [fair-value] Posting 1 maker-safe orders. Bids: UP=0.48 (EV=0.2712) DOWN=0.24 (EV=0.0088) settlementAnchor=62114.26 predictiveComposite=62117.52
[2026-06-07T07:20:58.499Z] [fair-value] Posting 1 maker-safe orders. Bids: UP=0.48 (EV=0.2712) DOWN=0.24 (EV=0.0088) settlementAnchor=62114.26 predictiveComposite=62117.52
[2026-06-07T07:20:58.639Z] [fair-value] Posting 1 maker-safe orders. Bids: UP=0.48 (EV=0.2713) DOWN=0.24 (EV=0.0087) settlementAnchor=62114.26 predictiveComposite=62117.52
[2026-06-07T07:20:58.640Z] [fair-value] Posting 1 maker-safe orders. Bids: UP=0.48 (EV=0.2713) DOWN=0.24 (EV=0.0087) settlementAnchor=62114.26 predictiveComposite=62117.52
[2026-06-07T07:20:59.391Z] [fair-value] P(UP)=0.7489 Sigma=0.0188 settlement=62114.26 predictive=62117.52 Rem=540s
[2026-06-07T07:20:59.391Z] [fair-value] Posting 1 maker-safe orders. Bids: UP=0.48 (EV=0.2714) DOWN=0.24 (EV=0.0086) settlementAnchor=62114.26 predictiveComposite=62117.52
[2026-06-07T07:20:59.392Z] [fair-value] Posting 1 maker-safe orders. Bids: UP=0.48 (EV=0.2714) DOWN=0.24 (EV=0.0086) settlementAnchor=62114.26 predictiveComposite=62117.52
[2026-06-07T07:20:59.514Z] [fair-value] Posting 1 maker-safe orders. Bids: UP=0.48 (EV=0.2714) DOWN=0.24 (EV=0.0086) settlementAnchor=62114.26 predictiveComposite=62117.52
[2026-06-07T07:20:59.652Z] [fair-value] Posting 1 maker-safe orders. Bids: UP=0.48 (EV=0.2715) DOWN=0.24 (EV=0.0085) settlementAnchor=62114.26 predictiveComposite=62117.52
[2026-06-07T07:20:59.653Z] [fair-value] Posting 1 maker-safe orders. Bids: UP=0.48 (EV=0.2715) DOWN=0.24 (EV=0.0085) settlementAnchor=62114.26 predictiveComposite=62117.52
[2026-06-07T07:20:59.653Z] [fair-value] Posting 1 maker-safe orders. Bids: UP=0.48 (EV=0.2715) DOWN=0.24 (EV=0.0085) settlementAnchor=62114.26 predictiveComposite=62117.52
[2026-06-07T07:20:59.653Z] [fair-value] Posting 1 maker-safe orders. Bids: UP=0.48 (EV=0.2715) DOWN=0.24 (EV=0.0085) settlementAnchor=62114.26 predictiveComposite=62117.52
[2026-06-07T07:20:59.654Z] [fair-value] Posting 1 maker-safe orders. Bids: UP=0.48 (EV=0.2715) DOWN=0.24 (EV=0.0085) settlementAnchor=62114.26 predictiveComposite=62117.52
[2026-06-07T07:20:59.654Z] [fair-value] Posting 1 maker-safe orders. Bids: UP=0.48 (EV=0.2715) DOWN=0.24 (EV=0.0085) settlementAnchor=62114.26 predictiveComposite=62117.52
[2026-06-07T07:20:59.655Z] [fair-value] Posting 1 maker-safe orders. Bids: UP=0.48 (EV=0.2715) DOWN=0.24 (EV=0.0085) settlementAnchor=62114.26 predictiveComposite=62117.52
[2026-06-07T07:20:59.655Z] [fair-value] Posting 1 maker-safe orders. Bids: UP=0.48 (EV=0.2715) DOWN=0.24 (EV=0.0085) settlementAnchor=62114.26 predictiveComposite=62117.52
[2026-06-07T07:20:59.655Z] [fair-value] Posting 1 maker-safe orders. Bids: UP=0.48 (EV=0.2715) DOWN=0.24 (EV=0.0085) settlementAnchor=62114.26 predictiveComposite=62117.52
[2026-06-07T07:20:59.656Z] [fair-value] Posting 1 maker-safe orders. Bids: UP=0.48 (EV=0.2715) DOWN=0.24 (EV=0.0085) settlementAnchor=62114.26 predictiveComposite=62117.52
[2026-06-07T07:20:59.656Z] [fair-value] Posting 1 maker-safe orders. Bids: UP=0.48 (EV=0.2702) DOWN=0.24 (EV=0.0098) settlementAnchor=62114.26 predictiveComposite=62117.51
[2026-06-07T07:20:59.656Z] [fair-value] Posting 1 maker-safe orders. Bids: UP=0.48 (EV=0.2702) DOWN=0.24 (EV=0.0098) settlementAnchor=62114.26 predictiveComposite=62117.51
[2026-06-07T07:20:59.657Z] [fair-value] Posting 1 maker-safe orders. Bids: UP=0.48 (EV=0.2689) DOWN=0.24 (EV=0.0111) settlementAnchor=62114.26 predictiveComposite=62117.51
[2026-06-07T07:20:59.657Z] [fair-value] Posting 1 maker-safe orders. Bids: UP=0.48 (EV=0.2689) DOWN=0.24 (EV=0.0111) settlementAnchor=62114.26 predictiveComposite=62117.51
[2026-06-07T07:20:59.773Z] [fair-value] Posting 1 maker-safe orders. Bids: UP=0.48 (EV=0.0500) DOWN=0.46 (EV=0.0100) settlementAnchor=62114.26 predictiveComposite=62115.95
[2026-06-07T07:20:59.774Z] [fair-value] Posting 1 maker-safe orders. Bids: UP=0.48 (EV=0.0500) DOWN=0.46 (EV=0.0100) settlementAnchor=62114.26 predictiveComposite=62115.95
[2026-06-07T07:20:59.774Z] [fair-value] Posting 1 maker-safe orders. Bids: UP=0.48 (EV=0.0500) DOWN=0.46 (EV=0.0100) settlementAnchor=62114.26 predictiveComposite=62115.95
[2026-06-07T07:20:59.775Z] [fair-value] Posting 1 maker-safe orders. Bids: UP=0.48 (EV=0.0500) DOWN=0.46 (EV=0.0100) settlementAnchor=62114.26 predictiveComposite=62115.95
[2026-06-07T07:20:59.775Z] [fair-value] Posting 1 maker-safe orders. Bids: UP=0.48 (EV=0.0500) DOWN=0.46 (EV=0.0100) settlementAnchor=62114.26 predictiveComposite=62115.95
[2026-06-07T07:20:59.775Z] [fair-value] Posting 1 maker-safe orders. Bids: UP=0.48 (EV=0.0500) DOWN=0.46 (EV=0.0100) settlementAnchor=62114.26 predictiveComposite=62115.95
[2026-06-07T07:21:00.389Z] [fair-value] Posting 1 maker-safe orders. Bids: UP=0.48 (EV=0.0501) DOWN=0.46 (EV=0.0099) settlementAnchor=62114.26 predictiveComposite=62115.95
[2026-06-07T07:21:00.389Z] [fair-value] Posting 1 maker-safe orders. Bids: UP=0.48 (EV=0.0501) DOWN=0.46 (EV=0.0099) settlementAnchor=62114.26 predictiveComposite=62115.95
[2026-06-07T07:21:00.528Z] [fair-value] Posting 1 maker-safe orders. Bids: UP=0.48 (EV=0.0501) DOWN=0.46 (EV=0.0099) settlementAnchor=62114.26 predictiveComposite=62115.95
[2026-06-07T07:21:01.319Z] [fair-value] Posting 1 maker-safe orders. Bids: UP=0.48 (EV=0.0500) DOWN=0.46 (EV=0.0100) settlementAnchor=62114.26 predictiveComposite=62115.95
[2026-06-07T07:21:01.320Z] [fair-value] Posting 1 maker-safe orders. Bids: UP=0.48 (EV=0.0500) DOWN=0.46 (EV=0.0100) settlementAnchor=62114.26 predictiveComposite=62115.95
[2026-06-07T07:21:01.388Z] [fair-value] Posting 1 maker-safe orders. Bids: UP=0.48 (EV=0.0505) DOWN=0.46 (EV=0.0095) settlementAnchor=62114.26 predictiveComposite=62115.94
[2026-06-07T07:21:01.389Z] [fair-value] Posting 1 maker-safe orders. Bids: UP=0.48 (EV=0.0505) DOWN=0.46 (EV=0.0095) settlementAnchor=62114.26 predictiveComposite=62115.94
[2026-06-07T07:21:01.546Z] [fair-value] Posting 1 maker-safe orders. Bids: UP=0.48 (EV=0.0505) DOWN=0.46 (EV=0.0095) settlementAnchor=62114.26 predictiveComposite=62115.94
[2026-06-07T07:21:01.657Z] [fair-value] Posting 1 maker-safe orders. Bids: UP=0.48 (EV=0.0505) DOWN=0.46 (EV=0.0095) settlementAnchor=62114.26 predictiveComposite=62115.94
[2026-06-07T07:21:01.657Z] [fair-value] Posting 1 maker-safe orders. Bids: UP=0.48 (EV=0.0505) DOWN=0.46 (EV=0.0095) settlementAnchor=62114.26 predictiveComposite=62115.94
[2026-06-07T07:21:01.832Z] [fair-value] Posting 1 maker-safe orders. Bids: UP=0.48 (EV=0.0505) DOWN=0.46 (EV=0.0095) settlementAnchor=62114.26 predictiveComposite=62115.94
[2026-06-07T07:21:01.833Z] [fair-value] Posting 1 maker-safe orders. Bids: UP=0.48 (EV=0.0505) DOWN=0.46 (EV=0.0095) settlementAnchor=62114.26 predictiveComposite=62115.94
[2026-06-07T07:21:01.833Z] [fair-value] Posting 1 maker-safe orders. Bids: UP=0.48 (EV=0.0505) DOWN=0.46 (EV=0.0095) settlementAnchor=62114.26 predictiveComposite=62115.94
[2026-06-07T07:21:01.833Z] [fair-value] Posting 1 maker-safe orders. Bids: UP=0.48 (EV=0.0505) DOWN=0.46 (EV=0.0095) settlementAnchor=62114.26 predictiveComposite=62115.94
[2026-06-07T07:21:01.834Z] [fair-value] Posting 1 maker-safe orders. Bids: UP=0.48 (EV=0.0480) DOWN=0.46 (EV=0.0120) settlementAnchor=62114.26 predictiveComposite=62116.03
[2026-06-07T07:21:01.834Z] [fair-value] Posting 1 maker-safe orders. Bids: UP=0.48 (EV=0.0480) DOWN=0.46 (EV=0.0120) settlementAnchor=62114.26 predictiveComposite=62116.03
[2026-06-07T07:21:02.349Z] [fair-value] Posting 1 maker-safe orders. Bids: UP=0.48 (EV=0.0511) DOWN=0.46 (EV=0.0089) settlementAnchor=62114.26 predictiveComposite=62116.25
[2026-06-07T07:21:02.349Z] [fair-value] Posting 1 maker-safe orders. Bids: UP=0.48 (EV=0.0511) DOWN=0.46 (EV=0.0089) settlementAnchor=62114.26 predictiveComposite=62116.25
[2026-06-07T07:21:02.393Z] [fair-value] Posting 1 maker-safe orders. Bids: UP=0.48 (EV=0.0511) DOWN=0.46 (EV=0.0089) settlementAnchor=62114.26 predictiveComposite=62116.25
[2026-06-07T07:21:02.394Z] [fair-value] Posting 1 maker-safe orders. Bids: UP=0.48 (EV=0.0511) DOWN=0.46 (EV=0.0089) settlementAnchor=62114.26 predictiveComposite=62116.25
[2026-06-07T07:21:02.557Z] [fair-value] Posting 1 maker-safe orders. Bids: UP=0.48 (EV=0.0511) DOWN=0.46 (EV=0.0089) settlementAnchor=62114.26 predictiveComposite=62116.25
[2026-06-07T07:21:02.732Z] [fair-value] Posting 1 maker-safe orders. Bids: UP=0.48 (EV=0.0512) DOWN=0.46 (EV=0.0088) settlementAnchor=62114.26 predictiveComposite=62116.25
[2026-06-07T07:21:02.733Z] [fair-value] Posting 1 maker-safe orders. Bids: UP=0.48 (EV=0.0512) DOWN=0.46 (EV=0.0088) settlementAnchor=62114.26 predictiveComposite=62116.25
[2026-06-07T07:21:02.944Z] [fair-value] Posting 1 maker-safe orders. Bids: UP=0.48 (EV=0.0511) DOWN=0.46 (EV=0.0089) settlementAnchor=62114.26 predictiveComposite=62116.25
[2026-06-07T07:21:02.944Z] [fair-value] Posting 1 maker-safe orders. Bids: UP=0.48 (EV=0.0511) DOWN=0.46 (EV=0.0089) settlementAnchor=62114.26 predictiveComposite=62116.25
[2026-06-07T07:21:03.378Z] [fair-value] Posting 1 maker-safe orders. Bids: UP=0.48 (EV=0.0511) DOWN=0.46 (EV=0.0089) settlementAnchor=62114.26 predictiveComposite=62116.25
[2026-06-07T07:21:03.379Z] [fair-value] Posting 1 maker-safe orders. Bids: UP=0.48 (EV=0.0511) DOWN=0.46 (EV=0.0089) settlementAnchor=62114.26 predictiveComposite=62116.25
[2026-06-07T07:21:03.389Z] [fair-value] Posting 1 maker-safe orders. Bids: UP=0.48 (EV=0.0512) DOWN=0.46 (EV=0.0088) settlementAnchor=62114.26 predictiveComposite=62116.25
[2026-06-07T07:21:03.389Z] [fair-value] Posting 1 maker-safe orders. Bids: UP=0.48 (EV=0.0512) DOWN=0.46 (EV=0.0088) settlementAnchor=62114.26 predictiveComposite=62116.25
[2026-06-07T07:21:03.557Z] [fair-value] Posting 1 maker-safe orders. Bids: UP=0.48 (EV=0.0512) DOWN=0.46 (EV=0.0088) settlementAnchor=62114.26 predictiveComposite=62116.25
[2026-06-07T07:21:04.395Z] [fair-value] Posting 1 maker-safe orders. Bids: UP=0.48 (EV=0.0512) DOWN=0.46 (EV=0.0088) settlementAnchor=62114.26 predictiveComposite=62116.25
[2026-06-07T07:21:04.395Z] [fair-value] Posting 1 maker-safe orders. Bids: UP=0.48 (EV=0.0512) DOWN=0.46 (EV=0.0088) settlementAnchor=62114.26 predictiveComposite=62116.25
[2026-06-07T07:21:04.560Z] [fair-value] Posting 1 maker-safe orders. Bids: UP=0.48 (EV=0.0512) DOWN=0.46 (EV=0.0088) settlementAnchor=62114.26 predictiveComposite=62116.25
[2026-06-07T07:21:04.561Z] [btc-updown-5m-1780817100] Live placement gated: waiting for 1 cancel(s) to confirm
[2026-06-07T07:21:04.729Z] [wallet] unlockBuy [btc-updown-5m-1780817100] BUY UP @ 0.48: +$2.65 | avail=$13.25
[2026-06-07T07:21:04.730Z] [fair-value] Posting 2 maker-safe orders. Bids: UP=0.48 (EV=0.0512) DOWN=0.46 (EV=0.0088) settlementAnchor=62114.26 predictiveComposite=62116.25
[2026-06-07T07:21:04.732Z] [fair-value] Posting 1 maker-safe orders. Bids: UP=0.48 (EV=0.0512) DOWN=0.46 (EV=0.0088) settlementAnchor=62114.26 predictiveComposite=62116.25
[2026-06-07T07:21:05.094Z] [wallet] lockBuy [btc-updown-5m-1780817100] BUY DOWN @ 0.46: -$2.34 | avail=$10.91
[2026-06-07T07:21:05.096Z] [wallet] lockBuy [btc-updown-5m-1780817100] BUY UP @ 0.48: -$2.65 | avail=$8.26
[2026-06-07T07:21:05.797Z] [fair-value] Canceling stale DOWN quote: 0.46 (Edge: 0.0005 < 0.005)
[2026-06-07T07:21:05.798Z] [fair-value] Posting 1 maker-safe orders. Bids: UP=0.48 (EV=0.0595) DOWN=0.45 (EV=0.0105) settlementAnchor=62114.26 predictiveComposite=62116.86
[2026-06-07T07:21:05.798Z] [btc-updown-5m-1780817100] Live placement gated: waiting for 1 cancel(s) to confirm
[2026-06-07T07:21:05.799Z] [fair-value] Canceling stale DOWN quote: 0.46 (Edge: 0.0005 < 0.005)
[2026-06-07T07:21:05.799Z] [fair-value] Posting 1 maker-safe orders. Bids: UP=0.48 (EV=0.0595) DOWN=0.45 (EV=0.0105) settlementAnchor=62114.26 predictiveComposite=62116.86
[2026-06-07T07:21:06.136Z] [wallet] unlockBuy [btc-updown-5m-1780817100] BUY DOWN @ 0.46: +$2.34 | avail=$10.60
[2026-06-07T07:21:06.394Z] [fair-value] Posting 1 maker-safe orders. Bids: UP=0.48 (EV=0.0927) DOWN=0.42 (EV=0.0073) settlementAnchor=62114.26 predictiveComposite=62116.86
[2026-06-07T07:21:06.395Z] [fair-value] Posting 1 maker-safe orders. Bids: UP=0.48 (EV=0.0927) DOWN=0.42 (EV=0.0073) settlementAnchor=62114.26 predictiveComposite=62116.86
[2026-06-07T07:21:06.396Z] [fair-value] Posting 1 maker-safe orders. Bids: UP=0.48 (EV=0.0928) DOWN=0.42 (EV=0.0072) settlementAnchor=62114.26 predictiveComposite=62116.86
[2026-06-07T07:21:06.396Z] [fair-value] Posting 1 maker-safe orders. Bids: UP=0.48 (EV=0.0928) DOWN=0.42 (EV=0.0072) settlementAnchor=62114.26 predictiveComposite=62116.86
[2026-06-07T07:21:06.575Z] [fair-value] Posting 1 maker-safe orders. Bids: UP=0.48 (EV=0.0928) DOWN=0.42 (EV=0.0072) settlementAnchor=62114.26 predictiveComposite=62116.86
[2026-06-07T07:21:06.665Z] [fair-value] Posting 1 maker-safe orders. Bids: UP=0.48 (EV=0.0930) DOWN=0.42 (EV=0.0070) settlementAnchor=62114.26 predictiveComposite=62116.87
[2026-06-07T07:21:06.666Z] [fair-value] Posting 1 maker-safe orders. Bids: UP=0.48 (EV=0.0930) DOWN=0.42 (EV=0.0070) settlementAnchor=62114.26 predictiveComposite=62116.87
[2026-06-07T07:21:06.847Z] [fair-value] Posting 1 maker-safe orders. Bids: UP=0.48 (EV=0.0930) DOWN=0.42 (EV=0.0070) settlementAnchor=62114.26 predictiveComposite=62116.87
[2026-06-07T07:21:06.848Z] [fair-value] Posting 1 maker-safe orders. Bids: UP=0.48 (EV=0.0930) DOWN=0.42 (EV=0.0070) settlementAnchor=62114.26 predictiveComposite=62116.87
[2026-06-07T07:21:07.392Z] [fair-value] Posting 1 maker-safe orders. Bids: UP=0.48 (EV=0.0930) DOWN=0.42 (EV=0.0070) settlementAnchor=62114.26 predictiveComposite=62116.87
[2026-06-07T07:21:07.393Z] [fair-value] Posting 1 maker-safe orders. Bids: UP=0.48 (EV=0.0930) DOWN=0.42 (EV=0.0070) settlementAnchor=62114.26 predictiveComposite=62116.87
[2026-06-07T07:21:07.586Z] [fair-value] Posting 1 maker-safe orders. Bids: UP=0.48 (EV=0.0931) DOWN=0.42 (EV=0.0069) settlementAnchor=62114.26 predictiveComposite=62116.87
[2026-06-07T07:21:07.590Z] [fair-value] Posting 1 maker-safe orders. Bids: UP=0.48 (EV=0.0931) DOWN=0.42 (EV=0.0069) settlementAnchor=62114.26 predictiveComposite=62116.87
[2026-06-07T07:21:07.591Z] [fair-value] Posting 1 maker-safe orders. Bids: UP=0.48 (EV=0.0931) DOWN=0.42 (EV=0.0069) settlementAnchor=62114.26 predictiveComposite=62116.87
[2026-06-07T07:21:08.058Z] [fair-value] Posting 1 maker-safe orders. Bids: UP=0.48 (EV=0.0931) DOWN=0.42 (EV=0.0069) settlementAnchor=62114.26 predictiveComposite=62116.87
[2026-06-07T07:21:08.059Z] [fair-value] Posting 1 maker-safe orders. Bids: UP=0.48 (EV=0.0931) DOWN=0.42 (EV=0.0069) settlementAnchor=62114.26 predictiveComposite=62116.87
[2026-06-07T07:21:08.406Z] [fair-value] Posting 1 maker-safe orders. Bids: UP=0.48 (EV=0.0931) DOWN=0.42 (EV=0.0069) settlementAnchor=62114.26 predictiveComposite=62116.87
[2026-06-07T07:21:08.407Z] [fair-value] Posting 1 maker-safe orders. Bids: UP=0.48 (EV=0.0931) DOWN=0.42 (EV=0.0069) settlementAnchor=62114.26 predictiveComposite=62116.87
[2026-06-07T07:21:08.419Z] [fair-value] Posting 1 maker-safe orders. Bids: UP=0.48 (EV=0.0932) DOWN=0.42 (EV=0.0068) settlementAnchor=62114.26 predictiveComposite=62116.87
[2026-06-07T07:21:08.420Z] [fair-value] Posting 1 maker-safe orders. Bids: UP=0.48 (EV=0.0932) DOWN=0.42 (EV=0.0068) settlementAnchor=62114.26 predictiveComposite=62116.87
[2026-06-07T07:21:08.421Z] [fair-value] Posting 1 maker-safe orders. Bids: UP=0.48 (EV=0.2086) DOWN=0.3 (EV=0.0114) settlementAnchor=62114.26 predictiveComposite=62116.88
[2026-06-07T07:21:08.423Z] [fair-value] Posting 1 maker-safe orders. Bids: UP=0.48 (EV=0.2086) DOWN=0.3 (EV=0.0114) settlementAnchor=62114.26 predictiveComposite=62116.88
[2026-06-07T07:21:08.424Z] [fair-value] Posting 1 maker-safe orders. Bids: UP=0.48 (EV=0.1185) DOWN=0.39 (EV=0.0115) settlementAnchor=62114.26 predictiveComposite=62117.01
[2026-06-07T07:21:08.425Z] [fair-value] Posting 1 maker-safe orders. Bids: UP=0.48 (EV=0.1185) DOWN=0.39 (EV=0.0115) settlementAnchor=62114.26 predictiveComposite=62117.01
[2026-06-07T07:21:08.607Z] [fair-value] Posting 1 maker-safe orders. Bids: UP=0.48 (EV=0.1185) DOWN=0.39 (EV=0.0115) settlementAnchor=62114.26 predictiveComposite=62117.01
[2026-06-07T07:21:09.044Z] [fair-value] Posting 1 maker-safe orders. Bids: UP=0.48 (EV=0.1141) DOWN=0.4 (EV=0.0059) settlementAnchor=62114.26 predictiveComposite=62116.88
[2026-06-07T07:21:09.045Z] [fair-value] Posting 1 maker-safe orders. Bids: UP=0.48 (EV=0.1141) DOWN=0.4 (EV=0.0059) settlementAnchor=62114.26 predictiveComposite=62116.88
[2026-06-07T07:21:09.211Z] [fair-value] Posting 1 maker-safe orders. Bids: UP=0.48 (EV=0.1142) DOWN=0.4 (EV=0.0058) settlementAnchor=62114.26 predictiveComposite=62116.89
[2026-06-07T07:21:09.212Z] [fair-value] Posting 1 maker-safe orders. Bids: UP=0.48 (EV=0.1142) DOWN=0.4 (EV=0.0058) settlementAnchor=62114.26 predictiveComposite=62116.89
[2026-06-07T07:21:09.212Z] [fair-value] Posting 1 maker-safe orders. Bids: UP=0.48 (EV=0.1143) DOWN=0.4 (EV=0.0057) settlementAnchor=62114.26 predictiveComposite=62116.89
[2026-06-07T07:21:09.212Z] [fair-value] Posting 1 maker-safe orders. Bids: UP=0.48 (EV=0.1143) DOWN=0.4 (EV=0.0057) settlementAnchor=62114.26 predictiveComposite=62116.89
[2026-06-07T07:21:09.213Z] [fair-value] Posting 1 maker-safe orders. Bids: UP=0.48 (EV=0.1143) DOWN=0.4 (EV=0.0057) settlementAnchor=62114.26 predictiveComposite=62116.89
[2026-06-07T07:21:09.213Z] [fair-value] Posting 1 maker-safe orders. Bids: UP=0.48 (EV=0.1143) DOWN=0.4 (EV=0.0057) settlementAnchor=62114.26 predictiveComposite=62116.89
[2026-06-07T07:21:09.214Z] [fair-value] Posting 1 maker-safe orders. Bids: UP=0.48 (EV=0.1334) DOWN=0.38 (EV=0.0066) settlementAnchor=62114.26 predictiveComposite=62117.45
[2026-06-07T07:21:09.214Z] [fair-value] Posting 1 maker-safe orders. Bids: UP=0.48 (EV=0.1334) DOWN=0.38 (EV=0.0066) settlementAnchor=62114.26 predictiveComposite=62117.45
[2026-06-07T07:21:09.214Z] [fair-value] Posting 1 maker-safe orders. Bids: UP=0.48 (EV=0.1334) DOWN=0.38 (EV=0.0066) settlementAnchor=62114.26 predictiveComposite=62117.46
[2026-06-07T07:21:09.215Z] [fair-value] Posting 1 maker-safe orders. Bids: UP=0.48 (EV=0.1334) DOWN=0.38 (EV=0.0066) settlementAnchor=62114.26 predictiveComposite=62117.46
[2026-06-07T07:21:09.215Z] [fair-value] Posting 1 maker-safe orders. Bids: UP=0.48 (EV=0.1085) DOWN=0.4 (EV=0.0115) settlementAnchor=62114.26 predictiveComposite=62117.52
[2026-06-07T07:21:09.215Z] [fair-value] Posting 1 maker-safe orders. Bids: UP=0.48 (EV=0.1085) DOWN=0.4 (EV=0.0115) settlementAnchor=62114.26 predictiveComposite=62117.52
[2026-06-07T07:21:09.216Z] [fair-value] Posting 1 maker-safe orders. Bids: UP=0.48 (EV=0.1086) DOWN=0.4 (EV=0.0114) settlementAnchor=62114.26 predictiveComposite=62117.52
[2026-06-07T07:21:09.216Z] [fair-value] Posting 1 maker-safe orders. Bids: UP=0.48 (EV=0.1086) DOWN=0.4 (EV=0.0114) settlementAnchor=62114.26 predictiveComposite=62117.52
[2026-06-07T07:21:09.216Z] [fair-value] Posting 1 maker-safe orders. Bids: UP=0.48 (EV=0.1200) DOWN=0.39 (EV=0.0100) settlementAnchor=62114.26 predictiveComposite=62117.76
[2026-06-07T07:21:09.217Z] [fair-value] Posting 1 maker-safe orders. Bids: UP=0.48 (EV=0.1200) DOWN=0.39 (EV=0.0100) settlementAnchor=62114.26 predictiveComposite=62117.76
[2026-06-07T07:21:09.217Z] [fair-value] Posting 1 maker-safe orders. Bids: UP=0.48 (EV=0.1200) DOWN=0.39 (EV=0.0100) settlementAnchor=62114.26 predictiveComposite=62117.76
[2026-06-07T07:21:09.218Z] [fair-value] Posting 1 maker-safe orders. Bids: UP=0.48 (EV=0.1200) DOWN=0.39 (EV=0.0100) settlementAnchor=62114.26 predictiveComposite=62117.76
[2026-06-07T07:21:09.218Z] [fair-value] Posting 1 maker-safe orders. Bids: UP=0.48 (EV=0.1201) DOWN=0.39 (EV=0.0099) settlementAnchor=62114.26 predictiveComposite=62117.76
[2026-06-07T07:21:09.218Z] [fair-value] Posting 1 maker-safe orders. Bids: UP=0.48 (EV=0.1201) DOWN=0.39 (EV=0.0099) settlementAnchor=62114.26 predictiveComposite=62117.76
[2026-06-07T07:21:09.389Z] [fair-value] Posting 1 maker-safe orders. Bids: UP=0.48 (EV=0.1200) DOWN=0.39 (EV=0.0100) settlementAnchor=62114.26 predictiveComposite=62117.76
[2026-06-07T07:21:09.389Z] [fair-value] Posting 1 maker-safe orders. Bids: UP=0.48 (EV=0.1200) DOWN=0.39 (EV=0.0100) settlementAnchor=62114.26 predictiveComposite=62117.76
[2026-06-07T07:21:09.392Z] [fair-value] Posting 1 maker-safe orders. Bids: UP=0.48 (EV=0.1200) DOWN=0.39 (EV=0.0100) settlementAnchor=62114.26 predictiveComposite=62117.76
[2026-06-07T07:21:09.393Z] [fair-value] Posting 1 maker-safe orders. Bids: UP=0.48 (EV=0.1200) DOWN=0.39 (EV=0.0100) settlementAnchor=62114.26 predictiveComposite=62117.76
[2026-06-07T07:21:09.620Z] [fair-value] Posting 1 maker-safe orders. Bids: UP=0.48 (EV=0.1200) DOWN=0.39 (EV=0.0100) settlementAnchor=62114.26 predictiveComposite=62117.76
[2026-06-07T07:21:09.868Z] [fair-value] Posting 1 maker-safe orders. Bids: UP=0.48 (EV=0.1201) DOWN=0.39 (EV=0.0099) settlementAnchor=62114.26 predictiveComposite=62117.76
[2026-06-07T07:21:09.869Z] [fair-value] Posting 1 maker-safe orders. Bids: UP=0.48 (EV=0.1201) DOWN=0.39 (EV=0.0099) settlementAnchor=62114.26 predictiveComposite=62117.76
[2026-06-07T07:21:10.319Z] [fair-value] Posting 1 maker-safe orders. Bids: UP=0.48 (EV=0.1201) DOWN=0.39 (EV=0.0099) settlementAnchor=62114.26 predictiveComposite=62117.76
[2026-06-07T07:21:10.321Z] [fair-value] Posting 1 maker-safe orders. Bids: UP=0.48 (EV=0.1201) DOWN=0.39 (EV=0.0099) settlementAnchor=62114.26 predictiveComposite=62117.76
[2026-06-07T07:21:10.397Z] [fair-value] Posting 1 maker-safe orders. Bids: UP=0.48 (EV=0.1201) DOWN=0.39 (EV=0.0099) settlementAnchor=62114.26 predictiveComposite=62117.76
[2026-06-07T07:21:10.397Z] [fair-value] Posting 1 maker-safe orders. Bids: UP=0.48 (EV=0.1201) DOWN=0.39 (EV=0.0099) settlementAnchor=62114.26 predictiveComposite=62117.76
[2026-06-07T07:21:10.400Z] [fair-value] Posting 1 maker-safe orders. Bids: UP=0.48 (EV=0.1201) DOWN=0.39 (EV=0.0099) settlementAnchor=62114.26 predictiveComposite=62117.76
[2026-06-07T07:21:10.400Z] [fair-value] Posting 1 maker-safe orders. Bids: UP=0.48 (EV=0.1201) DOWN=0.39 (EV=0.0099) settlementAnchor=62114.26 predictiveComposite=62117.76
[2026-06-07T07:21:10.401Z] [fair-value] Posting 1 maker-safe orders. Bids: UP=0.48 (EV=0.1200) DOWN=0.39 (EV=0.0100) settlementAnchor=62114.26 predictiveComposite=62117.76
[2026-06-07T07:21:10.402Z] [fair-value] Posting 1 maker-safe orders. Bids: UP=0.48 (EV=0.1200) DOWN=0.39 (EV=0.0100) settlementAnchor=62114.26 predictiveComposite=62117.76
[2026-06-07T07:21:10.495Z] [fair-value] Posting 1 maker-safe orders. Bids: UP=0.48 (EV=0.1204) DOWN=0.39 (EV=0.0096) settlementAnchor=62114.26 predictiveComposite=62117.76
[2026-06-07T07:21:10.496Z] [fair-value] Posting 1 maker-safe orders. Bids: UP=0.48 (EV=0.1204) DOWN=0.39 (EV=0.0096) settlementAnchor=62114.26 predictiveComposite=62117.76
[2026-06-07T07:21:10.496Z] [fair-value] Posting 1 maker-safe orders. Bids: UP=0.48 (EV=0.0346) DOWN=0.47 (EV=0.0154) settlementAnchor=62114.26 predictiveComposite=62117.18
[2026-06-07T07:21:10.497Z] [fair-value] Posting 1 maker-safe orders. Bids: UP=0.48 (EV=0.0346) DOWN=0.47 (EV=0.0154) settlementAnchor=62114.26 predictiveComposite=62117.18
[2026-06-07T07:21:10.497Z] [fair-value] Posting 1 maker-safe orders. Bids: UP=0.48 (EV=0.0346) DOWN=0.47 (EV=0.0154) settlementAnchor=62114.26 predictiveComposite=62117.18
[2026-06-07T07:21:10.498Z] [fair-value] Posting 1 maker-safe orders. Bids: UP=0.48 (EV=0.0346) DOWN=0.47 (EV=0.0154) settlementAnchor=62114.26 predictiveComposite=62117.18
[2026-06-07T07:21:10.498Z] [fair-value] Posting 1 maker-safe orders. Bids: UP=0.48 (EV=0.0319) DOWN=0.47 (EV=0.0181) settlementAnchor=62114.26 predictiveComposite=62116.86
[2026-06-07T07:21:10.499Z] [fair-value] Posting 1 maker-safe orders. Bids: UP=0.48 (EV=0.0319) DOWN=0.47 (EV=0.0181) settlementAnchor=62114.26 predictiveComposite=62116.86
[2026-06-07T07:21:10.500Z] [fair-value] Posting 1 maker-safe orders. Bids: UP=0.48 (EV=0.0306) DOWN=0.48 (EV=0.0094) settlementAnchor=62114.26 predictiveComposite=62116.65
[2026-06-07T07:21:10.500Z] [fair-value] Posting 1 maker-safe orders. Bids: UP=0.48 (EV=0.0306) DOWN=0.48 (EV=0.0094) settlementAnchor=62114.26 predictiveComposite=62116.65
[2026-06-07T07:21:10.501Z] [fair-value] Posting 1 maker-safe orders. Bids: UP=0.48 (EV=0.0294) DOWN=0.48 (EV=0.0106) settlementAnchor=62114.26 predictiveComposite=62116.38
[2026-06-07T07:21:10.501Z] [fair-value] Posting 1 maker-safe orders. Bids: UP=0.48 (EV=0.0294) DOWN=0.48 (EV=0.0106) settlementAnchor=62114.26 predictiveComposite=62116.38
[2026-06-07T07:21:10.502Z] [fair-value] Posting 1 maker-safe orders. Bids: UP=0.48 (EV=0.0293) DOWN=0.48 (EV=0.0107) settlementAnchor=62114.26 predictiveComposite=62116.36
[2026-06-07T07:21:10.503Z] [fair-value] Posting 1 maker-safe orders. Bids: UP=0.48 (EV=0.0293) DOWN=0.48 (EV=0.0107) settlementAnchor=62114.26 predictiveComposite=62116.36
[2026-06-07T07:21:10.505Z] [fair-value] Posting 1 maker-safe orders. Bids: UP=0.48 (EV=0.0285) DOWN=0.48 (EV=0.0115) settlementAnchor=62114.26 predictiveComposite=62116.15
[2026-06-07T07:21:10.505Z] [fair-value] Posting 1 maker-safe orders. Bids: UP=0.48 (EV=0.0285) DOWN=0.48 (EV=0.0115) settlementAnchor=62114.26 predictiveComposite=62116.15
[2026-06-07T07:21:10.506Z] [fair-value] Posting 1 maker-safe orders. Bids: UP=0.48 (EV=0.0265) DOWN=0.48 (EV=0.0135) settlementAnchor=62114.26 predictiveComposite=62115.69
[2026-06-07T07:21:10.507Z] [fair-value] Posting 1 maker-safe orders. Bids: UP=0.48 (EV=0.0265) DOWN=0.48 (EV=0.0135) settlementAnchor=62114.26 predictiveComposite=62115.69
[2026-06-07T07:21:10.509Z] [fair-value] Posting 1 maker-safe orders. Bids: UP=0.48 (EV=0.0263) DOWN=0.48 (EV=0.0137) settlementAnchor=62114.26 predictiveComposite=62115.64
[2026-06-07T07:21:10.509Z] [fair-value] Posting 1 maker-safe orders. Bids: UP=0.48 (EV=0.0263) DOWN=0.48 (EV=0.0137) settlementAnchor=62114.26 predictiveComposite=62115.64
[2026-06-07T07:21:10.510Z] [fair-value] Posting 1 maker-safe orders. Bids: UP=0.48 (EV=0.0265) DOWN=0.48 (EV=0.0135) settlementAnchor=62114.26 predictiveComposite=62115.69
[2026-06-07T07:21:10.510Z] [fair-value] Posting 1 maker-safe orders. Bids: UP=0.48 (EV=0.0265) DOWN=0.48 (EV=0.0135) settlementAnchor=62114.26 predictiveComposite=62115.69
[2026-06-07T07:21:10.511Z] [fair-value] Posting 1 maker-safe orders. Bids: UP=0.48 (EV=0.0227) DOWN=0.48 (EV=0.0173) settlementAnchor=62114.26 predictiveComposite=62114.70
[2026-06-07T07:21:10.511Z] [fair-value] Posting 1 maker-safe orders. Bids: UP=0.48 (EV=0.0227) DOWN=0.48 (EV=0.0173) settlementAnchor=62114.26 predictiveComposite=62114.70
[2026-06-07T07:21:10.619Z] [fair-value] Posting 1 maker-safe orders. Bids: UP=0.48 (EV=0.0227) DOWN=0.48 (EV=0.0173) settlementAnchor=62114.26 predictiveComposite=62114.70
[2026-06-07T07:21:11.389Z] [fair-value] Posting 1 maker-safe orders. Bids: UP=0.47 (EV=0.0217) DOWN=0.49 (EV=0.0183) settlementAnchor=62114.26 predictiveComposite=62108.93
[2026-06-07T07:21:11.389Z] [fair-value] Posting 1 maker-safe orders. Bids: UP=0.47 (EV=0.0217) DOWN=0.49 (EV=0.0183) settlementAnchor=62114.26 predictiveComposite=62108.93
[2026-06-07T07:21:11.622Z] [fair-value] Posting 1 maker-safe orders. Bids: UP=0.47 (EV=0.0217) DOWN=0.49 (EV=0.0183) settlementAnchor=62114.26 predictiveComposite=62108.94
[2026-06-07T07:21:11.623Z] [fair-value] Posting 1 maker-safe orders. Bids: UP=0.47 (EV=0.0217) DOWN=0.49 (EV=0.0183) settlementAnchor=62114.26 predictiveComposite=62108.94
[2026-06-07T07:21:11.623Z] [fair-value] Posting 1 maker-safe orders. Bids: UP=0.47 (EV=0.0217) DOWN=0.49 (EV=0.0183) settlementAnchor=62114.26 predictiveComposite=62108.94
[2026-06-07T07:21:11.791Z] [fair-value] Posting 1 maker-safe orders. Bids: UP=0.47 (EV=0.0217) DOWN=0.49 (EV=0.0183) settlementAnchor=62114.26 predictiveComposite=62108.93
[2026-06-07T07:21:11.792Z] [fair-value] Posting 1 maker-safe orders. Bids: UP=0.47 (EV=0.0217) DOWN=0.49 (EV=0.0183) settlementAnchor=62114.26 predictiveComposite=62108.93
[2026-06-07T07:21:12.391Z] [fair-value] Posting 1 maker-safe orders. Bids: UP=0.47 (EV=0.0217) DOWN=0.49 (EV=0.0183) settlementAnchor=62114.26 predictiveComposite=62108.93
[2026-06-07T07:21:12.392Z] [fair-value] Posting 1 maker-safe orders. Bids: UP=0.47 (EV=0.0217) DOWN=0.49 (EV=0.0183) settlementAnchor=62114.26 predictiveComposite=62108.93
[2026-06-07T07:21:12.633Z] [fair-value] Posting 1 maker-safe orders. Bids: UP=0.47 (EV=0.0217) DOWN=0.49 (EV=0.0183) settlementAnchor=62114.26 predictiveComposite=62108.93
[2026-06-07T07:21:12.637Z] [fair-value] Posting 1 maker-safe orders. Bids: UP=0.47 (EV=0.0217) DOWN=0.49 (EV=0.0183) settlementAnchor=62114.26 predictiveComposite=62108.93
[2026-06-07T07:21:12.637Z] [fair-value] Posting 1 maker-safe orders. Bids: UP=0.47 (EV=0.0217) DOWN=0.49 (EV=0.0183) settlementAnchor=62114.26 predictiveComposite=62108.93
[2026-06-07T07:21:13.392Z] [fair-value] Posting 1 maker-safe orders. Bids: UP=0.47 (EV=0.0217) DOWN=0.49 (EV=0.0183) settlementAnchor=62114.26 predictiveComposite=62108.93
[2026-06-07T07:21:13.393Z] [fair-value] Posting 1 maker-safe orders. Bids: UP=0.47 (EV=0.0217) DOWN=0.49 (EV=0.0183) settlementAnchor=62114.26 predictiveComposite=62108.93
[2026-06-07T07:21:13.634Z] [fair-value] Posting 1 maker-safe orders. Bids: UP=0.47 (EV=0.0217) DOWN=0.49 (EV=0.0183) settlementAnchor=62114.26 predictiveComposite=62108.93
[2026-06-07T07:21:13.898Z] [fair-value] Posting 1 maker-safe orders. Bids: UP=0.47 (EV=0.0217) DOWN=0.49 (EV=0.0183) settlementAnchor=62114.26 predictiveComposite=62108.94
[2026-06-07T07:21:13.899Z] [fair-value] Posting 1 maker-safe orders. Bids: UP=0.47 (EV=0.0217) DOWN=0.49 (EV=0.0183) settlementAnchor=62114.26 predictiveComposite=62108.94
[2026-06-07T07:21:14.037Z] [fair-value] Posting 1 maker-safe orders. Bids: UP=0.47 (EV=0.0217) DOWN=0.49 (EV=0.0183) settlementAnchor=62114.26 predictiveComposite=62108.95
[2026-06-07T07:21:14.038Z] [fair-value] Posting 1 maker-safe orders. Bids: UP=0.47 (EV=0.0217) DOWN=0.49 (EV=0.0183) settlementAnchor=62114.26 predictiveComposite=62108.95
[2026-06-07T07:21:14.038Z] [fair-value] Posting 1 maker-safe orders. Bids: UP=0.48 (EV=0.0124) DOWN=0.49 (EV=0.0176) settlementAnchor=62114.26 predictiveComposite=62109.21
[2026-06-07T07:21:14.039Z] [fair-value] Posting 1 maker-safe orders. Bids: UP=0.48 (EV=0.0124) DOWN=0.49 (EV=0.0176) settlementAnchor=62114.26 predictiveComposite=62109.21
[2026-06-07T07:21:14.039Z] [fair-value] Posting 1 maker-safe orders. Bids: UP=0.48 (EV=0.0135) DOWN=0.49 (EV=0.0165) settlementAnchor=62114.26 predictiveComposite=62109.79
[2026-06-07T07:21:14.040Z] [fair-value] Posting 1 maker-safe orders. Bids: UP=0.48 (EV=0.0135) DOWN=0.49 (EV=0.0165) settlementAnchor=62114.26 predictiveComposite=62109.79
[2026-06-07T07:21:14.041Z] [fair-value] Posting 1 maker-safe orders. Bids: UP=0.48 (EV=0.0135) DOWN=0.49 (EV=0.0165) settlementAnchor=62114.26 predictiveComposite=62109.79
[2026-06-07T07:21:14.041Z] [fair-value] Posting 1 maker-safe orders. Bids: UP=0.48 (EV=0.0135) DOWN=0.49 (EV=0.0165) settlementAnchor=62114.26 predictiveComposite=62109.79
[2026-06-07T07:21:14.042Z] [fair-value] Posting 1 maker-safe orders. Bids: UP=0.48 (EV=0.0142) DOWN=0.49 (EV=0.0158) settlementAnchor=62114.26 predictiveComposite=62110.19
[2026-06-07T07:21:14.042Z] [fair-value] Posting 1 maker-safe orders. Bids: UP=0.48 (EV=0.0142) DOWN=0.49 (EV=0.0158) settlementAnchor=62114.26 predictiveComposite=62110.19
[2026-06-07T07:21:14.409Z] [fair-value] Posting 1 maker-safe orders. Bids: UP=0.48 (EV=0.0141) DOWN=0.49 (EV=0.0159) settlementAnchor=62114.26 predictiveComposite=62110.19
[2026-06-07T07:21:14.409Z] [fair-value] Posting 1 maker-safe orders. Bids: UP=0.48 (EV=0.0141) DOWN=0.49 (EV=0.0159) settlementAnchor=62114.26 predictiveComposite=62110.19
[2026-06-07T07:21:14.493Z] [fair-value] Posting 1 maker-safe orders. Bids: UP=0.48 (EV=0.0146) DOWN=0.49 (EV=0.0154) settlementAnchor=62114.26 predictiveComposite=62110.49
[2026-06-07T07:21:14.494Z] [fair-value] Posting 1 maker-safe orders. Bids: UP=0.48 (EV=0.0146) DOWN=0.49 (EV=0.0154) settlementAnchor=62114.26 predictiveComposite=62110.49
[2026-06-07T07:21:14.648Z] [fair-value] Posting 1 maker-safe orders. Bids: UP=0.48 (EV=0.0146) DOWN=0.49 (EV=0.0154) settlementAnchor=62114.26 predictiveComposite=62110.49
[2026-06-07T07:21:14.906Z] [fair-value] Posting 1 maker-safe orders. Bids: UP=0.48 (EV=0.0135) DOWN=0.49 (EV=0.0165) settlementAnchor=62114.26 predictiveComposite=62109.91
[2026-06-07T07:21:14.907Z] [btc-updown-5m-1780817100] Live placement gated: waiting for 1 cancel(s) to confirm
[2026-06-07T07:21:14.908Z] [fair-value] Posting 1 maker-safe orders. Bids: UP=0.48 (EV=0.0135) DOWN=0.49 (EV=0.0165) settlementAnchor=62114.26 predictiveComposite=62109.91
[2026-06-07T07:21:15.087Z] [wallet] unlockBuy [btc-updown-5m-1780817100] BUY UP @ 0.48: +$2.65 | avail=$13.25
[2026-06-07T07:21:15.152Z] [fair-value] Posting 2 maker-safe orders. Bids: UP=0.48 (EV=0.0134) DOWN=0.49 (EV=0.0166) settlementAnchor=62114.26 predictiveComposite=62109.91
[2026-06-07T07:21:15.153Z] [fair-value] Posting 1 maker-safe orders. Bids: UP=0.48 (EV=0.0134) DOWN=0.49 (EV=0.0166) settlementAnchor=62114.26 predictiveComposite=62109.91
[2026-06-07T07:21:15.502Z] [wallet] lockBuy [btc-updown-5m-1780817100] BUY DOWN @ 0.49: -$2.65 | avail=$10.60
[2026-06-07T07:21:15.503Z] [wallet] lockBuy [btc-updown-5m-1780817100] BUY UP @ 0.48: -$2.65 | avail=$7.95
[2026-06-07T07:21:15.952Z] [fair-value] Canceling stale UP quote: 0.48 (Edge: 0.0033 < 0.005)
[2026-06-07T07:21:15.953Z] [fair-value] Posting 1 maker-safe orders. Bids: UP=0.47 (EV=0.0133) DOWN=0.5 (EV=0.0167) settlementAnchor=62114.26 predictiveComposite=62108.93
[2026-06-07T07:21:15.953Z] [btc-updown-5m-1780817100] Live placement gated: waiting for 1 cancel(s) to confirm
[2026-06-07T07:21:15.953Z] [fair-value] Canceling stale UP quote: 0.48 (Edge: 0.0033 < 0.005)
[2026-06-07T07:21:15.953Z] [fair-value] Posting 1 maker-safe orders. Bids: UP=0.47 (EV=0.0133) DOWN=0.5 (EV=0.0167) settlementAnchor=62114.26 predictiveComposite=62108.93
[2026-06-07T07:21:16.111Z] [fair-value] Canceling stale UP quote: 0.48 (Edge: 0.0010 < 0.005)
[2026-06-07T07:21:16.111Z] [fair-value] Replacing DOWN quote: 0.49 -> 0.51
[2026-06-07T07:21:16.111Z] [fair-value] Posting 2 maker-safe orders. Bids: UP=0.47 (EV=0.0110) DOWN=0.51 (EV=0.0090) settlementAnchor=62114.26 predictiveComposite=62108.23
[2026-06-07T07:21:16.111Z] [fair-value] Canceling stale UP quote: 0.48 (Edge: 0.0010 < 0.005)
[2026-06-07T07:21:16.112Z] [fair-value] Replacing DOWN quote: 0.49 -> 0.51
[2026-06-07T07:21:16.112Z] [fair-value] Posting 2 maker-safe orders. Bids: UP=0.47 (EV=0.0110) DOWN=0.51 (EV=0.0090) settlementAnchor=62114.26 predictiveComposite=62108.23
[2026-06-07T07:21:16.112Z] [fair-value] Canceling stale UP quote: 0.48 (Edge: 0.0010 < 0.005)
[2026-06-07T07:21:16.112Z] [fair-value] Replacing DOWN quote: 0.49 -> 0.51
[2026-06-07T07:21:16.112Z] [fair-value] Posting 2 maker-safe orders. Bids: UP=0.47 (EV=0.0110) DOWN=0.51 (EV=0.0090) settlementAnchor=62114.26 predictiveComposite=62108.23
[2026-06-07T07:21:16.113Z] [fair-value] Canceling stale UP quote: 0.48 (Edge: 0.0010 < 0.005)
[2026-06-07T07:21:16.113Z] [fair-value] Replacing DOWN quote: 0.49 -> 0.51
[2026-06-07T07:21:16.113Z] [fair-value] Posting 2 maker-safe orders. Bids: UP=0.47 (EV=0.0110) DOWN=0.51 (EV=0.0090) settlementAnchor=62114.26 predictiveComposite=62108.23
[2026-06-07T07:21:16.114Z] [fair-value] Canceling stale UP quote: 0.48 (Edge: 0.0010 < 0.005)
[2026-06-07T07:21:16.114Z] [fair-value] Replacing DOWN quote: 0.49 -> 0.51
[2026-06-07T07:21:16.114Z] [fair-value] Posting 2 maker-safe orders. Bids: UP=0.47 (EV=0.0110) DOWN=0.51 (EV=0.0090) settlementAnchor=62114.26 predictiveComposite=62108.23
[2026-06-07T07:21:16.114Z] [fair-value] Canceling stale UP quote: 0.48 (Edge: 0.0010 < 0.005)
[2026-06-07T07:21:16.114Z] [fair-value] Replacing DOWN quote: 0.49 -> 0.51
[2026-06-07T07:21:16.114Z] [fair-value] Posting 2 maker-safe orders. Bids: UP=0.47 (EV=0.0110) DOWN=0.51 (EV=0.0090) settlementAnchor=62114.26 predictiveComposite=62108.23
[2026-06-07T07:21:16.115Z] [fair-value] Canceling stale UP quote: 0.48 (Edge: 0.0013 < 0.005)
[2026-06-07T07:21:16.115Z] [fair-value] Posting 1 maker-safe orders. Bids: UP=0.47 (EV=0.0113) DOWN=0.5 (EV=0.0187) settlementAnchor=62114.26 predictiveComposite=62107.99
[2026-06-07T07:21:16.116Z] [fair-value] Canceling stale UP quote: 0.48 (Edge: 0.0013 < 0.005)
[2026-06-07T07:21:16.117Z] [fair-value] Posting 1 maker-safe orders. Bids: UP=0.47 (EV=0.0113) DOWN=0.5 (EV=0.0187) settlementAnchor=62114.26 predictiveComposite=62107.99
[2026-06-07T07:21:16.118Z] [fair-value] Canceling stale UP quote: 0.48 (Edge: 0.0012 < 0.005)
[2026-06-07T07:21:16.118Z] [fair-value] Posting 1 maker-safe orders. Bids: UP=0.47 (EV=0.0112) DOWN=0.5 (EV=0.0188) settlementAnchor=62114.26 predictiveComposite=62107.48
[2026-06-07T07:21:16.119Z] [fair-value] Canceling stale UP quote: 0.48 (Edge: 0.0012 < 0.005)
[2026-06-07T07:21:16.119Z] [fair-value] Posting 1 maker-safe orders. Bids: UP=0.47 (EV=0.0112) DOWN=0.5 (EV=0.0188) settlementAnchor=62114.26 predictiveComposite=62107.48
[2026-06-07T07:21:16.129Z] [wallet] unlockBuy [btc-updown-5m-1780817100] BUY UP @ 0.48: +$2.65 | avail=$10.60
[2026-06-07T07:21:16.130Z] [fair-value] Replacing DOWN quote: 0.49 -> 0.51
[2026-06-07T07:21:16.130Z] [fair-value] Posting 2 maker-safe orders. Bids: UP=0.46 (EV=0.0188) DOWN=0.51 (EV=0.0112) settlementAnchor=62114.26 predictiveComposite=62107.05
[2026-06-07T07:21:16.130Z] [fair-value] Replacing DOWN quote: 0.49 -> 0.51
[2026-06-07T07:21:16.130Z] [fair-value] Posting 2 maker-safe orders. Bids: UP=0.46 (EV=0.0188) DOWN=0.51 (EV=0.0112) settlementAnchor=62114.26 predictiveComposite=62107.05
[2026-06-07T07:21:16.240Z] [fair-value] Replacing DOWN quote: 0.49 -> 0.51
[2026-06-07T07:21:16.240Z] [fair-value] Posting 2 maker-safe orders. Bids: UP=0.45 (EV=0.0162) DOWN=0.51 (EV=0.0238) settlementAnchor=62114.26 predictiveComposite=62107.05
[2026-06-07T07:21:16.241Z] [fair-value] Replacing DOWN quote: 0.49 -> 0.51
[2026-06-07T07:21:16.241Z] [fair-value] Posting 2 maker-safe orders. Bids: UP=0.45 (EV=0.0162) DOWN=0.51 (EV=0.0238) settlementAnchor=62114.26 predictiveComposite=62107.05
[2026-06-07T07:21:16.241Z] [fair-value] Replacing DOWN quote: 0.49 -> 0.51
[2026-06-07T07:21:16.242Z] [fair-value] Posting 2 maker-safe orders. Bids: UP=0.45 (EV=0.0162) DOWN=0.51 (EV=0.0238) settlementAnchor=62114.26 predictiveComposite=62107.05
[2026-06-07T07:21:16.242Z] [fair-value] Replacing DOWN quote: 0.49 -> 0.51
[2026-06-07T07:21:16.242Z] [fair-value] Posting 2 maker-safe orders. Bids: UP=0.45 (EV=0.0162) DOWN=0.51 (EV=0.0238) settlementAnchor=62114.26 predictiveComposite=62107.05
[2026-06-07T07:21:16.282Z] [wallet] unlockBuy [btc-updown-5m-1780817100] BUY DOWN @ 0.49: +$2.65 | avail=$13.25
[2026-06-07T07:21:16.391Z] [fair-value] Posting 2 maker-safe orders. Bids: UP=0.45 (EV=0.0087) DOWN=0.51 (EV=0.0313) settlementAnchor=62114.26 predictiveComposite=62107.05
[2026-06-07T07:21:16.392Z] [fair-value] Posting 1 maker-safe orders. Bids: UP=0.45 (EV=0.0087) DOWN=0.51 (EV=0.0313) settlementAnchor=62114.26 predictiveComposite=62107.05
[2026-06-07T07:21:16.570Z] [wallet] lockBuy [btc-updown-5m-1780817100] BUY DOWN @ 0.51: -$2.55 | avail=$10.70
[2026-06-07T07:21:16.751Z] [wallet] lockBuy [btc-updown-5m-1780817100] BUY UP @ 0.45: -$2.25 | avail=$8.45
[2026-06-07T07:21:17.092Z] [fair-value] Canceling stale UP quote: 0.45 (Edge: 0.0035 < 0.005)
[2026-06-07T07:21:17.092Z] [fair-value] Posting 1 maker-safe orders. Bids: UP=0.44 (EV=0.0135) DOWN=0.51 (EV=0.0365) settlementAnchor=62114.26 predictiveComposite=62106.23
[2026-06-07T07:21:17.092Z] [btc-updown-5m-1780817100] Live placement gated: waiting for 1 cancel(s) to confirm
[2026-06-07T07:21:17.092Z] [fair-value] Canceling stale UP quote: 0.45 (Edge: 0.0035 < 0.005)
[2026-06-07T07:21:17.093Z] [fair-value] Posting 1 maker-safe orders. Bids: UP=0.44 (EV=0.0135) DOWN=0.51 (EV=0.0365) settlementAnchor=62114.26 predictiveComposite=62106.23
[2026-06-07T07:21:17.391Z] [fair-value] Canceling stale UP quote: 0.45 (Edge: 0.0035 < 0.005)
[2026-06-07T07:21:17.392Z] [fair-value] Posting 1 maker-safe orders. Bids: UP=0.44 (EV=0.0135) DOWN=0.51 (EV=0.0365) settlementAnchor=62114.26 predictiveComposite=62106.24
[2026-06-07T07:21:17.392Z] [fair-value] Canceling stale UP quote: 0.45 (Edge: 0.0035 < 0.005)
[2026-06-07T07:21:17.392Z] [fair-value] Posting 1 maker-safe orders. Bids: UP=0.44 (EV=0.0135) DOWN=0.51 (EV=0.0365) settlementAnchor=62114.26 predictiveComposite=62106.24
[2026-06-07T07:21:17.421Z] [wallet] unlockBuy [btc-updown-5m-1780817100] BUY UP @ 0.45: +$2.25 | avail=$10.70
[2026-06-07T07:21:17.662Z] [fair-value] Posting 1 maker-safe orders. Bids: UP=0.44 (EV=0.0135) DOWN=0.51 (EV=0.0365) settlementAnchor=62114.26 predictiveComposite=62106.24
[2026-06-07T07:21:17.679Z] [fair-value] Posting 1 maker-safe orders. Bids: UP=0.44 (EV=0.0135) DOWN=0.51 (EV=0.0365) settlementAnchor=62114.26 predictiveComposite=62106.24
[2026-06-07T07:21:17.679Z] [fair-value] Posting 1 maker-safe orders. Bids: UP=0.44 (EV=0.0135) DOWN=0.51 (EV=0.0365) settlementAnchor=62114.26 predictiveComposite=62106.24
[2026-06-07T07:21:17.680Z] [fair-value] Posting 1 maker-safe orders. Bids: UP=0.46 (EV=0.0156) DOWN=0.51 (EV=0.0144) settlementAnchor=62114.26 predictiveComposite=62106.80
[2026-06-07T07:21:17.680Z] [fair-value] Posting 1 maker-safe orders. Bids: UP=0.46 (EV=0.0156) DOWN=0.51 (EV=0.0144) settlementAnchor=62114.26 predictiveComposite=62106.80
[2026-06-07T07:21:17.681Z] [fair-value] Posting 1 maker-safe orders. Bids: UP=0.46 (EV=0.0180) DOWN=0.51 (EV=0.0120) settlementAnchor=62114.26 predictiveComposite=62107.05
[2026-06-07T07:21:17.682Z] [fair-value] Posting 1 maker-safe orders. Bids: UP=0.46 (EV=0.0180) DOWN=0.51 (EV=0.0120) settlementAnchor=62114.26 predictiveComposite=62107.05
[2026-06-07T07:21:17.850Z] [fair-value] Posting 1 maker-safe orders. Bids: UP=0.47 (EV=0.0097) DOWN=0.51 (EV=0.0103) settlementAnchor=62114.26 predictiveComposite=62107.55
[2026-06-07T07:21:17.850Z] [fair-value] Posting 1 maker-safe orders. Bids: UP=0.47 (EV=0.0097) DOWN=0.51 (EV=0.0103) settlementAnchor=62114.26 predictiveComposite=62107.55
[2026-06-07T07:21:17.850Z] [fair-value] Posting 1 maker-safe orders. Bids: UP=0.47 (EV=0.0097) DOWN=0.51 (EV=0.0103) settlementAnchor=62114.26 predictiveComposite=62107.55
[2026-06-07T07:21:17.851Z] [fair-value] Posting 1 maker-safe orders. Bids: UP=0.47 (EV=0.0097) DOWN=0.51 (EV=0.0103) settlementAnchor=62114.26 predictiveComposite=62107.55
[2026-06-07T07:21:18.027Z] [fair-value] Posting 1 maker-safe orders. Bids: UP=0.47 (EV=0.0123) DOWN=0.5 (EV=0.0177) settlementAnchor=62114.26 predictiveComposite=62108.33
[2026-06-07T07:21:18.027Z] [fair-value] Posting 1 maker-safe orders. Bids: UP=0.47 (EV=0.0123) DOWN=0.5 (EV=0.0177) settlementAnchor=62114.26 predictiveComposite=62108.33
[2026-06-07T07:21:18.336Z] [fair-value] Posting 1 maker-safe orders. Bids: UP=0.47 (EV=0.0122) DOWN=0.5 (EV=0.0178) settlementAnchor=62114.26 predictiveComposite=62108.33
[2026-06-07T07:21:18.337Z] [fair-value] Posting 1 maker-safe orders. Bids: UP=0.47 (EV=0.0122) DOWN=0.5 (EV=0.0178) settlementAnchor=62114.26 predictiveComposite=62108.33
[2026-06-07T07:21:18.386Z] [fair-value] Posting 1 maker-safe orders. Bids: UP=0.47 (EV=0.0122) DOWN=0.5 (EV=0.0178) settlementAnchor=62114.26 predictiveComposite=62108.33
[2026-06-07T07:21:18.386Z] [fair-value] Posting 1 maker-safe orders. Bids: UP=0.47 (EV=0.0122) DOWN=0.5 (EV=0.0178) settlementAnchor=62114.26 predictiveComposite=62108.33
[2026-06-07T07:21:18.540Z] [fair-value] Posting 1 maker-safe orders. Bids: UP=0.47 (EV=0.0122) DOWN=0.5 (EV=0.0178) settlementAnchor=62114.26 predictiveComposite=62108.33
[2026-06-07T07:21:18.541Z] [fair-value] Posting 1 maker-safe orders. Bids: UP=0.47 (EV=0.0122) DOWN=0.5 (EV=0.0178) settlementAnchor=62114.26 predictiveComposite=62108.33
[2026-06-07T07:21:18.663Z] [fair-value] Posting 1 maker-safe orders. Bids: UP=0.47 (EV=0.0122) DOWN=0.5 (EV=0.0178) settlementAnchor=62114.26 predictiveComposite=62108.33
[2026-06-07T07:21:18.723Z] [fair-value] Posting 1 maker-safe orders. Bids: UP=0.47 (EV=0.0112) DOWN=0.51 (EV=0.0088) settlementAnchor=62114.26 predictiveComposite=62108.38
[2026-06-07T07:21:18.724Z] [fair-value] Posting 1 maker-safe orders. Bids: UP=0.47 (EV=0.0112) DOWN=0.51 (EV=0.0088) settlementAnchor=62114.26 predictiveComposite=62108.38
[2026-06-07T07:21:19.058Z] [fair-value] Posting 1 maker-safe orders. Bids: UP=0.47 (EV=0.0089) DOWN=0.51 (EV=0.0111) settlementAnchor=62114.26 predictiveComposite=62108.33
[2026-06-07T07:21:19.058Z] [fair-value] Posting 1 maker-safe orders. Bids: UP=0.47 (EV=0.0089) DOWN=0.51 (EV=0.0111) settlementAnchor=62114.26 predictiveComposite=62108.33
[2026-06-07T07:21:19.059Z] [fair-value] Posting 1 maker-safe orders. Bids: UP=0.47 (EV=0.0085) DOWN=0.51 (EV=0.0115) settlementAnchor=62114.26 predictiveComposite=62108.33
[2026-06-07T07:21:19.059Z] [fair-value] Posting 1 maker-safe orders. Bids: UP=0.47 (EV=0.0085) DOWN=0.51 (EV=0.0115) settlementAnchor=62114.26 predictiveComposite=62108.33
[2026-06-07T07:21:19.059Z] [fair-value] Posting 1 maker-safe orders. Bids: UP=0.47 (EV=0.0085) DOWN=0.51 (EV=0.0115) settlementAnchor=62114.26 predictiveComposite=62108.33
[2026-06-07T07:21:19.059Z] [fair-value] Posting 1 maker-safe orders. Bids: UP=0.47 (EV=0.0085) DOWN=0.51 (EV=0.0115) settlementAnchor=62114.26 predictiveComposite=62108.33
[2026-06-07T07:21:19.059Z] [fair-value] Posting 1 maker-safe orders. Bids: UP=0.47 (EV=0.0085) DOWN=0.51 (EV=0.0115) settlementAnchor=62114.26 predictiveComposite=62108.32
[2026-06-07T07:21:19.060Z] [fair-value] Posting 1 maker-safe orders. Bids: UP=0.47 (EV=0.0085) DOWN=0.51 (EV=0.0115) settlementAnchor=62114.26 predictiveComposite=62108.32
[2026-06-07T07:21:19.060Z] [fair-value] Posting 1 maker-safe orders. Bids: UP=0.47 (EV=0.0085) DOWN=0.51 (EV=0.0115) settlementAnchor=62114.26 predictiveComposite=62108.32
[2026-06-07T07:21:19.060Z] [fair-value] Posting 1 maker-safe orders. Bids: UP=0.47 (EV=0.0085) DOWN=0.51 (EV=0.0115) settlementAnchor=62114.26 predictiveComposite=62108.32
[2026-06-07T07:21:19.061Z] [fair-value] Posting 1 maker-safe orders. Bids: UP=0.47 (EV=0.0084) DOWN=0.51 (EV=0.0116) settlementAnchor=62114.26 predictiveComposite=62108.32
[2026-06-07T07:21:19.061Z] [fair-value] Posting 1 maker-safe orders. Bids: UP=0.47 (EV=0.0084) DOWN=0.51 (EV=0.0116) settlementAnchor=62114.26 predictiveComposite=62108.32
[2026-06-07T07:21:19.121Z] [fair-value] Posting 1 maker-safe orders. Bids: UP=0.46 (EV=0.0128) DOWN=0.51 (EV=0.0172) settlementAnchor=62114.26 predictiveComposite=62106.24
[2026-06-07T07:21:19.122Z] [fair-value] Posting 1 maker-safe orders. Bids: UP=0.46 (EV=0.0128) DOWN=0.51 (EV=0.0172) settlementAnchor=62114.26 predictiveComposite=62106.24
[2026-06-07T07:21:19.122Z] [fair-value] Posting 1 maker-safe orders. Bids: UP=0.46 (EV=0.0128) DOWN=0.51 (EV=0.0172) settlementAnchor=62114.26 predictiveComposite=62106.24
[2026-06-07T07:21:19.123Z] [fair-value] Posting 1 maker-safe orders. Bids: UP=0.46 (EV=0.0128) DOWN=0.51 (EV=0.0172) settlementAnchor=62114.26 predictiveComposite=62106.24
[2026-06-07T07:21:19.123Z] [fair-value] Posting 1 maker-safe orders. Bids: UP=0.46 (EV=0.0128) DOWN=0.51 (EV=0.0172) settlementAnchor=62114.26 predictiveComposite=62106.24
[2026-06-07T07:21:19.123Z] [fair-value] Posting 1 maker-safe orders. Bids: UP=0.46 (EV=0.0128) DOWN=0.51 (EV=0.0172) settlementAnchor=62114.26 predictiveComposite=62106.24
[2026-06-07T07:21:19.177Z] [fair-value] Posting 1 maker-safe orders. Bids: UP=0.46 (EV=0.0127) DOWN=0.51 (EV=0.0173) settlementAnchor=62114.26 predictiveComposite=62106.22
[2026-06-07T07:21:19.178Z] [fair-value] Posting 1 maker-safe orders. Bids: UP=0.46 (EV=0.0127) DOWN=0.51 (EV=0.0173) settlementAnchor=62114.26 predictiveComposite=62106.22
[2026-06-07T07:21:19.178Z] [fair-value] Posting 1 maker-safe orders. Bids: UP=0.46 (EV=0.0126) DOWN=0.51 (EV=0.0174) settlementAnchor=62114.26 predictiveComposite=62106.12
[2026-06-07T07:21:19.179Z] [fair-value] Posting 1 maker-safe orders. Bids: UP=0.46 (EV=0.0126) DOWN=0.51 (EV=0.0174) settlementAnchor=62114.26 predictiveComposite=62106.12
[2026-06-07T07:21:19.180Z] [fair-value] Posting 1 maker-safe orders. Bids: UP=0.46 (EV=0.0129) DOWN=0.51 (EV=0.0171) settlementAnchor=62114.26 predictiveComposite=62105.18
[2026-06-07T07:21:19.181Z] [fair-value] Posting 1 maker-safe orders. Bids: UP=0.46 (EV=0.0129) DOWN=0.51 (EV=0.0171) settlementAnchor=62114.26 predictiveComposite=62105.18
[2026-06-07T07:21:19.351Z] [fair-value] Posting 1 maker-safe orders. Bids: UP=0.46 (EV=0.0113) DOWN=0.51 (EV=0.0187) settlementAnchor=62114.26 predictiveComposite=62105.18
[2026-06-07T07:21:19.351Z] [fair-value] Posting 1 maker-safe orders. Bids: UP=0.46 (EV=0.0113) DOWN=0.51 (EV=0.0187) settlementAnchor=62114.26 predictiveComposite=62105.18
[2026-06-07T07:21:19.392Z] [fair-value] Posting 1 maker-safe orders. Bids: UP=0.45 (EV=0.0179) DOWN=0.51 (EV=0.0221) settlementAnchor=62114.26 predictiveComposite=62101.60
[2026-06-07T07:21:19.392Z] [fair-value] Posting 1 maker-safe orders. Bids: UP=0.45 (EV=0.0179) DOWN=0.51 (EV=0.0221) settlementAnchor=62114.26 predictiveComposite=62101.60
[2026-06-07T07:21:19.668Z] [fair-value] Posting 1 maker-safe orders. Bids: UP=0.45 (EV=0.0179) DOWN=0.51 (EV=0.0221) settlementAnchor=62114.26 predictiveComposite=62101.60
[2026-06-07T07:21:19.736Z] [fair-value] Posting 1 maker-safe orders. Bids: UP=0.45 (EV=0.0179) DOWN=0.51 (EV=0.0221) settlementAnchor=62114.26 predictiveComposite=62101.60
[2026-06-07T07:21:19.737Z] [fair-value] Posting 1 maker-safe orders. Bids: UP=0.45 (EV=0.0179) DOWN=0.51 (EV=0.0221) settlementAnchor=62114.26 predictiveComposite=62101.60
[2026-06-07T07:21:19.901Z] [fair-value] Posting 1 maker-safe orders. Bids: UP=0.45 (EV=0.0178) DOWN=0.51 (EV=0.0222) settlementAnchor=62114.26 predictiveComposite=62101.60
[2026-06-07T07:21:19.902Z] [fair-value] Posting 1 maker-safe orders. Bids: UP=0.45 (EV=0.0178) DOWN=0.51 (EV=0.0222) settlementAnchor=62114.26 predictiveComposite=62101.60
[2026-06-07T07:21:20.173Z] [fair-value] Posting 1 maker-safe orders. Bids: UP=0.45 (EV=0.0178) DOWN=0.51 (EV=0.0222) settlementAnchor=62114.26 predictiveComposite=62101.60
[2026-06-07T07:21:20.173Z] [fair-value] Posting 1 maker-safe orders. Bids: UP=0.45 (EV=0.0178) DOWN=0.51 (EV=0.0222) settlementAnchor=62114.26 predictiveComposite=62101.60
[2026-06-07T07:21:20.364Z] [fair-value] Posting 1 maker-safe orders. Bids: UP=0.45 (EV=0.0178) DOWN=0.51 (EV=0.0222) settlementAnchor=62114.26 predictiveComposite=62101.60
[2026-06-07T07:21:20.364Z] [fair-value] Posting 1 maker-safe orders. Bids: UP=0.45 (EV=0.0178) DOWN=0.51 (EV=0.0222) settlementAnchor=62114.26 predictiveComposite=62101.60
[2026-06-07T07:21:20.397Z] [fair-value] Posting 1 maker-safe orders. Bids: UP=0.45 (EV=0.0178) DOWN=0.51 (EV=0.0222) settlementAnchor=62114.26 predictiveComposite=62101.60
[2026-06-07T07:21:20.397Z] [fair-value] Posting 1 maker-safe orders. Bids: UP=0.45 (EV=0.0178) DOWN=0.51 (EV=0.0222) settlementAnchor=62114.26 predictiveComposite=62101.60
[2026-06-07T07:21:20.677Z] [fair-value] Posting 1 maker-safe orders. Bids: UP=0.45 (EV=0.0178) DOWN=0.51 (EV=0.0222) settlementAnchor=62114.26 predictiveComposite=62101.60
[2026-06-07T07:21:21.389Z] [fair-value] Posting 1 maker-safe orders. Bids: UP=0.45 (EV=0.0178) DOWN=0.51 (EV=0.0222) settlementAnchor=62114.26 predictiveComposite=62101.59
[2026-06-07T07:21:21.390Z] [fair-value] Posting 1 maker-safe orders. Bids: UP=0.45 (EV=0.0178) DOWN=0.51 (EV=0.0222) settlementAnchor=62114.26 predictiveComposite=62101.59
[2026-06-07T07:21:21.519Z] [fair-value] Posting 1 maker-safe orders. Bids: UP=0.45 (EV=0.0178) DOWN=0.51 (EV=0.0222) settlementAnchor=62114.26 predictiveComposite=62101.60
[2026-06-07T07:21:21.520Z] [fair-value] Posting 1 maker-safe orders. Bids: UP=0.45 (EV=0.0178) DOWN=0.51 (EV=0.0222) settlementAnchor=62114.26 predictiveComposite=62101.60
[2026-06-07T07:21:21.680Z] [fair-value] Posting 1 maker-safe orders. Bids: UP=0.45 (EV=0.0178) DOWN=0.51 (EV=0.0222) settlementAnchor=62114.26 predictiveComposite=62101.60
[2026-06-07T07:21:21.680Z] [fair-value] Posting 1 maker-safe orders. Bids: UP=0.45 (EV=0.0178) DOWN=0.51 (EV=0.0222) settlementAnchor=62114.26 predictiveComposite=62101.60
[2026-06-07T07:21:21.681Z] [fair-value] Posting 1 maker-safe orders. Bids: UP=0.45 (EV=0.0178) DOWN=0.51 (EV=0.0222) settlementAnchor=62114.26 predictiveComposite=62101.60
[2026-06-07T07:21:22.166Z] [fair-value] Posting 1 maker-safe orders. Bids: UP=0.45 (EV=0.0177) DOWN=0.51 (EV=0.0223) settlementAnchor=62114.26 predictiveComposite=62101.59
[2026-06-07T07:21:22.166Z] [fair-value] Posting 1 maker-safe orders. Bids: UP=0.45 (EV=0.0177) DOWN=0.51 (EV=0.0223) settlementAnchor=62114.26 predictiveComposite=62101.59
[2026-06-07T07:21:22.167Z] [fair-value] Posting 1 maker-safe orders. Bids: UP=0.45 (EV=0.0177) DOWN=0.51 (EV=0.0223) settlementAnchor=62114.26 predictiveComposite=62101.59
[2026-06-07T07:21:22.167Z] [fair-value] Posting 1 maker-safe orders. Bids: UP=0.45 (EV=0.0177) DOWN=0.51 (EV=0.0223) settlementAnchor=62114.26 predictiveComposite=62101.59
[2026-06-07T07:21:22.167Z] [fair-value] Posting 1 maker-safe orders. Bids: UP=0.45 (EV=0.0177) DOWN=0.51 (EV=0.0223) settlementAnchor=62114.26 predictiveComposite=62101.59
[2026-06-07T07:21:22.168Z] [fair-value] Posting 1 maker-safe orders. Bids: UP=0.45 (EV=0.0177) DOWN=0.51 (EV=0.0223) settlementAnchor=62114.26 predictiveComposite=62101.59
[2026-06-07T07:21:22.168Z] [fair-value] Posting 1 maker-safe orders. Bids: UP=0.45 (EV=0.0177) DOWN=0.51 (EV=0.0223) settlementAnchor=62114.26 predictiveComposite=62101.59
[2026-06-07T07:21:22.168Z] [fair-value] Posting 1 maker-safe orders. Bids: UP=0.45 (EV=0.0177) DOWN=0.51 (EV=0.0223) settlementAnchor=62114.26 predictiveComposite=62101.59
[2026-06-07T07:21:22.169Z] [fair-value] Posting 1 maker-safe orders. Bids: UP=0.45 (EV=0.0162) DOWN=0.51 (EV=0.0238) settlementAnchor=62114.26 predictiveComposite=62101.59
[2026-06-07T07:21:22.169Z] [fair-value] Posting 1 maker-safe orders. Bids: UP=0.45 (EV=0.0162) DOWN=0.51 (EV=0.0238) settlementAnchor=62114.26 predictiveComposite=62101.59
[2026-06-07T07:21:22.169Z] [fair-value] Posting 1 maker-safe orders. Bids: UP=0.45 (EV=0.0162) DOWN=0.51 (EV=0.0238) settlementAnchor=62114.26 predictiveComposite=62101.59
[2026-06-07T07:21:22.170Z] [fair-value] Posting 1 maker-safe orders. Bids: UP=0.45 (EV=0.0162) DOWN=0.51 (EV=0.0238) settlementAnchor=62114.26 predictiveComposite=62101.59
[2026-06-07T07:21:22.170Z] [fair-value] Posting 1 maker-safe orders. Bids: UP=0.45 (EV=0.0162) DOWN=0.51 (EV=0.0238) settlementAnchor=62114.26 predictiveComposite=62101.59
[2026-06-07T07:21:22.171Z] [fair-value] Posting 1 maker-safe orders. Bids: UP=0.45 (EV=0.0162) DOWN=0.51 (EV=0.0238) settlementAnchor=62114.26 predictiveComposite=62101.59
[2026-06-07T07:21:22.395Z] [fair-value] Posting 1 maker-safe orders. Bids: UP=0.45 (EV=0.0162) DOWN=0.51 (EV=0.0238) settlementAnchor=62114.26 predictiveComposite=62101.59
[2026-06-07T07:21:22.396Z] [fair-value] Posting 1 maker-safe orders. Bids: UP=0.45 (EV=0.0162) DOWN=0.51 (EV=0.0238) settlementAnchor=62114.26 predictiveComposite=62101.59
[2026-06-07T07:21:22.693Z] [fair-value] Posting 1 maker-safe orders. Bids: UP=0.45 (EV=0.0162) DOWN=0.51 (EV=0.0238) settlementAnchor=62114.26 predictiveComposite=62101.59
[2026-06-07T07:21:22.745Z] [fair-value] Posting 1 maker-safe orders. Bids: UP=0.45 (EV=0.0159) DOWN=0.51 (EV=0.0241) settlementAnchor=62114.26 predictiveComposite=62101.59
[2026-06-07T07:21:22.745Z] [fair-value] Posting 1 maker-safe orders. Bids: UP=0.45 (EV=0.0159) DOWN=0.51 (EV=0.0241) settlementAnchor=62114.26 predictiveComposite=62101.59
[2026-06-07T07:21:22.746Z] [fair-value] Posting 1 maker-safe orders. Bids: UP=0.43 (EV=0.0162) DOWN=0.51 (EV=0.0438) settlementAnchor=62114.26 predictiveComposite=62101.59
[2026-06-07T07:21:22.746Z] [fair-value] Posting 1 maker-safe orders. Bids: UP=0.43 (EV=0.0162) DOWN=0.51 (EV=0.0438) settlementAnchor=62114.26 predictiveComposite=62101.59
[2026-06-07T07:21:22.747Z] [fair-value] Posting 1 maker-safe orders. Bids: UP=0.43 (EV=0.0162) DOWN=0.51 (EV=0.0438) settlementAnchor=62114.26 predictiveComposite=62101.59
[2026-06-07T07:21:22.747Z] [fair-value] Posting 1 maker-safe orders. Bids: UP=0.43 (EV=0.0162) DOWN=0.51 (EV=0.0438) settlementAnchor=62114.26 predictiveComposite=62101.59
[2026-06-07T07:21:23.389Z] [fair-value] Posting 1 maker-safe orders. Bids: UP=0.31 (EV=0.0148) DOWN=0.51 (EV=0.1652) settlementAnchor=62114.26 predictiveComposite=62095.06
[2026-06-07T07:21:23.389Z] [fair-value] Posting 1 maker-safe orders. Bids: UP=0.31 (EV=0.0148) DOWN=0.51 (EV=0.1652) settlementAnchor=62114.26 predictiveComposite=62095.06
[2026-06-07T07:21:23.707Z] [fair-value] Posting 1 maker-safe orders. Bids: UP=0.31 (EV=0.0147) DOWN=0.51 (EV=0.1653) settlementAnchor=62114.26 predictiveComposite=62095.06
[2026-06-07T07:21:24.392Z] [fair-value] Posting 1 maker-safe orders. Bids: UP=0.31 (EV=0.0146) DOWN=0.51 (EV=0.1654) settlementAnchor=62114.26 predictiveComposite=62095.06
[2026-06-07T07:21:24.393Z] [fair-value] Posting 1 maker-safe orders. Bids: UP=0.31 (EV=0.0146) DOWN=0.51 (EV=0.1654) settlementAnchor=62114.26 predictiveComposite=62095.06
[2026-06-07T07:21:24.708Z] [fair-value] Posting 1 maker-safe orders. Bids: UP=0.31 (EV=0.0146) DOWN=0.51 (EV=0.1654) settlementAnchor=62114.26 predictiveComposite=62095.06
[2026-06-07T07:21:24.825Z] [fair-value] Posting 1 maker-safe orders. Bids: UP=0.31 (EV=0.0145) DOWN=0.51 (EV=0.1655) settlementAnchor=62114.26 predictiveComposite=62095.06
[2026-06-07T07:21:24.826Z] [fair-value] Posting 1 maker-safe orders. Bids: UP=0.31 (EV=0.0145) DOWN=0.51 (EV=0.1655) settlementAnchor=62114.26 predictiveComposite=62095.06
[2026-06-07T07:21:24.996Z] [fair-value] Posting 1 maker-safe orders. Bids: UP=0.31 (EV=0.0145) DOWN=0.51 (EV=0.1655) settlementAnchor=62114.26 predictiveComposite=62095.06
[2026-06-07T07:21:24.996Z] [fair-value] Posting 1 maker-safe orders. Bids: UP=0.31 (EV=0.0145) DOWN=0.51 (EV=0.1655) settlementAnchor=62114.26 predictiveComposite=62095.06
[2026-06-07T07:21:24.997Z] [fair-value] Posting 1 maker-safe orders. Bids: UP=0.31 (EV=0.0145) DOWN=0.51 (EV=0.1655) settlementAnchor=62114.26 predictiveComposite=62095.06
[2026-06-07T07:21:24.997Z] [fair-value] Posting 1 maker-safe orders. Bids: UP=0.31 (EV=0.0145) DOWN=0.51 (EV=0.1655) settlementAnchor=62114.26 predictiveComposite=62095.06
[2026-06-07T07:21:25.392Z] [fair-value] Posting 1 maker-safe orders. Bids: UP=0.31 (EV=0.0109) DOWN=0.51 (EV=0.1691) settlementAnchor=62114.26 predictiveComposite=62094.54
[2026-06-07T07:21:25.393Z] [fair-value] Posting 1 maker-safe orders. Bids: UP=0.31 (EV=0.0109) DOWN=0.51 (EV=0.1691) settlementAnchor=62114.26 predictiveComposite=62094.54
[2026-06-07T07:21:25.717Z] [fair-value] Posting 1 maker-safe orders. Bids: UP=0.31 (EV=0.0108) DOWN=0.51 (EV=0.1692) settlementAnchor=62114.26 predictiveComposite=62094.54
[2026-06-07T07:21:25.775Z] [fair-value] Posting 1 maker-safe orders. Bids: UP=0.3 (EV=0.0157) DOWN=0.51 (EV=0.1743) settlementAnchor=62114.26 predictiveComposite=62093.60
[2026-06-07T07:21:25.776Z] [fair-value] Posting 1 maker-safe orders. Bids: UP=0.3 (EV=0.0157) DOWN=0.51 (EV=0.1743) settlementAnchor=62114.26 predictiveComposite=62093.60
[2026-06-07T07:21:25.777Z] [fair-value] Posting 1 maker-safe orders. Bids: UP=0.3 (EV=0.0157) DOWN=0.51 (EV=0.1743) settlementAnchor=62114.26 predictiveComposite=62093.60
[2026-06-07T07:21:25.777Z] [fair-value] Posting 1 maker-safe orders. Bids: UP=0.3 (EV=0.0157) DOWN=0.51 (EV=0.1743) settlementAnchor=62114.26 predictiveComposite=62093.60
[2026-06-07T07:21:25.864Z] [fair-value] Posting 1 maker-safe orders. Bids: UP=0.31 (EV=0.0093) DOWN=0.51 (EV=0.1707) settlementAnchor=62114.26 predictiveComposite=62092.68
[2026-06-07T07:21:25.865Z] [fair-value] Posting 1 maker-safe orders. Bids: UP=0.31 (EV=0.0093) DOWN=0.51 (EV=0.1707) settlementAnchor=62114.26 predictiveComposite=62092.68
[2026-06-07T07:21:25.865Z] [fair-value] Posting 1 maker-safe orders. Bids: UP=0.31 (EV=0.0094) DOWN=0.51 (EV=0.1706) settlementAnchor=62114.26 predictiveComposite=62092.67
[2026-06-07T07:21:25.865Z] [fair-value] Posting 1 maker-safe orders. Bids: UP=0.31 (EV=0.0094) DOWN=0.51 (EV=0.1706) settlementAnchor=62114.26 predictiveComposite=62092.67
[2026-06-07T07:21:25.866Z] [fair-value] Posting 1 maker-safe orders. Bids: UP=0.31 (EV=0.0094) DOWN=0.51 (EV=0.1706) settlementAnchor=62114.26 predictiveComposite=62092.67
[2026-06-07T07:21:25.866Z] [fair-value] Posting 1 maker-safe orders. Bids: UP=0.31 (EV=0.0094) DOWN=0.51 (EV=0.1706) settlementAnchor=62114.26 predictiveComposite=62092.67
[2026-06-07T07:21:25.867Z] [fair-value] Posting 1 maker-safe orders. Bids: UP=0.31 (EV=0.0094) DOWN=0.51 (EV=0.1706) settlementAnchor=62114.26 predictiveComposite=62092.67
[2026-06-07T07:21:25.867Z] [fair-value] Posting 1 maker-safe orders. Bids: UP=0.31 (EV=0.0094) DOWN=0.51 (EV=0.1706) settlementAnchor=62114.26 predictiveComposite=62092.67
[2026-06-07T07:21:25.867Z] [fair-value] Posting 1 maker-safe orders. Bids: UP=0.31 (EV=0.0094) DOWN=0.51 (EV=0.1706) settlementAnchor=62114.26 predictiveComposite=62092.67
[2026-06-07T07:21:25.868Z] [fair-value] Posting 1 maker-safe orders. Bids: UP=0.31 (EV=0.0094) DOWN=0.51 (EV=0.1706) settlementAnchor=62114.26 predictiveComposite=62092.67
[2026-06-07T07:21:25.948Z] [fair-value] Posting 1 maker-safe orders. Bids: UP=0.31 (EV=0.0121) DOWN=0.51 (EV=0.1679) settlementAnchor=62114.26 predictiveComposite=62091.79
[2026-06-07T07:21:25.948Z] [fair-value] Posting 1 maker-safe orders. Bids: UP=0.31 (EV=0.0121) DOWN=0.51 (EV=0.1679) settlementAnchor=62114.26 predictiveComposite=62091.79
[2026-06-07T07:21:25.949Z] [fair-value] Posting 1 maker-safe orders. Bids: UP=0.31 (EV=0.0152) DOWN=0.51 (EV=0.1648) settlementAnchor=62114.26 predictiveComposite=62091.73
[2026-06-07T07:21:25.949Z] [fair-value] Posting 1 maker-safe orders. Bids: UP=0.31 (EV=0.0152) DOWN=0.51 (EV=0.1648) settlementAnchor=62114.26 predictiveComposite=62091.73
[2026-06-07T07:21:26.313Z] [fair-value] Posting 1 maker-safe orders. Bids: UP=0.31 (EV=0.0155) DOWN=0.51 (EV=0.1645) settlementAnchor=62114.26 predictiveComposite=62091.77
[2026-06-07T07:21:26.313Z] [fair-value] Posting 1 maker-safe orders. Bids: UP=0.31 (EV=0.0155) DOWN=0.51 (EV=0.1645) settlementAnchor=62114.26 predictiveComposite=62091.77
[2026-06-07T07:21:26.314Z] [fair-value] Posting 1 maker-safe orders. Bids: UP=0.31 (EV=0.0156) DOWN=0.51 (EV=0.1644) settlementAnchor=62114.26 predictiveComposite=62091.77
[2026-06-07T07:21:26.314Z] [fair-value] Posting 1 maker-safe orders. Bids: UP=0.31 (EV=0.0156) DOWN=0.51 (EV=0.1644) settlementAnchor=62114.26 predictiveComposite=62091.77
[2026-06-07T07:21:26.315Z] [fair-value] Posting 1 maker-safe orders. Bids: UP=0.37 (EV=0.0086) DOWN=0.51 (EV=0.1114) settlementAnchor=62114.26 predictiveComposite=62092.09
[2026-06-07T07:21:26.315Z] [fair-value] Posting 1 maker-safe orders. Bids: UP=0.37 (EV=0.0086) DOWN=0.51 (EV=0.1114) settlementAnchor=62114.26 predictiveComposite=62092.09
[2026-06-07T07:21:26.392Z] [fair-value] Posting 1 maker-safe orders. Bids: UP=0.41 (EV=0.0128) DOWN=0.51 (EV=0.0672) settlementAnchor=62114.26 predictiveComposite=62085.16
[2026-06-07T07:21:26.392Z] [fair-value] Posting 1 maker-safe orders. Bids: UP=0.41 (EV=0.0128) DOWN=0.51 (EV=0.0672) settlementAnchor=62114.26 predictiveComposite=62085.16
[2026-06-07T07:21:26.726Z] [fair-value] Posting 1 maker-safe orders. Bids: UP=0.41 (EV=0.0128) DOWN=0.51 (EV=0.0672) settlementAnchor=62114.26 predictiveComposite=62085.16
[2026-06-07T07:21:26.726Z] [btc-updown-5m-1780817100] Live placement gated: waiting for 1 cancel(s) to confirm
[2026-06-07T07:21:26.779Z] [wallet] unlockBuy [btc-updown-5m-1780817100] BUY DOWN @ 0.51: +$2.55 | avail=$13.25
[2026-06-07T07:21:26.960Z] [fair-value] Posting 2 maker-safe orders. Bids: UP=0.41 (EV=0.0118) DOWN=0.51 (EV=0.0682) settlementAnchor=62114.26 predictiveComposite=62084.80
[2026-06-07T07:21:26.961Z] [fair-value] Posting 1 maker-safe orders. Bids: UP=0.41 (EV=0.0118) DOWN=0.51 (EV=0.0682) settlementAnchor=62114.26 predictiveComposite=62084.80
[2026-06-07T07:21:27.293Z] [wallet] lockBuy [btc-updown-5m-1780817100] BUY UP @ 0.41: -$2.05 | avail=$11.20
[2026-06-07T07:21:27.310Z] [wallet] lockBuy [btc-updown-5m-1780817100] BUY DOWN @ 0.51: -$2.55 | avail=$8.65
[2026-06-07T07:21:27.404Z] [fair-value] Replacing UP quote: 0.41 -> 0.43 (P=0.448)
[2026-06-07T07:21:27.405Z] [fair-value] Posting 1 maker-safe orders. Bids: UP=0.43 (EV=0.0205) DOWN=0.51 (EV=0.0395) settlementAnchor=62114.26 predictiveComposite=62090.75
[2026-06-07T07:21:27.405Z] [fair-value] Replacing UP quote: 0.41 -> 0.43 (P=0.448)
[2026-06-07T07:21:27.406Z] [fair-value] Posting 1 maker-safe orders. Bids: UP=0.43 (EV=0.0205) DOWN=0.51 (EV=0.0395) settlementAnchor=62114.26 predictiveComposite=62090.75
[2026-06-07T07:21:27.729Z] [fair-value] Replacing UP quote: 0.41 -> 0.43 (P=0.448)
[2026-06-07T07:21:27.729Z] [fair-value] Posting 1 maker-safe orders. Bids: UP=0.43 (EV=0.0205) DOWN=0.51 (EV=0.0395) settlementAnchor=62114.26 predictiveComposite=62090.75
[2026-06-07T07:21:27.729Z] [btc-updown-5m-1780817100] Live placement gated: waiting for 1 cancel(s) to confirm
[2026-06-07T07:21:27.731Z] [wallet] unlockBuy [btc-updown-5m-1780817100] BUY UP @ 0.41: +$2.05 | avail=$10.70
[2026-06-07T07:21:27.937Z] [fair-value] Posting 1 maker-safe orders. Bids: UP=0.43 (EV=0.0198) DOWN=0.51 (EV=0.0402) settlementAnchor=62114.26 predictiveComposite=62090.44
[2026-06-07T07:21:27.937Z] [fair-value] Posting 1 maker-safe orders. Bids: UP=0.43 (EV=0.0198) DOWN=0.51 (EV=0.0402) settlementAnchor=62114.26 predictiveComposite=62090.44
[2026-06-07T07:21:28.227Z] [fair-value] Posting 1 maker-safe orders. Bids: UP=0.43 (EV=0.0198) DOWN=0.51 (EV=0.0402) settlementAnchor=62114.26 predictiveComposite=62090.44
[2026-06-07T07:21:28.227Z] [fair-value] Posting 1 maker-safe orders. Bids: UP=0.43 (EV=0.0198) DOWN=0.51 (EV=0.0402) settlementAnchor=62114.26 predictiveComposite=62090.44
[2026-06-07T07:21:28.391Z] [fair-value] Posting 1 maker-safe orders. Bids: UP=0.43 (EV=0.0198) DOWN=0.51 (EV=0.0402) settlementAnchor=62114.26 predictiveComposite=62090.44
[2026-06-07T07:21:28.392Z] [fair-value] Posting 1 maker-safe orders. Bids: UP=0.43 (EV=0.0198) DOWN=0.51 (EV=0.0402) settlementAnchor=62114.26 predictiveComposite=62090.44
[2026-06-07T07:21:28.738Z] [fair-value] Posting 1 maker-safe orders. Bids: UP=0.43 (EV=0.0198) DOWN=0.51 (EV=0.0402) settlementAnchor=62114.26 predictiveComposite=62090.44
[2026-06-07T07:21:29.073Z] [fair-value] P(UP)=0.4474 Sigma=0.7261 settlement=62114.26 predictive=62090.52 Rem=510s
[2026-06-07T07:21:29.073Z] [fair-value] Posting 1 maker-safe orders. Bids: UP=0.43 (EV=0.0199) DOWN=0.51 (EV=0.0401) settlementAnchor=62114.26 predictiveComposite=62090.52
[2026-06-07T07:21:29.074Z] [fair-value] Posting 1 maker-safe orders. Bids: UP=0.43 (EV=0.0199) DOWN=0.51 (EV=0.0401) settlementAnchor=62114.26 predictiveComposite=62090.52
[2026-06-07T07:21:29.074Z] [fair-value] Posting 1 maker-safe orders. Bids: UP=0.43 (EV=0.0199) DOWN=0.51 (EV=0.0401) settlementAnchor=62114.26 predictiveComposite=62090.52
[2026-06-07T07:21:29.075Z] [fair-value] Posting 1 maker-safe orders. Bids: UP=0.43 (EV=0.0199) DOWN=0.51 (EV=0.0401) settlementAnchor=62114.26 predictiveComposite=62090.52
[2026-06-07T07:21:29.075Z] [fair-value] Posting 1 maker-safe orders. Bids: UP=0.43 (EV=0.0197) DOWN=0.51 (EV=0.0403) settlementAnchor=62114.26 predictiveComposite=62090.52
[2026-06-07T07:21:29.075Z] [fair-value] Posting 1 maker-safe orders. Bids: UP=0.43 (EV=0.0197) DOWN=0.51 (EV=0.0403) settlementAnchor=62114.26 predictiveComposite=62090.52
[2026-06-07T07:21:29.076Z] [fair-value] Posting 1 maker-safe orders. Bids: UP=0.43 (EV=0.0197) DOWN=0.51 (EV=0.0403) settlementAnchor=62114.26 predictiveComposite=62090.52
[2026-06-07T07:21:29.076Z] [fair-value] Posting 1 maker-safe orders. Bids: UP=0.43 (EV=0.0197) DOWN=0.51 (EV=0.0403) settlementAnchor=62114.26 predictiveComposite=62090.52
[2026-06-07T07:21:29.236Z] [fair-value] Posting 1 maker-safe orders. Bids: UP=0.43 (EV=0.0195) DOWN=0.51 (EV=0.0405) settlementAnchor=62114.26 predictiveComposite=62090.44
[2026-06-07T07:21:29.236Z] [fair-value] Posting 1 maker-safe orders. Bids: UP=0.43 (EV=0.0195) DOWN=0.51 (EV=0.0405) settlementAnchor=62114.26 predictiveComposite=62090.44
[2026-06-07T07:21:29.391Z] [fair-value] Posting 1 maker-safe orders. Bids: UP=0.43 (EV=0.0195) DOWN=0.51 (EV=0.0405) settlementAnchor=62114.26 predictiveComposite=62090.44
[2026-06-07T07:21:29.392Z] [fair-value] Posting 1 maker-safe orders. Bids: UP=0.43 (EV=0.0195) DOWN=0.51 (EV=0.0405) settlementAnchor=62114.26 predictiveComposite=62090.44
[2026-06-07T07:21:29.754Z] [fair-value] Posting 1 maker-safe orders. Bids: UP=0.43 (EV=0.0195) DOWN=0.51 (EV=0.0405) settlementAnchor=62114.26 predictiveComposite=62090.44
[2026-06-07T07:21:30.166Z] [fair-value] Posting 1 maker-safe orders. Bids: UP=0.43 (EV=0.0196) DOWN=0.51 (EV=0.0404) settlementAnchor=62114.26 predictiveComposite=62090.51
[2026-06-07T07:21:30.167Z] [fair-value] Posting 1 maker-safe orders. Bids: UP=0.43 (EV=0.0196) DOWN=0.51 (EV=0.0404) settlementAnchor=62114.26 predictiveComposite=62090.51
[2026-06-07T07:21:30.343Z] [fair-value] Posting 1 maker-safe orders. Bids: UP=0.43 (EV=0.0194) DOWN=0.51 (EV=0.0406) settlementAnchor=62114.26 predictiveComposite=62090.51
[2026-06-07T07:21:30.344Z] [fair-value] Posting 1 maker-safe orders. Bids: UP=0.43 (EV=0.0194) DOWN=0.51 (EV=0.0406) settlementAnchor=62114.26 predictiveComposite=62090.51
[2026-06-07T07:21:30.344Z] [fair-value] Posting 1 maker-safe orders. Bids: UP=0.43 (EV=0.0193) DOWN=0.51 (EV=0.0407) settlementAnchor=62114.26 predictiveComposite=62090.51
[2026-06-07T07:21:30.344Z] [fair-value] Posting 1 maker-safe orders. Bids: UP=0.43 (EV=0.0193) DOWN=0.51 (EV=0.0407) settlementAnchor=62114.26 predictiveComposite=62090.51
[2026-06-07T07:21:30.391Z] [fair-value] Posting 1 maker-safe orders. Bids: UP=0.43 (EV=0.0193) DOWN=0.51 (EV=0.0407) settlementAnchor=62114.26 predictiveComposite=62090.50
[2026-06-07T07:21:30.392Z] [fair-value] Posting 1 maker-safe orders. Bids: UP=0.43 (EV=0.0193) DOWN=0.51 (EV=0.0407) settlementAnchor=62114.26 predictiveComposite=62090.50
[2026-06-07T07:21:30.768Z] [fair-value] Posting 1 maker-safe orders. Bids: UP=0.43 (EV=0.0193) DOWN=0.51 (EV=0.0407) settlementAnchor=62114.26 predictiveComposite=62090.50
[2026-06-07T07:21:31.222Z] [fair-value] Posting 1 maker-safe orders. Bids: UP=0.43 (EV=0.0193) DOWN=0.51 (EV=0.0407) settlementAnchor=62114.26 predictiveComposite=62090.50
[2026-06-07T07:21:31.223Z] [fair-value] Posting 1 maker-safe orders. Bids: UP=0.43 (EV=0.0193) DOWN=0.51 (EV=0.0407) settlementAnchor=62114.26 predictiveComposite=62090.50
[2026-06-07T07:21:31.405Z] [fair-value] Posting 1 maker-safe orders. Bids: UP=0.43 (EV=0.0171) DOWN=0.51 (EV=0.0429) settlementAnchor=62114.26 predictiveComposite=62090.50
[2026-06-07T07:21:31.405Z] [fair-value] Posting 1 maker-safe orders. Bids: UP=0.43 (EV=0.0171) DOWN=0.51 (EV=0.0429) settlementAnchor=62114.26 predictiveComposite=62090.50
[2026-06-07T07:21:31.406Z] [fair-value] Posting 1 maker-safe orders. Bids: UP=0.41 (EV=0.0114) DOWN=0.51 (EV=0.0686) settlementAnchor=62114.26 predictiveComposite=62090.51
[2026-06-07T07:21:31.406Z] [fair-value] Posting 1 maker-safe orders. Bids: UP=0.41 (EV=0.0114) DOWN=0.51 (EV=0.0686) settlementAnchor=62114.26 predictiveComposite=62090.51
[2026-06-07T07:21:31.576Z] [fair-value] Posting 1 maker-safe orders. Bids: UP=0.41 (EV=0.0115) DOWN=0.51 (EV=0.0685) settlementAnchor=62114.26 predictiveComposite=62090.53
[2026-06-07T07:21:31.576Z] [fair-value] Posting 1 maker-safe orders. Bids: UP=0.41 (EV=0.0115) DOWN=0.51 (EV=0.0685) settlementAnchor=62114.26 predictiveComposite=62090.53
[2026-06-07T07:21:31.740Z] [fair-value] Posting 1 maker-safe orders. Bids: UP=0.41 (EV=0.0115) DOWN=0.51 (EV=0.0685) settlementAnchor=62114.26 predictiveComposite=62090.53
[2026-06-07T07:21:31.741Z] [fair-value] Posting 1 maker-safe orders. Bids: UP=0.41 (EV=0.0115) DOWN=0.51 (EV=0.0685) settlementAnchor=62114.26 predictiveComposite=62090.53
[2026-06-07T07:21:31.772Z] [fair-value] Posting 1 maker-safe orders. Bids: UP=0.41 (EV=0.0115) DOWN=0.51 (EV=0.0685) settlementAnchor=62114.26 predictiveComposite=62090.53
[2026-06-07T07:21:32.227Z] [fair-value] Posting 1 maker-safe orders. Bids: UP=0.41 (EV=0.0090) DOWN=0.51 (EV=0.0710) settlementAnchor=62114.26 predictiveComposite=62090.84
[2026-06-07T07:21:32.228Z] [fair-value] Posting 1 maker-safe orders. Bids: UP=0.41 (EV=0.0090) DOWN=0.51 (EV=0.0710) settlementAnchor=62114.26 predictiveComposite=62090.84
[2026-06-07T07:21:32.395Z] [fair-value] Posting 1 maker-safe orders. Bids: UP=0.03 (EV=0.0069) DOWN=0.51 (EV=0.4531) settlementAnchor=62114.26 predictiveComposite=62091.03
[2026-06-07T07:21:32.395Z] [fair-value] Posting 1 maker-safe orders. Bids: UP=0.03 (EV=0.0069) DOWN=0.51 (EV=0.4531) settlementAnchor=62114.26 predictiveComposite=62091.03
[2026-06-07T07:21:32.396Z] [fair-value] Posting 1 maker-safe orders. Bids: UP=0.03 (EV=0.0079) DOWN=0.51 (EV=0.4521) settlementAnchor=62114.26 predictiveComposite=62091.04
[2026-06-07T07:21:32.396Z] [fair-value] Posting 1 maker-safe orders. Bids: UP=0.03 (EV=0.0079) DOWN=0.51 (EV=0.4521) settlementAnchor=62114.26 predictiveComposite=62091.04
[2026-06-07T07:21:32.397Z] [fair-value] Posting 1 maker-safe orders. Bids: UP=0.34 (EV=0.0155) DOWN=0.51 (EV=0.1345) settlementAnchor=62114.26 predictiveComposite=62091.41
[2026-06-07T07:21:32.397Z] [fair-value] Posting 1 maker-safe orders. Bids: UP=0.34 (EV=0.0155) DOWN=0.51 (EV=0.1345) settlementAnchor=62114.26 predictiveComposite=62091.41
[2026-06-07T07:21:32.776Z] [fair-value] Posting 1 maker-safe orders. Bids: UP=0.34 (EV=0.0123) DOWN=0.51 (EV=0.1377) settlementAnchor=62114.26 predictiveComposite=62090.83
[2026-06-07T07:21:32.776Z] [fair-value] Posting 1 maker-safe orders. Bids: UP=0.34 (EV=0.0123) DOWN=0.51 (EV=0.1377) settlementAnchor=62114.26 predictiveComposite=62090.83
[2026-06-07T07:21:32.777Z] [fair-value] Posting 1 maker-safe orders. Bids: UP=0.34 (EV=0.0123) DOWN=0.51 (EV=0.1377) settlementAnchor=62114.26 predictiveComposite=62090.83
[2026-06-07T07:21:32.777Z] [fair-value] Posting 1 maker-safe orders. Bids: UP=0.34 (EV=0.0123) DOWN=0.51 (EV=0.1377) settlementAnchor=62114.26 predictiveComposite=62090.83
[2026-06-07T07:21:32.778Z] [fair-value] Posting 1 maker-safe orders. Bids: UP=0.37 (EV=0.0160) DOWN=0.51 (EV=0.1040) settlementAnchor=62114.26 predictiveComposite=62090.50
[2026-06-07T07:21:32.778Z] [fair-value] Posting 1 maker-safe orders. Bids: UP=0.37 (EV=0.0160) DOWN=0.51 (EV=0.1040) settlementAnchor=62114.26 predictiveComposite=62090.50
[2026-06-07T07:21:32.779Z] [fair-value] Posting 1 maker-safe orders. Bids: UP=0.37 (EV=0.0157) DOWN=0.51 (EV=0.1043) settlementAnchor=62114.26 predictiveComposite=62090.44
[2026-06-07T07:21:32.779Z] [fair-value] Posting 1 maker-safe orders. Bids: UP=0.37 (EV=0.0157) DOWN=0.51 (EV=0.1043) settlementAnchor=62114.26 predictiveComposite=62090.44
[2026-06-07T07:21:32.781Z] [fair-value] Posting 1 maker-safe orders. Bids: UP=0.37 (EV=0.0157) DOWN=0.51 (EV=0.1043) settlementAnchor=62114.26 predictiveComposite=62090.44
[2026-06-07T07:21:32.942Z] [fair-value] Posting 1 maker-safe orders. Bids: UP=0.38 (EV=0.0078) DOWN=0.51 (EV=0.1022) settlementAnchor=62114.26 predictiveComposite=62090.84
[2026-06-07T07:21:32.942Z] [fair-value] Posting 1 maker-safe orders. Bids: UP=0.38 (EV=0.0078) DOWN=0.51 (EV=0.1022) settlementAnchor=62114.26 predictiveComposite=62090.84
[2026-06-07T07:21:33.169Z] [fair-value] Posting 1 maker-safe orders. Bids: UP=0.38 (EV=0.0085) DOWN=0.51 (EV=0.1015) settlementAnchor=62114.26 predictiveComposite=62090.99
[2026-06-07T07:21:33.170Z] [fair-value] Posting 1 maker-safe orders. Bids: UP=0.38 (EV=0.0085) DOWN=0.51 (EV=0.1015) settlementAnchor=62114.26 predictiveComposite=62090.99
[2026-06-07T07:21:33.340Z] [fair-value] Posting 1 maker-safe orders. Bids: UP=0.38 (EV=0.0079) DOWN=0.51 (EV=0.1021) settlementAnchor=62114.26 predictiveComposite=62090.84
[2026-06-07T07:21:33.340Z] [fair-value] Posting 1 maker-safe orders. Bids: UP=0.38 (EV=0.0079) DOWN=0.51 (EV=0.1021) settlementAnchor=62114.26 predictiveComposite=62090.84
[2026-06-07T07:21:33.388Z] [fair-value] Posting 1 maker-safe orders. Bids: UP=0.38 (EV=0.0078) DOWN=0.51 (EV=0.1022) settlementAnchor=62114.26 predictiveComposite=62090.84
[2026-06-07T07:21:33.389Z] [fair-value] Posting 1 maker-safe orders. Bids: UP=0.38 (EV=0.0078) DOWN=0.51 (EV=0.1022) settlementAnchor=62114.26 predictiveComposite=62090.84
[2026-06-07T07:21:33.506Z] [fair-value] Posting 1 maker-safe orders. Bids: UP=0.38 (EV=0.0078) DOWN=0.51 (EV=0.1022) settlementAnchor=62114.26 predictiveComposite=62090.85
[2026-06-07T07:21:33.506Z] [fair-value] Posting 1 maker-safe orders. Bids: UP=0.38 (EV=0.0078) DOWN=0.51 (EV=0.1022) settlementAnchor=62114.26 predictiveComposite=62090.85
[2026-06-07T07:21:33.790Z] [fair-value] Posting 1 maker-safe orders. Bids: UP=0.38 (EV=0.0078) DOWN=0.51 (EV=0.1022) settlementAnchor=62114.26 predictiveComposite=62090.85
[2026-06-07T07:21:33.997Z] [fair-value] Posting 1 maker-safe orders. Bids: UP=0.38 (EV=0.0078) DOWN=0.51 (EV=0.1022) settlementAnchor=62114.26 predictiveComposite=62090.85
[2026-06-07T07:21:33.997Z] [fair-value] Posting 1 maker-safe orders. Bids: UP=0.38 (EV=0.0078) DOWN=0.51 (EV=0.1022) settlementAnchor=62114.26 predictiveComposite=62090.85
[2026-06-07T07:21:34.285Z] [fair-value] Posting 1 maker-safe orders. Bids: UP=0.38 (EV=0.0083) DOWN=0.51 (EV=0.1017) settlementAnchor=62114.26 predictiveComposite=62090.95
[2026-06-07T07:21:34.286Z] [fair-value] Posting 1 maker-safe orders. Bids: UP=0.38 (EV=0.0083) DOWN=0.51 (EV=0.1017) settlementAnchor=62114.26 predictiveComposite=62090.95
[2026-06-07T07:21:34.392Z] [fair-value] Posting 1 maker-safe orders. Bids: UP=0.38 (EV=0.0083) DOWN=0.51 (EV=0.1017) settlementAnchor=62114.26 predictiveComposite=62090.95
[2026-06-07T07:21:34.392Z] [fair-value] Posting 1 maker-safe orders. Bids: UP=0.38 (EV=0.0083) DOWN=0.51 (EV=0.1017) settlementAnchor=62114.26 predictiveComposite=62090.95
[2026-06-07T07:21:34.802Z] [fair-value] Posting 1 maker-safe orders. Bids: UP=0.38 (EV=0.0082) DOWN=0.51 (EV=0.1018) settlementAnchor=62114.26 predictiveComposite=62090.95
[2026-06-07T07:21:35.055Z] [fair-value] Posting 1 maker-safe orders. Bids: UP=0.38 (EV=0.0134) DOWN=0.51 (EV=0.0966) settlementAnchor=62114.26 predictiveComposite=62091.97
[2026-06-07T07:21:35.056Z] [fair-value] Posting 1 maker-safe orders. Bids: UP=0.38 (EV=0.0134) DOWN=0.51 (EV=0.0966) settlementAnchor=62114.26 predictiveComposite=62091.97
[2026-06-07T07:21:35.314Z] [fair-value] Posting 1 maker-safe orders. Bids: UP=0.38 (EV=0.0133) DOWN=0.51 (EV=0.0967) settlementAnchor=62114.26 predictiveComposite=62091.97
[2026-06-07T07:21:35.314Z] [fair-value] Posting 1 maker-safe orders. Bids: UP=0.38 (EV=0.0133) DOWN=0.51 (EV=0.0967) settlementAnchor=62114.26 predictiveComposite=62091.97
[2026-06-07T07:21:35.392Z] [fair-value] Posting 1 maker-safe orders. Bids: UP=0.43 (EV=0.0088) DOWN=0.51 (EV=0.0512) settlementAnchor=62114.26 predictiveComposite=62096.31
[2026-06-07T07:21:35.392Z] [fair-value] Posting 1 maker-safe orders. Bids: UP=0.43 (EV=0.0088) DOWN=0.51 (EV=0.0512) settlementAnchor=62114.26 predictiveComposite=62096.31
[2026-06-07T07:21:35.588Z] [fair-value] Posting 1 maker-safe orders. Bids: UP=0.43 (EV=0.0088) DOWN=0.51 (EV=0.0512) settlementAnchor=62114.26 predictiveComposite=62096.31
[2026-06-07T07:21:35.589Z] [fair-value] Posting 1 maker-safe orders. Bids: UP=0.43 (EV=0.0088) DOWN=0.51 (EV=0.0512) settlementAnchor=62114.26 predictiveComposite=62096.31
[2026-06-07T07:21:35.800Z] [fair-value] Posting 1 maker-safe orders. Bids: UP=0.43 (EV=0.0088) DOWN=0.51 (EV=0.0512) settlementAnchor=62114.26 predictiveComposite=62096.31
[2026-06-07T07:21:36.388Z] [fair-value] Posting 1 maker-safe orders. Bids: UP=0.43 (EV=0.0087) DOWN=0.51 (EV=0.0513) settlementAnchor=62114.26 predictiveComposite=62096.31
[2026-06-07T07:21:36.389Z] [fair-value] Posting 1 maker-safe orders. Bids: UP=0.43 (EV=0.0087) DOWN=0.51 (EV=0.0513) settlementAnchor=62114.26 predictiveComposite=62096.31
[2026-06-07T07:21:36.422Z] [fair-value] Posting 1 maker-safe orders. Bids: UP=0.42 (EV=0.0184) DOWN=0.51 (EV=0.0516) settlementAnchor=62114.26 predictiveComposite=62096.31
[2026-06-07T07:21:36.423Z] [fair-value] Posting 1 maker-safe orders. Bids: UP=0.42 (EV=0.0184) DOWN=0.51 (EV=0.0516) settlementAnchor=62114.26 predictiveComposite=62096.31
[2026-06-07T07:21:36.587Z] [fair-value] Posting 1 maker-safe orders. Bids: UP=0.42 (EV=0.0183) DOWN=0.51 (EV=0.0517) settlementAnchor=62114.26 predictiveComposite=62096.31
[2026-06-07T07:21:36.588Z] [fair-value] Posting 1 maker-safe orders. Bids: UP=0.42 (EV=0.0183) DOWN=0.51 (EV=0.0517) settlementAnchor=62114.26 predictiveComposite=62096.31
[2026-06-07T07:21:36.808Z] [fair-value] Posting 1 maker-safe orders. Bids: UP=0.42 (EV=0.0183) DOWN=0.51 (EV=0.0517) settlementAnchor=62114.26 predictiveComposite=62096.31
[2026-06-07T07:21:36.883Z] [fair-value] Posting 1 maker-safe orders. Bids: UP=0.41 (EV=0.0172) DOWN=0.51 (EV=0.0628) settlementAnchor=62114.26 predictiveComposite=62096.32
[2026-06-07T07:21:36.883Z] [fair-value] Posting 1 maker-safe orders. Bids: UP=0.41 (EV=0.0172) DOWN=0.51 (EV=0.0628) settlementAnchor=62114.26 predictiveComposite=62096.32
[2026-06-07T07:21:36.884Z] [fair-value] Posting 1 maker-safe orders. Bids: UP=0.41 (EV=0.0173) DOWN=0.51 (EV=0.0627) settlementAnchor=62114.26 predictiveComposite=62096.35
[2026-06-07T07:21:36.884Z] [fair-value] Posting 1 maker-safe orders. Bids: UP=0.41 (EV=0.0173) DOWN=0.51 (EV=0.0627) settlementAnchor=62114.26 predictiveComposite=62096.35
[2026-06-07T07:21:37.051Z] [fair-value] Posting 1 maker-safe orders. Bids: UP=0.42 (EV=0.0115) DOWN=0.51 (EV=0.0585) settlementAnchor=62114.26 predictiveComposite=62097.25
[2026-06-07T07:21:37.051Z] [btc-updown-5m-1780817100] Live placement gated: waiting for 1 cancel(s) to confirm
[2026-06-07T07:21:37.052Z] [fair-value] Posting 1 maker-safe orders. Bids: UP=0.42 (EV=0.0115) DOWN=0.51 (EV=0.0585) settlementAnchor=62114.26 predictiveComposite=62097.25
[2026-06-07T07:21:37.211Z] [wallet] unlockBuy [btc-updown-5m-1780817100] BUY DOWN @ 0.51: +$2.55 | avail=$13.25
[2026-06-07T07:21:37.394Z] [fair-value] Posting 2 maker-safe orders. Bids: UP=0.45 (EV=0.0150) DOWN=0.51 (EV=0.0250) settlementAnchor=62114.26 predictiveComposite=62104.72
[2026-06-07T07:21:37.395Z] [fair-value] Posting 1 maker-safe orders. Bids: UP=0.45 (EV=0.0150) DOWN=0.51 (EV=0.0250) settlementAnchor=62114.26 predictiveComposite=62104.72
[2026-06-07T07:21:37.740Z] [wallet] lockBuy [btc-updown-5m-1780817100] BUY UP @ 0.45: -$2.25 | avail=$11.00
[2026-06-07T07:21:37.741Z] [wallet] lockBuy [btc-updown-5m-1780817100] BUY DOWN @ 0.51: -$2.55 | avail=$8.45
[2026-06-07T07:21:42.468Z] [fair-value] Canceling stale UP quote: 0.45 (Edge: -0.0121 < 0.005)
[2026-06-07T07:21:42.468Z] [fair-value] Posting 1 maker-safe orders. Bids: UP=0.43 (EV=0.0079) DOWN=0.51 (EV=0.0521) settlementAnchor=62114.26 predictiveComposite=62107.53
[2026-06-07T07:21:42.469Z] [btc-updown-5m-1780817100] Live placement gated: waiting for 1 cancel(s) to confirm
[2026-06-07T07:21:42.469Z] [fair-value] Canceling stale UP quote: 0.45 (Edge: -0.0121 < 0.005)
[2026-06-07T07:21:42.469Z] [fair-value] Posting 1 maker-safe orders. Bids: UP=0.43 (EV=0.0079) DOWN=0.51 (EV=0.0521) settlementAnchor=62114.26 predictiveComposite=62107.53
[2026-06-07T07:21:42.785Z] [wallet] unlockBuy [btc-updown-5m-1780817100] BUY UP @ 0.45: +$2.25 | avail=$10.70
[2026-06-07T07:21:42.845Z] [fair-value] Posting 1 maker-safe orders. Bids: UP=0.43 (EV=0.0079) DOWN=0.51 (EV=0.0521) settlementAnchor=62114.26 predictiveComposite=62107.53
[2026-06-07T07:21:43.016Z] [fair-value] Posting 1 maker-safe orders. Bids: UP=0.43 (EV=0.0079) DOWN=0.51 (EV=0.0521) settlementAnchor=62114.26 predictiveComposite=62107.53
[2026-06-07T07:21:43.017Z] [fair-value] Posting 1 maker-safe orders. Bids: UP=0.43 (EV=0.0079) DOWN=0.51 (EV=0.0521) settlementAnchor=62114.26 predictiveComposite=62107.53
[2026-06-07T07:21:43.017Z] [fair-value] Posting 1 maker-safe orders. Bids: UP=0.43 (EV=0.0079) DOWN=0.51 (EV=0.0521) settlementAnchor=62114.26 predictiveComposite=62107.53
[2026-06-07T07:21:43.018Z] [fair-value] Posting 1 maker-safe orders. Bids: UP=0.43 (EV=0.0079) DOWN=0.51 (EV=0.0521) settlementAnchor=62114.26 predictiveComposite=62107.53
[2026-06-07T07:21:43.018Z] [fair-value] Posting 1 maker-safe orders. Bids: UP=0.43 (EV=0.0079) DOWN=0.51 (EV=0.0521) settlementAnchor=62114.26 predictiveComposite=62107.53
[2026-06-07T07:21:43.018Z] [fair-value] Posting 1 maker-safe orders. Bids: UP=0.43 (EV=0.0079) DOWN=0.51 (EV=0.0521) settlementAnchor=62114.26 predictiveComposite=62107.53
[2026-06-07T07:21:43.019Z] [fair-value] Posting 1 maker-safe orders. Bids: UP=0.43 (EV=0.0079) DOWN=0.51 (EV=0.0521) settlementAnchor=62114.26 predictiveComposite=62107.52
[2026-06-07T07:21:43.019Z] [fair-value] Posting 1 maker-safe orders. Bids: UP=0.43 (EV=0.0079) DOWN=0.51 (EV=0.0521) settlementAnchor=62114.26 predictiveComposite=62107.52
[2026-06-07T07:21:43.182Z] [fair-value] Posting 1 maker-safe orders. Bids: UP=0.42 (EV=0.0116) DOWN=0.51 (EV=0.0584) settlementAnchor=62114.26 predictiveComposite=62106.57
[2026-06-07T07:21:43.183Z] [fair-value] Posting 1 maker-safe orders. Bids: UP=0.42 (EV=0.0116) DOWN=0.51 (EV=0.0584) settlementAnchor=62114.26 predictiveComposite=62106.57
[2026-06-07T07:21:43.183Z] [fair-value] Posting 1 maker-safe orders. Bids: UP=0.42 (EV=0.0116) DOWN=0.51 (EV=0.0584) settlementAnchor=62114.26 predictiveComposite=62106.57
[2026-06-07T07:21:43.183Z] [fair-value] Posting 1 maker-safe orders. Bids: UP=0.42 (EV=0.0116) DOWN=0.51 (EV=0.0584) settlementAnchor=62114.26 predictiveComposite=62106.57
[2026-06-07T07:21:43.348Z] [fair-value] Posting 1 maker-safe orders. Bids: UP=0.42 (EV=0.0116) DOWN=0.51 (EV=0.0584) settlementAnchor=62114.26 predictiveComposite=62106.57
[2026-06-07T07:21:43.348Z] [fair-value] Posting 1 maker-safe orders. Bids: UP=0.42 (EV=0.0116) DOWN=0.51 (EV=0.0584) settlementAnchor=62114.26 predictiveComposite=62106.57
[2026-06-07T07:21:43.349Z] [fair-value] Posting 1 maker-safe orders. Bids: UP=0.42 (EV=0.0116) DOWN=0.51 (EV=0.0584) settlementAnchor=62114.26 predictiveComposite=62106.57
[2026-06-07T07:21:43.349Z] [fair-value] Posting 1 maker-safe orders. Bids: UP=0.42 (EV=0.0116) DOWN=0.51 (EV=0.0584) settlementAnchor=62114.26 predictiveComposite=62106.57
[2026-06-07T07:21:43.350Z] [fair-value] Posting 1 maker-safe orders. Bids: UP=0.42 (EV=0.0106) DOWN=0.51 (EV=0.0594) settlementAnchor=62114.26 predictiveComposite=62106.57
[2026-06-07T07:21:43.350Z] [fair-value] Posting 1 maker-safe orders. Bids: UP=0.42 (EV=0.0106) DOWN=0.51 (EV=0.0594) settlementAnchor=62114.26 predictiveComposite=62106.57
[2026-06-07T07:21:43.393Z] [fair-value] Posting 1 maker-safe orders. Bids: UP=0.34 (EV=0.0098) DOWN=0.51 (EV=0.1402) settlementAnchor=62114.26 predictiveComposite=62106.56
[2026-06-07T07:21:43.394Z] [fair-value] Posting 1 maker-safe orders. Bids: UP=0.34 (EV=0.0098) DOWN=0.51 (EV=0.1402) settlementAnchor=62114.26 predictiveComposite=62106.56
[2026-06-07T07:21:43.517Z] [fair-value] Posting 1 maker-safe orders. Bids: UP=0.34 (EV=0.0098) DOWN=0.51 (EV=0.1402) settlementAnchor=62114.26 predictiveComposite=62106.56
[2026-06-07T07:21:43.517Z] [fair-value] Posting 1 maker-safe orders. Bids: UP=0.34 (EV=0.0098) DOWN=0.51 (EV=0.1402) settlementAnchor=62114.26 predictiveComposite=62106.56
[2026-06-07T07:21:43.518Z] [fair-value] Posting 1 maker-safe orders. Bids: UP=0.34 (EV=0.0067) DOWN=0.51 (EV=0.1433) settlementAnchor=62114.26 predictiveComposite=62106.56
[2026-06-07T07:21:43.518Z] [fair-value] Posting 1 maker-safe orders. Bids: UP=0.34 (EV=0.0067) DOWN=0.51 (EV=0.1433) settlementAnchor=62114.26 predictiveComposite=62106.56
[2026-06-07T07:21:43.518Z] [fair-value] Posting 1 maker-safe orders. Bids: UP=0.34 (EV=0.0067) DOWN=0.51 (EV=0.1433) settlementAnchor=62114.26 predictiveComposite=62106.56
[2026-06-07T07:21:43.519Z] [fair-value] Posting 1 maker-safe orders. Bids: UP=0.34 (EV=0.0067) DOWN=0.51 (EV=0.1433) settlementAnchor=62114.26 predictiveComposite=62106.56
[2026-06-07T07:21:43.858Z] [fair-value] Posting 1 maker-safe orders. Bids: UP=0.34 (EV=0.0067) DOWN=0.51 (EV=0.1433) settlementAnchor=62114.26 predictiveComposite=62106.56
[2026-06-07T07:21:43.871Z] [fair-value] Posting 1 maker-safe orders. Bids: UP=0.33 (EV=0.0122) DOWN=0.51 (EV=0.1478) settlementAnchor=62114.26 predictiveComposite=62106.25
[2026-06-07T07:21:43.871Z] [fair-value] Posting 1 maker-safe orders. Bids: UP=0.33 (EV=0.0122) DOWN=0.51 (EV=0.1478) settlementAnchor=62114.26 predictiveComposite=62106.25
[2026-06-07T07:21:44.036Z] [fair-value] Posting 1 maker-safe orders. Bids: UP=0.33 (EV=0.0089) DOWN=0.51 (EV=0.1511) settlementAnchor=62114.26 predictiveComposite=62106.25
[2026-06-07T07:21:44.036Z] [fair-value] Posting 1 maker-safe orders. Bids: UP=0.33 (EV=0.0089) DOWN=0.51 (EV=0.1511) settlementAnchor=62114.26 predictiveComposite=62106.25
[2026-06-07T07:21:44.037Z] [fair-value] Posting 1 maker-safe orders. Bids: UP=0.45 (EV=0.0163) DOWN=0.51 (EV=0.0237) settlementAnchor=62114.26 predictiveComposite=62105.66
[2026-06-07T07:21:44.037Z] [fair-value] Posting 1 maker-safe orders. Bids: UP=0.45 (EV=0.0163) DOWN=0.51 (EV=0.0237) settlementAnchor=62114.26 predictiveComposite=62105.66
[2026-06-07T07:21:44.198Z] [fair-value] Posting 1 maker-safe orders. Bids: UP=0.45 (EV=0.0159) DOWN=0.51 (EV=0.0241) settlementAnchor=62114.26 predictiveComposite=62105.66
[2026-06-07T07:21:44.198Z] [fair-value] Posting 1 maker-safe orders. Bids: UP=0.45 (EV=0.0159) DOWN=0.51 (EV=0.0241) settlementAnchor=62114.26 predictiveComposite=62105.66
[2026-06-07T07:21:44.198Z] [fair-value] Posting 1 maker-safe orders. Bids: UP=0.45 (EV=0.0159) DOWN=0.51 (EV=0.0241) settlementAnchor=62114.26 predictiveComposite=62105.66
[2026-06-07T07:21:44.199Z] [fair-value] Posting 1 maker-safe orders. Bids: UP=0.45 (EV=0.0159) DOWN=0.51 (EV=0.0241) settlementAnchor=62114.26 predictiveComposite=62105.66
[2026-06-07T07:21:44.364Z] [fair-value] Posting 1 maker-safe orders. Bids: UP=0.45 (EV=0.0159) DOWN=0.51 (EV=0.0241) settlementAnchor=62114.26 predictiveComposite=62105.66
[2026-06-07T07:21:44.365Z] [fair-value] Posting 1 maker-safe orders. Bids: UP=0.45 (EV=0.0159) DOWN=0.51 (EV=0.0241) settlementAnchor=62114.26 predictiveComposite=62105.66
[2026-06-07T07:21:44.389Z] [fair-value] Posting 1 maker-safe orders. Bids: UP=0.45 (EV=0.0159) DOWN=0.51 (EV=0.0241) settlementAnchor=62114.26 predictiveComposite=62105.66
[2026-06-07T07:21:44.390Z] [fair-value] Posting 1 maker-safe orders. Bids: UP=0.45 (EV=0.0159) DOWN=0.51 (EV=0.0241) settlementAnchor=62114.26 predictiveComposite=62105.66
[2026-06-07T07:21:44.531Z] [fair-value] Posting 1 maker-safe orders. Bids: UP=0.45 (EV=0.0159) DOWN=0.51 (EV=0.0241) settlementAnchor=62114.26 predictiveComposite=62105.66
[2026-06-07T07:21:44.531Z] [fair-value] Posting 1 maker-safe orders. Bids: UP=0.45 (EV=0.0159) DOWN=0.51 (EV=0.0241) settlementAnchor=62114.26 predictiveComposite=62105.66
[2026-06-07T07:21:44.772Z] [fair-value] Posting 1 maker-safe orders. Bids: UP=0.45 (EV=0.0158) DOWN=0.51 (EV=0.0242) settlementAnchor=62114.26 predictiveComposite=62105.66
[2026-06-07T07:21:44.773Z] [fair-value] Posting 1 maker-safe orders. Bids: UP=0.45 (EV=0.0158) DOWN=0.51 (EV=0.0242) settlementAnchor=62114.26 predictiveComposite=62105.66
[2026-06-07T07:21:44.873Z] [fair-value] Posting 1 maker-safe orders. Bids: UP=0.45 (EV=0.0158) DOWN=0.51 (EV=0.0242) settlementAnchor=62114.26 predictiveComposite=62105.66
[2026-06-07T07:21:45.389Z] [fair-value] Posting 1 maker-safe orders. Bids: UP=0.45 (EV=0.0158) DOWN=0.51 (EV=0.0242) settlementAnchor=62114.26 predictiveComposite=62105.66
[2026-06-07T07:21:45.389Z] [fair-value] Posting 1 maker-safe orders. Bids: UP=0.45 (EV=0.0158) DOWN=0.51 (EV=0.0242) settlementAnchor=62114.26 predictiveComposite=62105.66
[2026-06-07T07:21:45.700Z] [fair-value] Posting 1 maker-safe orders. Bids: UP=0.45 (EV=0.0128) DOWN=0.51 (EV=0.0272) settlementAnchor=62114.26 predictiveComposite=62104.92
[2026-06-07T07:21:45.700Z] [fair-value] Posting 1 maker-safe orders. Bids: UP=0.45 (EV=0.0128) DOWN=0.51 (EV=0.0272) settlementAnchor=62114.26 predictiveComposite=62104.92
[2026-06-07T07:21:45.701Z] [fair-value] Posting 1 maker-safe orders. Bids: UP=0.45 (EV=0.0125) DOWN=0.51 (EV=0.0275) settlementAnchor=62114.26 predictiveComposite=62104.93
[2026-06-07T07:21:45.701Z] [fair-value] Posting 1 maker-safe orders. Bids: UP=0.45 (EV=0.0125) DOWN=0.51 (EV=0.0275) settlementAnchor=62114.26 predictiveComposite=62104.93
[2026-06-07T07:21:45.892Z] [fair-value] Posting 1 maker-safe orders. Bids: UP=0.45 (EV=0.0125) DOWN=0.51 (EV=0.0275) settlementAnchor=62114.26 predictiveComposite=62104.93
[2026-06-07T07:21:46.395Z] [fair-value] Posting 1 maker-safe orders. Bids: UP=0.45 (EV=0.0125) DOWN=0.51 (EV=0.0275) settlementAnchor=62114.26 predictiveComposite=62104.93
[2026-06-07T07:21:46.396Z] [fair-value] Posting 1 maker-safe orders. Bids: UP=0.45 (EV=0.0125) DOWN=0.51 (EV=0.0275) settlementAnchor=62114.26 predictiveComposite=62104.93
[2026-06-07T07:21:46.890Z] [fair-value] Posting 1 maker-safe orders. Bids: UP=0.45 (EV=0.0125) DOWN=0.51 (EV=0.0275) settlementAnchor=62114.26 predictiveComposite=62104.93
[2026-06-07T07:21:46.963Z] [fair-value] Posting 1 maker-safe orders. Bids: UP=0.45 (EV=0.0116) DOWN=0.51 (EV=0.0284) settlementAnchor=62114.26 predictiveComposite=62104.73
[2026-06-07T07:21:46.963Z] [fair-value] Posting 1 maker-safe orders. Bids: UP=0.45 (EV=0.0116) DOWN=0.51 (EV=0.0284) settlementAnchor=62114.26 predictiveComposite=62104.73
[2026-06-07T07:21:47.392Z] [fair-value] Posting 1 maker-safe orders. Bids: UP=0.45 (EV=0.0116) DOWN=0.51 (EV=0.0284) settlementAnchor=62114.26 predictiveComposite=62104.73
[2026-06-07T07:21:47.393Z] [fair-value] Posting 1 maker-safe orders. Bids: UP=0.45 (EV=0.0116) DOWN=0.51 (EV=0.0284) settlementAnchor=62114.26 predictiveComposite=62104.73
[2026-06-07T07:21:47.662Z] [wallet] unlockBuy [btc-updown-5m-1780817100] BUY DOWN @ 0.51: +$2.55 | avail=$13.25
[2026-06-07T07:21:47.675Z] [fair-value] Posting 2 maker-safe orders. Bids: UP=0.45 (EV=0.0123) DOWN=0.51 (EV=0.0277) settlementAnchor=62114.26 predictiveComposite=62104.89
[2026-06-07T07:21:47.676Z] [fair-value] Posting 1 maker-safe orders. Bids: UP=0.45 (EV=0.0123) DOWN=0.51 (EV=0.0277) settlementAnchor=62114.26 predictiveComposite=62104.89
[2026-06-07T07:21:47.860Z] [wallet] lockBuy [btc-updown-5m-1780817100] BUY DOWN @ 0.51: -$2.55 | avail=$10.70
[2026-06-07T07:21:48.018Z] [wallet] lockBuy [btc-updown-5m-1780817100] BUY UP @ 0.45: -$2.25 | avail=$8.45
[2026-06-07T07:21:49.077Z] [fair-value] Canceling stale UP quote: 0.45 (Edge: -0.1998 < 0.005)
[2026-06-07T07:21:49.078Z] [fair-value] Posting 1 maker-safe orders. Bids: UP=0.24 (EV=0.0102) DOWN=0.51 (EV=0.2398) settlementAnchor=62114.26 predictiveComposite=62105.60
[2026-06-07T07:21:49.078Z] [btc-updown-5m-1780817100] Live placement gated: waiting for 1 cancel(s) to confirm
[2026-06-07T07:21:49.078Z] [fair-value] Canceling stale UP quote: 0.45 (Edge: -0.1998 < 0.005)
[2026-06-07T07:21:49.078Z] [fair-value] Posting 1 maker-safe orders. Bids: UP=0.24 (EV=0.0102) DOWN=0.51 (EV=0.2398) settlementAnchor=62114.26 predictiveComposite=62105.60
[2026-06-07T07:21:49.247Z] [fair-value] Canceling stale UP quote: 0.45 (Edge: -0.1998 < 0.005)
[2026-06-07T07:21:49.247Z] [fair-value] Posting 1 maker-safe orders. Bids: UP=0.24 (EV=0.0102) DOWN=0.51 (EV=0.2398) settlementAnchor=62114.26 predictiveComposite=62105.60
[2026-06-07T07:21:49.247Z] [fair-value] Canceling stale UP quote: 0.45 (Edge: -0.1998 < 0.005)
[2026-06-07T07:21:49.247Z] [fair-value] Posting 1 maker-safe orders. Bids: UP=0.24 (EV=0.0102) DOWN=0.51 (EV=0.2398) settlementAnchor=62114.26 predictiveComposite=62105.60
[2026-06-07T07:21:49.389Z] [fair-value] Canceling stale UP quote: 0.45 (Edge: -0.2000 < 0.005)
[2026-06-07T07:21:49.390Z] [fair-value] Posting 1 maker-safe orders. Bids: UP=0.24 (EV=0.0100) DOWN=0.51 (EV=0.2400) settlementAnchor=62114.26 predictiveComposite=62105.60
[2026-06-07T07:21:49.390Z] [fair-value] Canceling stale UP quote: 0.45 (Edge: -0.2000 < 0.005)
[2026-06-07T07:21:49.391Z] [fair-value] Posting 1 maker-safe orders. Bids: UP=0.24 (EV=0.0100) DOWN=0.51 (EV=0.2400) settlementAnchor=62114.26 predictiveComposite=62105.60
[2026-06-07T07:21:49.393Z] [wallet] unlockBuy [btc-updown-5m-1780817100] BUY UP @ 0.45: +$2.25 | avail=$10.70
[2026-06-07T07:21:49.476Z] [fair-value] Posting 1 maker-safe orders. Bids: UP=0.41 (EV=0.0159) DOWN=0.51 (EV=0.0641) settlementAnchor=62114.26 predictiveComposite=62107.53
[2026-06-07T07:21:49.476Z] [fair-value] Posting 1 maker-safe orders. Bids: UP=0.41 (EV=0.0159) DOWN=0.51 (EV=0.0641) settlementAnchor=62114.26 predictiveComposite=62107.53
[2026-06-07T07:21:49.919Z] [fair-value] Posting 1 maker-safe orders. Bids: UP=0.41 (EV=0.0159) DOWN=0.51 (EV=0.0641) settlementAnchor=62114.26 predictiveComposite=62107.53
[2026-06-07T07:21:50.023Z] [fair-value] Posting 1 maker-safe orders. Bids: UP=0.41 (EV=0.0159) DOWN=0.51 (EV=0.0641) settlementAnchor=62114.26 predictiveComposite=62107.53
[2026-06-07T07:21:50.024Z] [fair-value] Posting 1 maker-safe orders. Bids: UP=0.41 (EV=0.0159) DOWN=0.51 (EV=0.0641) settlementAnchor=62114.26 predictiveComposite=62107.53
[2026-06-07T07:21:50.192Z] [fair-value] Posting 1 maker-safe orders. Bids: UP=0.41 (EV=0.0158) DOWN=0.51 (EV=0.0642) settlementAnchor=62114.26 predictiveComposite=62107.53
[2026-06-07T07:21:50.193Z] [fair-value] Posting 1 maker-safe orders. Bids: UP=0.41 (EV=0.0158) DOWN=0.51 (EV=0.0642) settlementAnchor=62114.26 predictiveComposite=62107.53
[2026-06-07T07:21:50.924Z] [fair-value] Posting 1 maker-safe orders. Bids: UP=0.41 (EV=0.0158) DOWN=0.51 (EV=0.0642) settlementAnchor=62114.26 predictiveComposite=62107.53
[2026-06-07T07:21:51.046Z] [fair-value] Posting 1 maker-safe orders. Bids: UP=0.41 (EV=0.0158) DOWN=0.51 (EV=0.0642) settlementAnchor=62114.26 predictiveComposite=62107.53
[2026-06-07T07:21:51.046Z] [fair-value] Posting 1 maker-safe orders. Bids: UP=0.41 (EV=0.0158) DOWN=0.51 (EV=0.0642) settlementAnchor=62114.26 predictiveComposite=62107.53
[2026-06-07T07:21:51.375Z] [fair-value] Posting 1 maker-safe orders. Bids: UP=0.41 (EV=0.0158) DOWN=0.51 (EV=0.0642) settlementAnchor=62114.26 predictiveComposite=62107.53
[2026-06-07T07:21:51.375Z] [fair-value] Posting 1 maker-safe orders. Bids: UP=0.41 (EV=0.0158) DOWN=0.51 (EV=0.0642) settlementAnchor=62114.26 predictiveComposite=62107.53
[2026-06-07T07:21:51.376Z] [fair-value] Posting 1 maker-safe orders. Bids: UP=0.41 (EV=0.0144) DOWN=0.51 (EV=0.0656) settlementAnchor=62114.26 predictiveComposite=62107.53
[2026-06-07T07:21:51.376Z] [fair-value] Posting 1 maker-safe orders. Bids: UP=0.41 (EV=0.0144) DOWN=0.51 (EV=0.0656) settlementAnchor=62114.26 predictiveComposite=62107.53
[2026-06-07T07:21:51.390Z] [fair-value] Posting 1 maker-safe orders. Bids: UP=0.41 (EV=0.0145) DOWN=0.51 (EV=0.0655) settlementAnchor=62114.26 predictiveComposite=62107.54
[2026-06-07T07:21:51.390Z] [fair-value] Posting 1 maker-safe orders. Bids: UP=0.41 (EV=0.0145) DOWN=0.51 (EV=0.0655) settlementAnchor=62114.26 predictiveComposite=62107.54
[2026-06-07T07:21:51.927Z] [fair-value] Posting 1 maker-safe orders. Bids: UP=0.41 (EV=0.0144) DOWN=0.51 (EV=0.0656) settlementAnchor=62114.26 predictiveComposite=62107.54
[2026-06-07T07:21:52.105Z] [fair-value] Posting 1 maker-safe orders. Bids: UP=0.41 (EV=0.0144) DOWN=0.51 (EV=0.0656) settlementAnchor=62114.26 predictiveComposite=62107.54
[2026-06-07T07:21:52.105Z] [fair-value] Posting 1 maker-safe orders. Bids: UP=0.41 (EV=0.0144) DOWN=0.51 (EV=0.0656) settlementAnchor=62114.26 predictiveComposite=62107.54
[2026-06-07T07:21:52.391Z] [fair-value] Posting 1 maker-safe orders. Bids: UP=0.41 (EV=0.0143) DOWN=0.51 (EV=0.0657) settlementAnchor=62114.26 predictiveComposite=62107.54
[2026-06-07T07:21:52.392Z] [fair-value] Posting 1 maker-safe orders. Bids: UP=0.41 (EV=0.0143) DOWN=0.51 (EV=0.0657) settlementAnchor=62114.26 predictiveComposite=62107.54
[2026-06-07T07:21:52.605Z] [fair-value] Posting 1 maker-safe orders. Bids: UP=0.41 (EV=0.0143) DOWN=0.51 (EV=0.0657) settlementAnchor=62114.26 predictiveComposite=62107.54
[2026-06-07T07:21:52.606Z] [fair-value] Posting 1 maker-safe orders. Bids: UP=0.41 (EV=0.0143) DOWN=0.51 (EV=0.0657) settlementAnchor=62114.26 predictiveComposite=62107.54
[2026-06-07T07:21:52.606Z] [fair-value] Posting 1 maker-safe orders. Bids: UP=0.41 (EV=0.0143) DOWN=0.51 (EV=0.0657) settlementAnchor=62114.26 predictiveComposite=62107.54
[2026-06-07T07:21:52.606Z] [fair-value] Posting 1 maker-safe orders. Bids: UP=0.41 (EV=0.0143) DOWN=0.51 (EV=0.0657) settlementAnchor=62114.26 predictiveComposite=62107.54
[2026-06-07T07:21:52.607Z] [fair-value] Posting 1 maker-safe orders. Bids: UP=0.41 (EV=0.0102) DOWN=0.51 (EV=0.0698) settlementAnchor=62114.26 predictiveComposite=62107.54
[2026-06-07T07:21:52.607Z] [fair-value] Posting 1 maker-safe orders. Bids: UP=0.41 (EV=0.0102) DOWN=0.51 (EV=0.0698) settlementAnchor=62114.26 predictiveComposite=62107.54
[2026-06-07T07:21:52.933Z] [fair-value] Posting 1 maker-safe orders. Bids: UP=0.41 (EV=0.0102) DOWN=0.51 (EV=0.0698) settlementAnchor=62114.26 predictiveComposite=62107.54
[2026-06-07T07:21:53.086Z] [fair-value] Posting 1 maker-safe orders. Bids: UP=0.41 (EV=0.0101) DOWN=0.51 (EV=0.0699) settlementAnchor=62114.26 predictiveComposite=62107.54
[2026-06-07T07:21:53.087Z] [fair-value] Posting 1 maker-safe orders. Bids: UP=0.41 (EV=0.0101) DOWN=0.51 (EV=0.0699) settlementAnchor=62114.26 predictiveComposite=62107.54
[2026-06-07T07:21:53.087Z] [fair-value] Posting 1 maker-safe orders. Bids: UP=0.41 (EV=0.0101) DOWN=0.51 (EV=0.0699) settlementAnchor=62114.26 predictiveComposite=62107.54
[2026-06-07T07:21:53.088Z] [fair-value] Posting 1 maker-safe orders. Bids: UP=0.41 (EV=0.0101) DOWN=0.51 (EV=0.0699) settlementAnchor=62114.26 predictiveComposite=62107.54
[2026-06-07T07:21:53.392Z] [fair-value] Posting 1 maker-safe orders. Bids: UP=0.41 (EV=0.0101) DOWN=0.51 (EV=0.0699) settlementAnchor=62114.26 predictiveComposite=62107.54
[2026-06-07T07:21:53.393Z] [fair-value] Posting 1 maker-safe orders. Bids: UP=0.41 (EV=0.0101) DOWN=0.51 (EV=0.0699) settlementAnchor=62114.26 predictiveComposite=62107.54
[2026-06-07T07:21:53.933Z] [fair-value] Posting 1 maker-safe orders. Bids: UP=0.41 (EV=0.0101) DOWN=0.51 (EV=0.0699) settlementAnchor=62114.26 predictiveComposite=62107.54
[2026-06-07T07:21:54.190Z] [fair-value] Posting 1 maker-safe orders. Bids: UP=0.41 (EV=0.0100) DOWN=0.51 (EV=0.0700) settlementAnchor=62114.26 predictiveComposite=62107.53
[2026-06-07T07:21:54.191Z] [fair-value] Posting 1 maker-safe orders. Bids: UP=0.41 (EV=0.0100) DOWN=0.51 (EV=0.0700) settlementAnchor=62114.26 predictiveComposite=62107.53
[2026-06-07T07:21:54.191Z] [fair-value] Posting 1 maker-safe orders. Bids: UP=0.41 (EV=0.0100) DOWN=0.51 (EV=0.0700) settlementAnchor=62114.26 predictiveComposite=62107.53
[2026-06-07T07:21:54.192Z] [fair-value] Posting 1 maker-safe orders. Bids: UP=0.41 (EV=0.0100) DOWN=0.51 (EV=0.0700) settlementAnchor=62114.26 predictiveComposite=62107.53
[2026-06-07T07:21:54.394Z] [fair-value] Posting 1 maker-safe orders. Bids: UP=0.41 (EV=0.0100) DOWN=0.51 (EV=0.0700) settlementAnchor=62114.26 predictiveComposite=62107.53
[2026-06-07T07:21:54.395Z] [fair-value] Posting 1 maker-safe orders. Bids: UP=0.41 (EV=0.0100) DOWN=0.51 (EV=0.0700) settlementAnchor=62114.26 predictiveComposite=62107.53
[2026-06-07T07:21:54.736Z] [fair-value] Posting 1 maker-safe orders. Bids: UP=0.41 (EV=0.0100) DOWN=0.51 (EV=0.0700) settlementAnchor=62114.26 predictiveComposite=62107.53
[2026-06-07T07:21:54.737Z] [fair-value] Posting 1 maker-safe orders. Bids: UP=0.41 (EV=0.0100) DOWN=0.51 (EV=0.0700) settlementAnchor=62114.26 predictiveComposite=62107.53
[2026-06-07T07:21:54.906Z] [fair-value] Posting 1 maker-safe orders. Bids: UP=0.41 (EV=0.0099) DOWN=0.51 (EV=0.0701) settlementAnchor=62114.26 predictiveComposite=62107.53
[2026-06-07T07:21:54.906Z] [fair-value] Posting 1 maker-safe orders. Bids: UP=0.41 (EV=0.0099) DOWN=0.51 (EV=0.0701) settlementAnchor=62114.26 predictiveComposite=62107.53
[2026-06-07T07:21:54.952Z] [fair-value] Posting 1 maker-safe orders. Bids: UP=0.41 (EV=0.0099) DOWN=0.51 (EV=0.0701) settlementAnchor=62114.26 predictiveComposite=62107.53
[2026-06-07T07:21:57.775Z] [fair-value] Posting 1 maker-safe orders. Bids: UP=0.18 (EV=0.0055) DOWN=0.51 (EV=0.3045) settlementAnchor=62114.26 predictiveComposite=62106.44
[2026-06-07T07:21:57.776Z] [btc-updown-5m-1780817100] Live placement gated: waiting for 1 cancel(s) to confirm
[2026-06-07T07:21:57.776Z] [fair-value] Posting 1 maker-safe orders. Bids: UP=0.18 (EV=0.0055) DOWN=0.51 (EV=0.3045) settlementAnchor=62114.26 predictiveComposite=62106.44
[2026-06-07T07:21:57.963Z] [fair-value] Posting 1 maker-safe orders. Bids: UP=0.18 (EV=0.0054) DOWN=0.51 (EV=0.3046) settlementAnchor=62114.26 predictiveComposite=62106.44
[2026-06-07T07:21:58.071Z] [wallet] unlockBuy [btc-updown-5m-1780817100] BUY DOWN @ 0.51: +$2.55 | avail=$13.25
[2026-06-07T07:21:58.389Z] [fair-value] Posting 2 maker-safe orders. Bids: UP=0.18 (EV=0.0053) DOWN=0.51 (EV=0.3047) settlementAnchor=62114.26 predictiveComposite=62106.44
[2026-06-07T07:21:58.391Z] [fair-value] Posting 1 maker-safe orders. Bids: UP=0.18 (EV=0.0053) DOWN=0.51 (EV=0.3047) settlementAnchor=62114.26 predictiveComposite=62106.44
[2026-06-07T07:21:58.724Z] [wallet] lockBuy [btc-updown-5m-1780817100] BUY DOWN @ 0.51: -$2.55 | avail=$10.70
[2026-06-07T07:21:58.804Z] [wallet] lockBuy [btc-updown-5m-1780817100] BUY UP @ 0.18: -$0.90 | avail=$9.80
[2026-06-07T07:21:59.207Z] [fair-value] P(UP)=0.1827 Sigma=0.0356 settlement=62114.26 predictive=62106.44 Rem=480s
[2026-06-07T07:21:59.822Z] [fair-value] Canceling stale UP quote: 0.18 (Edge: 0.0050 < 0.005)
[2026-06-07T07:21:59.822Z] [fair-value] Posting 1 maker-safe orders. Bids: UP=0.17 (EV=0.0150) DOWN=0.51 (EV=0.3050) settlementAnchor=62114.26 predictiveComposite=62106.44
[2026-06-07T07:21:59.823Z] [btc-updown-5m-1780817100] Live placement gated: waiting for 1 cancel(s) to confirm
[2026-06-07T07:21:59.823Z] [fair-value] Canceling stale UP quote: 0.18 (Edge: 0.0050 < 0.005)
[2026-06-07T07:21:59.823Z] [fair-value] Posting 1 maker-safe orders. Bids: UP=0.17 (EV=0.0150) DOWN=0.51 (EV=0.3050) settlementAnchor=62114.26 predictiveComposite=62106.44
[2026-06-07T07:21:59.966Z] [fair-value] Canceling stale UP quote: 0.18 (Edge: 0.0049 < 0.005)
[2026-06-07T07:21:59.969Z] [fair-value] Posting 1 maker-safe orders. Bids: UP=0.17 (EV=0.0149) DOWN=0.51 (EV=0.3051) settlementAnchor=62114.26 predictiveComposite=62106.44
[2026-06-07T07:21:59.978Z] [wallet] unlockBuy [btc-updown-5m-1780817100] BUY UP @ 0.18: +$0.90 | avail=$10.70
[2026-06-07T07:22:00.394Z] [fair-value] Posting 1 maker-safe orders. Bids: UP=0.17 (EV=0.0148) DOWN=0.51 (EV=0.3052) settlementAnchor=62114.26 predictiveComposite=62106.44
[2026-06-07T07:22:00.395Z] [fair-value] Posting 1 maker-safe orders. Bids: UP=0.17 (EV=0.0148) DOWN=0.51 (EV=0.3052) settlementAnchor=62114.26 predictiveComposite=62106.44
[2026-06-07T07:22:00.819Z] [fair-value] Posting 1 maker-safe orders. Bids: UP=0.17 (EV=0.0147) DOWN=0.51 (EV=0.3053) settlementAnchor=62114.26 predictiveComposite=62106.44
[2026-06-07T07:22:00.819Z] [fair-value] Posting 1 maker-safe orders. Bids: UP=0.17 (EV=0.0147) DOWN=0.51 (EV=0.3053) settlementAnchor=62114.26 predictiveComposite=62106.44
[2026-06-07T07:22:00.977Z] [fair-value] Posting 1 maker-safe orders. Bids: UP=0.17 (EV=0.0147) DOWN=0.51 (EV=0.3053) settlementAnchor=62114.26 predictiveComposite=62106.44
[2026-06-07T07:22:01.393Z] [fair-value] Posting 1 maker-safe orders. Bids: UP=0.17 (EV=0.0139) DOWN=0.51 (EV=0.3061) settlementAnchor=62114.26 predictiveComposite=62106.44
[2026-06-07T07:22:01.393Z] [fair-value] Posting 1 maker-safe orders. Bids: UP=0.17 (EV=0.0139) DOWN=0.51 (EV=0.3061) settlementAnchor=62114.26 predictiveComposite=62106.44
[2026-06-07T07:22:01.977Z] [fair-value] Posting 1 maker-safe orders. Bids: UP=0.17 (EV=0.0137) DOWN=0.51 (EV=0.3063) settlementAnchor=62114.26 predictiveComposite=62106.44
[2026-06-07T07:22:02.050Z] [fair-value] Posting 1 maker-safe orders. Bids: UP=0.17 (EV=0.0137) DOWN=0.51 (EV=0.3063) settlementAnchor=62114.26 predictiveComposite=62106.44
[2026-06-07T07:22:02.051Z] [fair-value] Posting 1 maker-safe orders. Bids: UP=0.17 (EV=0.0137) DOWN=0.51 (EV=0.3063) settlementAnchor=62114.26 predictiveComposite=62106.44
[2026-06-07T07:22:02.388Z] [fair-value] Posting 1 maker-safe orders. Bids: UP=0.17 (EV=0.0136) DOWN=0.51 (EV=0.3064) settlementAnchor=62114.26 predictiveComposite=62106.44
[2026-06-07T07:22:02.389Z] [fair-value] Posting 1 maker-safe orders. Bids: UP=0.17 (EV=0.0136) DOWN=0.51 (EV=0.3064) settlementAnchor=62114.26 predictiveComposite=62106.44
[2026-06-07T07:22:02.430Z] [fair-value] Posting 1 maker-safe orders. Bids: UP=0.17 (EV=0.0137) DOWN=0.51 (EV=0.3063) settlementAnchor=62114.26 predictiveComposite=62106.44
[2026-06-07T07:22:02.430Z] [fair-value] Posting 1 maker-safe orders. Bids: UP=0.17 (EV=0.0137) DOWN=0.51 (EV=0.3063) settlementAnchor=62114.26 predictiveComposite=62106.44
[2026-06-07T07:22:02.613Z] [fair-value] Posting 1 maker-safe orders. Bids: UP=0.17 (EV=0.0136) DOWN=0.51 (EV=0.3064) settlementAnchor=62114.26 predictiveComposite=62106.44
[2026-06-07T07:22:02.614Z] [fair-value] Posting 1 maker-safe orders. Bids: UP=0.17 (EV=0.0136) DOWN=0.51 (EV=0.3064) settlementAnchor=62114.26 predictiveComposite=62106.44
[2026-06-07T07:22:02.979Z] [fair-value] Posting 1 maker-safe orders. Bids: UP=0.17 (EV=0.0136) DOWN=0.51 (EV=0.3064) settlementAnchor=62114.26 predictiveComposite=62106.44
[2026-06-07T07:22:03.077Z] [fair-value] Posting 1 maker-safe orders. Bids: UP=0.17 (EV=0.0134) DOWN=0.51 (EV=0.3066) settlementAnchor=62114.26 predictiveComposite=62106.44
[2026-06-07T07:22:03.077Z] [fair-value] Posting 1 maker-safe orders. Bids: UP=0.17 (EV=0.0134) DOWN=0.51 (EV=0.3066) settlementAnchor=62114.26 predictiveComposite=62106.44
[2026-06-07T07:22:03.392Z] [fair-value] Posting 1 maker-safe orders. Bids: UP=0.17 (EV=0.0134) DOWN=0.51 (EV=0.3066) settlementAnchor=62114.26 predictiveComposite=62106.44
[2026-06-07T07:22:03.392Z] [fair-value] Posting 1 maker-safe orders. Bids: UP=0.17 (EV=0.0134) DOWN=0.51 (EV=0.3066) settlementAnchor=62114.26 predictiveComposite=62106.44
[2026-06-07T07:22:03.637Z] [fair-value] Posting 1 maker-safe orders. Bids: UP=0.17 (EV=0.0133) DOWN=0.51 (EV=0.3067) settlementAnchor=62114.26 predictiveComposite=62106.44
[2026-06-07T07:22:03.638Z] [fair-value] Posting 1 maker-safe orders. Bids: UP=0.17 (EV=0.0133) DOWN=0.51 (EV=0.3067) settlementAnchor=62114.26 predictiveComposite=62106.44
[2026-06-07T07:22:03.638Z] [fair-value] Posting 1 maker-safe orders. Bids: UP=0.17 (EV=0.0133) DOWN=0.51 (EV=0.3067) settlementAnchor=62114.26 predictiveComposite=62106.44
[2026-06-07T07:22:03.639Z] [fair-value] Posting 1 maker-safe orders. Bids: UP=0.17 (EV=0.0133) DOWN=0.51 (EV=0.3067) settlementAnchor=62114.26 predictiveComposite=62106.44
[2026-06-07T07:22:03.639Z] [fair-value] Posting 1 maker-safe orders. Bids: UP=0.17 (EV=0.0133) DOWN=0.51 (EV=0.3067) settlementAnchor=62114.26 predictiveComposite=62106.44
[2026-06-07T07:22:03.639Z] [fair-value] Posting 1 maker-safe orders. Bids: UP=0.17 (EV=0.0133) DOWN=0.51 (EV=0.3067) settlementAnchor=62114.26 predictiveComposite=62106.44
[2026-06-07T07:22:03.639Z] [fair-value] Posting 1 maker-safe orders. Bids: UP=0.17 (EV=0.0133) DOWN=0.51 (EV=0.3067) settlementAnchor=62114.26 predictiveComposite=62106.44
[2026-06-07T07:22:03.640Z] [fair-value] Posting 1 maker-safe orders. Bids: UP=0.17 (EV=0.0133) DOWN=0.51 (EV=0.3067) settlementAnchor=62114.26 predictiveComposite=62106.44
[2026-06-07T07:22:03.640Z] [fair-value] Posting 1 maker-safe orders. Bids: UP=0.17 (EV=0.0133) DOWN=0.51 (EV=0.3067) settlementAnchor=62114.26 predictiveComposite=62106.44
[2026-06-07T07:22:03.640Z] [fair-value] Posting 1 maker-safe orders. Bids: UP=0.17 (EV=0.0133) DOWN=0.51 (EV=0.3067) settlementAnchor=62114.26 predictiveComposite=62106.44
[2026-06-07T07:22:04.162Z] [fair-value] Posting 1 maker-safe orders. Bids: UP=0.04 (EV=0.0119) DOWN=0.51 (EV=0.4381) settlementAnchor=62114.26 predictiveComposite=62105.66
[2026-06-07T07:22:04.163Z] [fair-value] Posting 1 maker-safe orders. Bids: UP=0.04 (EV=0.0119) DOWN=0.51 (EV=0.4381) settlementAnchor=62114.26 predictiveComposite=62105.66
[2026-06-07T07:22:04.389Z] [fair-value] Posting 1 maker-safe orders. Bids: UP=0.04 (EV=0.0118) DOWN=0.51 (EV=0.4382) settlementAnchor=62114.26 predictiveComposite=62105.66
[2026-06-07T07:22:04.390Z] [fair-value] Posting 1 maker-safe orders. Bids: UP=0.04 (EV=0.0118) DOWN=0.51 (EV=0.4382) settlementAnchor=62114.26 predictiveComposite=62105.66
[2026-06-07T07:22:04.910Z] [fair-value] Posting 1 maker-safe orders. Bids: UP=0.04 (EV=0.0118) DOWN=0.51 (EV=0.4382) settlementAnchor=62114.26 predictiveComposite=62105.66
[2026-06-07T07:22:04.910Z] [fair-value] Posting 1 maker-safe orders. Bids: UP=0.04 (EV=0.0118) DOWN=0.51 (EV=0.4382) settlementAnchor=62114.26 predictiveComposite=62105.66
[2026-06-07T07:22:05.005Z] [fair-value] Posting 1 maker-safe orders. Bids: UP=0.04 (EV=0.0117) DOWN=0.51 (EV=0.4383) settlementAnchor=62114.26 predictiveComposite=62105.66
[2026-06-07T07:22:05.343Z] [fair-value] Posting 1 maker-safe orders. Bids: UP=0.04 (EV=0.0116) DOWN=0.51 (EV=0.4384) settlementAnchor=62114.26 predictiveComposite=62105.66
[2026-06-07T07:22:05.344Z] [fair-value] Posting 1 maker-safe orders. Bids: UP=0.04 (EV=0.0116) DOWN=0.51 (EV=0.4384) settlementAnchor=62114.26 predictiveComposite=62105.66
[2026-06-07T07:22:05.391Z] [fair-value] Posting 1 maker-safe orders. Bids: UP=0.04 (EV=0.0116) DOWN=0.51 (EV=0.4384) settlementAnchor=62114.26 predictiveComposite=62105.66
[2026-06-07T07:22:05.392Z] [fair-value] Posting 1 maker-safe orders. Bids: UP=0.04 (EV=0.0116) DOWN=0.51 (EV=0.4384) settlementAnchor=62114.26 predictiveComposite=62105.66
[2026-06-07T07:22:05.502Z] [fair-value] Posting 1 maker-safe orders. Bids: UP=0.04 (EV=0.0117) DOWN=0.51 (EV=0.4383) settlementAnchor=62114.26 predictiveComposite=62105.66
[2026-06-07T07:22:05.502Z] [fair-value] Posting 1 maker-safe orders. Bids: UP=0.04 (EV=0.0117) DOWN=0.51 (EV=0.4383) settlementAnchor=62114.26 predictiveComposite=62105.66
[2026-06-07T07:22:05.666Z] [fair-value] Posting 1 maker-safe orders. Bids: UP=0.04 (EV=0.0116) DOWN=0.51 (EV=0.4384) settlementAnchor=62114.26 predictiveComposite=62105.66
[2026-06-07T07:22:05.666Z] [fair-value] Posting 1 maker-safe orders. Bids: UP=0.04 (EV=0.0116) DOWN=0.51 (EV=0.4384) settlementAnchor=62114.26 predictiveComposite=62105.66
[2026-06-07T07:22:05.831Z] [fair-value] Posting 1 maker-safe orders. Bids: UP=0.04 (EV=0.0116) DOWN=0.51 (EV=0.4384) settlementAnchor=62114.26 predictiveComposite=62105.66
[2026-06-07T07:22:05.831Z] [fair-value] Posting 1 maker-safe orders. Bids: UP=0.04 (EV=0.0116) DOWN=0.51 (EV=0.4384) settlementAnchor=62114.26 predictiveComposite=62105.66
[2026-06-07T07:22:05.979Z] [fair-value] Posting 1 maker-safe orders. Bids: UP=0.04 (EV=0.0115) DOWN=0.51 (EV=0.4385) settlementAnchor=62114.26 predictiveComposite=62105.66
[2026-06-07T07:22:05.980Z] [fair-value] Posting 1 maker-safe orders. Bids: UP=0.04 (EV=0.0115) DOWN=0.51 (EV=0.4385) settlementAnchor=62114.26 predictiveComposite=62105.66
[2026-06-07T07:22:05.980Z] [fair-value] Posting 1 maker-safe orders. Bids: UP=0.04 (EV=0.0115) DOWN=0.51 (EV=0.4385) settlementAnchor=62114.26 predictiveComposite=62105.66
[2026-06-07T07:22:05.980Z] [fair-value] Posting 1 maker-safe orders. Bids: UP=0.04 (EV=0.0115) DOWN=0.51 (EV=0.4385) settlementAnchor=62114.26 predictiveComposite=62105.66
[2026-06-07T07:22:05.981Z] [fair-value] Posting 1 maker-safe orders. Bids: UP=0.04 (EV=0.0121) DOWN=0.51 (EV=0.4379) settlementAnchor=62114.26 predictiveComposite=62105.65
[2026-06-07T07:22:05.981Z] [fair-value] Posting 1 maker-safe orders. Bids: UP=0.04 (EV=0.0121) DOWN=0.51 (EV=0.4379) settlementAnchor=62114.26 predictiveComposite=62105.65
[2026-06-07T07:22:05.981Z] [fair-value] Posting 1 maker-safe orders. Bids: UP=0.04 (EV=0.0121) DOWN=0.51 (EV=0.4379) settlementAnchor=62114.26 predictiveComposite=62105.65
[2026-06-07T07:22:05.982Z] [fair-value] Posting 1 maker-safe orders. Bids: UP=0.04 (EV=0.0121) DOWN=0.51 (EV=0.4379) settlementAnchor=62114.26 predictiveComposite=62105.65
[2026-06-07T07:22:05.982Z] [fair-value] Posting 1 maker-safe orders. Bids: UP=0.46 (EV=0.0157) DOWN=0.51 (EV=0.0143) settlementAnchor=62114.26 predictiveComposite=62104.72
[2026-06-07T07:22:05.982Z] [fair-value] Posting 1 maker-safe orders. Bids: UP=0.46 (EV=0.0157) DOWN=0.51 (EV=0.0143) settlementAnchor=62114.26 predictiveComposite=62104.72
[2026-06-07T07:22:05.983Z] [fair-value] Posting 1 maker-safe orders. Bids: UP=0.46 (EV=0.0156) DOWN=0.51 (EV=0.0144) settlementAnchor=62114.26 predictiveComposite=62104.59
[2026-06-07T07:22:05.983Z] [fair-value] Posting 1 maker-safe orders. Bids: UP=0.46 (EV=0.0156) DOWN=0.51 (EV=0.0144) settlementAnchor=62114.26 predictiveComposite=62104.59
[2026-06-07T07:22:05.983Z] [fair-value] Posting 1 maker-safe orders. Bids: UP=0.46 (EV=0.0156) DOWN=0.51 (EV=0.0144) settlementAnchor=62114.26 predictiveComposite=62104.59
[2026-06-07T07:22:05.983Z] [fair-value] Posting 1 maker-safe orders. Bids: UP=0.46 (EV=0.0156) DOWN=0.51 (EV=0.0144) settlementAnchor=62114.26 predictiveComposite=62104.59
[2026-06-07T07:22:05.984Z] [fair-value] Posting 1 maker-safe orders. Bids: UP=0.46 (EV=0.0201) DOWN=0.5 (EV=0.0199) settlementAnchor=62114.26 predictiveComposite=62103.78
[2026-06-07T07:22:05.984Z] [fair-value] Posting 1 maker-safe orders. Bids: UP=0.46 (EV=0.0201) DOWN=0.5 (EV=0.0199) settlementAnchor=62114.26 predictiveComposite=62103.78
[2026-06-07T07:22:05.984Z] [fair-value] Posting 1 maker-safe orders. Bids: UP=0.46 (EV=0.0187) DOWN=0.51 (EV=0.0113) settlementAnchor=62114.26 predictiveComposite=62103.09
[2026-06-07T07:22:05.985Z] [fair-value] Posting 1 maker-safe orders. Bids: UP=0.46 (EV=0.0187) DOWN=0.51 (EV=0.0113) settlementAnchor=62114.26 predictiveComposite=62103.09
[2026-06-07T07:22:06.024Z] [fair-value] Posting 1 maker-safe orders. Bids: UP=0.46 (EV=0.0187) DOWN=0.51 (EV=0.0113) settlementAnchor=62114.26 predictiveComposite=62103.09
[2026-06-07T07:22:06.353Z] [fair-value] Posting 1 maker-safe orders. Bids: UP=0.46 (EV=0.0187) DOWN=0.51 (EV=0.0113) settlementAnchor=62114.26 predictiveComposite=62103.08
[2026-06-07T07:22:06.354Z] [fair-value] Posting 1 maker-safe orders. Bids: UP=0.46 (EV=0.0187) DOWN=0.51 (EV=0.0113) settlementAnchor=62114.26 predictiveComposite=62103.08
[2026-06-07T07:22:06.393Z] [fair-value] Posting 1 maker-safe orders. Bids: UP=0.46 (EV=0.0138) DOWN=0.51 (EV=0.0162) settlementAnchor=62114.26 predictiveComposite=62095.14
[2026-06-07T07:22:06.393Z] [fair-value] Posting 1 maker-safe orders. Bids: UP=0.46 (EV=0.0138) DOWN=0.51 (EV=0.0162) settlementAnchor=62114.26 predictiveComposite=62095.14
[2026-06-07T07:22:06.520Z] [fair-value] Posting 1 maker-safe orders. Bids: UP=0.46 (EV=0.0138) DOWN=0.51 (EV=0.0162) settlementAnchor=62114.26 predictiveComposite=62095.14
[2026-06-07T07:22:06.521Z] [fair-value] Posting 1 maker-safe orders. Bids: UP=0.46 (EV=0.0138) DOWN=0.51 (EV=0.0162) settlementAnchor=62114.26 predictiveComposite=62095.14
[2026-06-07T07:22:06.521Z] [fair-value] Posting 1 maker-safe orders. Bids: UP=0.46 (EV=0.0138) DOWN=0.51 (EV=0.0162) settlementAnchor=62114.26 predictiveComposite=62095.14
[2026-06-07T07:22:06.522Z] [fair-value] Posting 1 maker-safe orders. Bids: UP=0.46 (EV=0.0138) DOWN=0.51 (EV=0.0162) settlementAnchor=62114.26 predictiveComposite=62095.14
[2026-06-07T07:22:06.522Z] [fair-value] Posting 1 maker-safe orders. Bids: UP=0.46 (EV=0.0146) DOWN=0.51 (EV=0.0154) settlementAnchor=62114.26 predictiveComposite=62095.45
[2026-06-07T07:22:06.523Z] [fair-value] Posting 1 maker-safe orders. Bids: UP=0.46 (EV=0.0146) DOWN=0.51 (EV=0.0154) settlementAnchor=62114.26 predictiveComposite=62095.45
[2026-06-07T07:22:07.028Z] [fair-value] Posting 1 maker-safe orders. Bids: UP=0.46 (EV=0.0146) DOWN=0.51 (EV=0.0154) settlementAnchor=62114.26 predictiveComposite=62095.45
[2026-06-07T07:22:07.382Z] [fair-value] Posting 1 maker-safe orders. Bids: UP=0.45 (EV=0.0238) DOWN=0.51 (EV=0.0162) settlementAnchor=62114.26 predictiveComposite=62094.90
[2026-06-07T07:22:07.383Z] [fair-value] Posting 1 maker-safe orders. Bids: UP=0.45 (EV=0.0238) DOWN=0.51 (EV=0.0162) settlementAnchor=62114.26 predictiveComposite=62094.90
[2026-06-07T07:22:07.388Z] [fair-value] Posting 1 maker-safe orders. Bids: UP=0.46 (EV=0.0163) DOWN=0.5 (EV=0.0237) settlementAnchor=62114.26 predictiveComposite=62096.07
[2026-06-07T07:22:07.389Z] [fair-value] Posting 1 maker-safe orders. Bids: UP=0.46 (EV=0.0163) DOWN=0.5 (EV=0.0237) settlementAnchor=62114.26 predictiveComposite=62096.07
[2026-06-07T07:22:07.549Z] [fair-value] Posting 1 maker-safe orders. Bids: UP=0.46 (EV=0.0163) DOWN=0.5 (EV=0.0237) settlementAnchor=62114.26 predictiveComposite=62096.07
[2026-06-07T07:22:07.550Z] [fair-value] Posting 1 maker-safe orders. Bids: UP=0.46 (EV=0.0163) DOWN=0.5 (EV=0.0237) settlementAnchor=62114.26 predictiveComposite=62096.07
[2026-06-07T07:22:08.039Z] [fair-value] Posting 1 maker-safe orders. Bids: UP=0.46 (EV=0.0163) DOWN=0.5 (EV=0.0237) settlementAnchor=62114.26 predictiveComposite=62096.07
[2026-06-07T07:22:08.356Z] [fair-value] Posting 1 maker-safe orders. Bids: UP=0.46 (EV=0.0163) DOWN=0.5 (EV=0.0237) settlementAnchor=62114.26 predictiveComposite=62096.07
[2026-06-07T07:22:08.357Z] [fair-value] Posting 1 maker-safe orders. Bids: UP=0.46 (EV=0.0163) DOWN=0.5 (EV=0.0237) settlementAnchor=62114.26 predictiveComposite=62096.07
[2026-06-07T07:22:08.389Z] [fair-value] Posting 1 maker-safe orders. Bids: UP=0.46 (EV=0.0163) DOWN=0.5 (EV=0.0237) settlementAnchor=62114.26 predictiveComposite=62096.07
[2026-06-07T07:22:08.390Z] [fair-value] Posting 1 maker-safe orders. Bids: UP=0.46 (EV=0.0163) DOWN=0.5 (EV=0.0237) settlementAnchor=62114.26 predictiveComposite=62096.07
[2026-06-07T07:22:08.725Z] [wallet] unlockBuy [btc-updown-5m-1780817100] BUY DOWN @ 0.51: +$2.55 | avail=$13.25
[2026-06-07T07:22:08.829Z] [fair-value] Posting 2 maker-safe orders. Bids: UP=0.46 (EV=0.0163) DOWN=0.5 (EV=0.0237) settlementAnchor=62114.26 predictiveComposite=62096.07
[2026-06-07T07:22:08.835Z] [fair-value] Posting 1 maker-safe orders. Bids: UP=0.46 (EV=0.0163) DOWN=0.5 (EV=0.0237) settlementAnchor=62114.26 predictiveComposite=62096.07
[2026-06-07T07:22:09.180Z] [wallet] lockBuy [btc-updown-5m-1780817100] BUY UP @ 0.46: -$2.30 | avail=$10.95
[2026-06-07T07:22:09.199Z] [wallet] lockBuy [btc-updown-5m-1780817100] BUY DOWN @ 0.5: -$2.50 | avail=$8.45
[2026-06-07T07:22:11.190Z] [fair-value] Canceling stale UP quote: 0.46 (Edge: -0.0409 < 0.005)
[2026-06-07T07:22:11.190Z] [fair-value] Posting 1 maker-safe orders. Bids: UP=0.41 (EV=0.0091) DOWN=0.51 (EV=0.0709) settlementAnchor=62114.26 predictiveComposite=62096.08
[2026-06-07T07:22:11.191Z] [btc-updown-5m-1780817100] Live placement gated: waiting for 1 cancel(s) to confirm
[2026-06-07T07:22:11.191Z] [fair-value] Canceling stale UP quote: 0.46 (Edge: -0.0409 < 0.005)
[2026-06-07T07:22:11.191Z] [fair-value] Posting 1 maker-safe orders. Bids: UP=0.41 (EV=0.0091) DOWN=0.51 (EV=0.0709) settlementAnchor=62114.26 predictiveComposite=62096.08
[2026-06-07T07:22:11.397Z] [fair-value] Canceling stale UP quote: 0.46 (Edge: -0.0409 < 0.005)
[2026-06-07T07:22:11.397Z] [fair-value] Posting 1 maker-safe orders. Bids: UP=0.41 (EV=0.0091) DOWN=0.51 (EV=0.0709) settlementAnchor=62114.26 predictiveComposite=62096.08
[2026-06-07T07:22:11.398Z] [fair-value] Canceling stale UP quote: 0.46 (Edge: -0.0409 < 0.005)
[2026-06-07T07:22:11.398Z] [fair-value] Posting 1 maker-safe orders. Bids: UP=0.41 (EV=0.0091) DOWN=0.51 (EV=0.0709) settlementAnchor=62114.26 predictiveComposite=62096.08
[2026-06-07T07:22:11.399Z] [fair-value] Canceling stale UP quote: 0.46 (Edge: -0.0409 < 0.005)
[2026-06-07T07:22:11.399Z] [fair-value] Posting 1 maker-safe orders. Bids: UP=0.41 (EV=0.0091) DOWN=0.51 (EV=0.0709) settlementAnchor=62114.26 predictiveComposite=62096.07
[2026-06-07T07:22:11.399Z] [fair-value] Canceling stale UP quote: 0.46 (Edge: -0.0409 < 0.005)
[2026-06-07T07:22:11.400Z] [fair-value] Posting 1 maker-safe orders. Bids: UP=0.41 (EV=0.0091) DOWN=0.51 (EV=0.0709) settlementAnchor=62114.26 predictiveComposite=62096.07
[2026-06-07T07:22:11.513Z] [wallet] unlockBuy [btc-updown-5m-1780817100] BUY UP @ 0.46: +$2.30 | avail=$10.75
[2026-06-07T07:22:12.074Z] [fair-value] Posting 1 maker-safe orders. Bids: UP=0.41 (EV=0.0090) DOWN=0.51 (EV=0.0710) settlementAnchor=62114.26 predictiveComposite=62096.07
[2026-06-07T07:22:12.391Z] [fair-value] Posting 1 maker-safe orders. Bids: UP=0.39 (EV=0.0140) DOWN=0.51 (EV=0.0860) settlementAnchor=62114.26 predictiveComposite=62096.07
[2026-06-07T07:22:12.391Z] [fair-value] Posting 1 maker-safe orders. Bids: UP=0.39 (EV=0.0140) DOWN=0.51 (EV=0.0860) settlementAnchor=62114.26 predictiveComposite=62096.07
[2026-06-07T07:22:12.866Z] [fair-value] Posting 1 maker-safe orders. Bids: UP=0.39 (EV=0.0139) DOWN=0.51 (EV=0.0861) settlementAnchor=62114.26 predictiveComposite=62096.08
[2026-06-07T07:22:12.867Z] [fair-value] Posting 1 maker-safe orders. Bids: UP=0.39 (EV=0.0139) DOWN=0.51 (EV=0.0861) settlementAnchor=62114.26 predictiveComposite=62096.08
[2026-06-07T07:22:15.243Z] [fair-value] Posting 1 maker-safe orders. Bids: UP=0.41 (EV=0.0115) DOWN=0.51 (EV=0.0685) settlementAnchor=62114.26 predictiveComposite=62096.65
[2026-06-07T07:22:15.243Z] [fair-value] Posting 1 maker-safe orders. Bids: UP=0.41 (EV=0.0115) DOWN=0.51 (EV=0.0685) settlementAnchor=62114.26 predictiveComposite=62096.65
[2026-06-07T07:22:15.243Z] [fair-value] Posting 1 maker-safe orders. Bids: UP=0.41 (EV=0.0137) DOWN=0.51 (EV=0.0663) settlementAnchor=62114.26 predictiveComposite=62097.13
[2026-06-07T07:22:15.244Z] [fair-value] Posting 1 maker-safe orders. Bids: UP=0.41 (EV=0.0137) DOWN=0.51 (EV=0.0663) settlementAnchor=62114.26 predictiveComposite=62097.13
[2026-06-07T07:22:15.393Z] [fair-value] Posting 1 maker-safe orders. Bids: UP=0.41 (EV=0.0137) DOWN=0.51 (EV=0.0663) settlementAnchor=62114.26 predictiveComposite=62097.14
[2026-06-07T07:22:15.394Z] [fair-value] Posting 1 maker-safe orders. Bids: UP=0.41 (EV=0.0137) DOWN=0.51 (EV=0.0663) settlementAnchor=62114.26 predictiveComposite=62097.14
[2026-06-07T07:22:15.717Z] [fair-value] Posting 1 maker-safe orders. Bids: UP=0.42 (EV=0.0082) DOWN=0.51 (EV=0.0618) settlementAnchor=62114.26 predictiveComposite=62098.07
[2026-06-07T07:22:15.718Z] [fair-value] Posting 1 maker-safe orders. Bids: UP=0.42 (EV=0.0082) DOWN=0.51 (EV=0.0618) settlementAnchor=62114.26 predictiveComposite=62098.07
[2026-06-07T07:22:16.087Z] [fair-value] Posting 1 maker-safe orders. Bids: UP=0.42 (EV=0.0082) DOWN=0.51 (EV=0.0618) settlementAnchor=62114.26 predictiveComposite=62098.07
[2026-06-07T07:22:16.088Z] [fair-value] Posting 1 maker-safe orders. Bids: UP=0.42 (EV=0.0082) DOWN=0.51 (EV=0.0618) settlementAnchor=62114.26 predictiveComposite=62098.07
[2026-06-07T07:22:16.098Z] [fair-value] Posting 1 maker-safe orders. Bids: UP=0.42 (EV=0.0082) DOWN=0.51 (EV=0.0618) settlementAnchor=62114.26 predictiveComposite=62098.07
[2026-06-07T07:22:16.338Z] [fair-value] Posting 1 maker-safe orders. Bids: UP=0.42 (EV=0.0081) DOWN=0.51 (EV=0.0619) settlementAnchor=62114.26 predictiveComposite=62098.07
[2026-06-07T07:22:16.339Z] [fair-value] Posting 1 maker-safe orders. Bids: UP=0.42 (EV=0.0081) DOWN=0.51 (EV=0.0619) settlementAnchor=62114.26 predictiveComposite=62098.07
[2026-06-07T07:22:16.390Z] [fair-value] Posting 1 maker-safe orders. Bids: UP=0.42 (EV=0.0081) DOWN=0.51 (EV=0.0619) settlementAnchor=62114.26 predictiveComposite=62098.07
[2026-06-07T07:22:16.391Z] [fair-value] Posting 1 maker-safe orders. Bids: UP=0.42 (EV=0.0081) DOWN=0.51 (EV=0.0619) settlementAnchor=62114.26 predictiveComposite=62098.07
[2026-06-07T07:22:16.878Z] [fair-value] Posting 1 maker-safe orders. Bids: UP=0.42 (EV=0.0081) DOWN=0.51 (EV=0.0619) settlementAnchor=62114.26 predictiveComposite=62098.07
[2026-06-07T07:22:16.879Z] [fair-value] Posting 1 maker-safe orders. Bids: UP=0.42 (EV=0.0081) DOWN=0.51 (EV=0.0619) settlementAnchor=62114.26 predictiveComposite=62098.07
[2026-06-07T07:22:17.114Z] [fair-value] Posting 1 maker-safe orders. Bids: UP=0.42 (EV=0.0081) DOWN=0.51 (EV=0.0619) settlementAnchor=62114.26 predictiveComposite=62098.07
[2026-06-07T07:22:17.133Z] [fair-value] Posting 1 maker-safe orders. Bids: UP=0.42 (EV=0.0081) DOWN=0.51 (EV=0.0619) settlementAnchor=62114.26 predictiveComposite=62098.07
[2026-06-07T07:22:17.134Z] [fair-value] Posting 1 maker-safe orders. Bids: UP=0.42 (EV=0.0081) DOWN=0.51 (EV=0.0619) settlementAnchor=62114.26 predictiveComposite=62098.07
[2026-06-07T07:22:17.391Z] [fair-value] Posting 1 maker-safe orders. Bids: UP=0.42 (EV=0.0081) DOWN=0.51 (EV=0.0619) settlementAnchor=62114.26 predictiveComposite=62098.07
[2026-06-07T07:22:17.392Z] [fair-value] Posting 1 maker-safe orders. Bids: UP=0.42 (EV=0.0081) DOWN=0.51 (EV=0.0619) settlementAnchor=62114.26 predictiveComposite=62098.07
[2026-06-07T07:22:18.129Z] [fair-value] Posting 1 maker-safe orders. Bids: UP=0.42 (EV=0.0080) DOWN=0.51 (EV=0.0620) settlementAnchor=62114.26 predictiveComposite=62098.07
[2026-06-07T07:22:18.180Z] [fair-value] Posting 1 maker-safe orders. Bids: UP=0.42 (EV=0.0080) DOWN=0.51 (EV=0.0620) settlementAnchor=62114.26 predictiveComposite=62098.07
[2026-06-07T07:22:18.180Z] [fair-value] Posting 1 maker-safe orders. Bids: UP=0.42 (EV=0.0080) DOWN=0.51 (EV=0.0620) settlementAnchor=62114.26 predictiveComposite=62098.07
[2026-06-07T07:22:18.394Z] [fair-value] Posting 1 maker-safe orders. Bids: UP=0.42 (EV=0.0080) DOWN=0.51 (EV=0.0620) settlementAnchor=62114.26 predictiveComposite=62098.07
[2026-06-07T07:22:18.395Z] [fair-value] Posting 1 maker-safe orders. Bids: UP=0.42 (EV=0.0080) DOWN=0.51 (EV=0.0620) settlementAnchor=62114.26 predictiveComposite=62098.07
[2026-06-07T07:22:19.060Z] [wallet] unlockBuy [btc-updown-5m-1780817100] BUY DOWN @ 0.5: +$2.50 | avail=$13.25
[2026-06-07T07:22:19.130Z] [fair-value] Posting 2 maker-safe orders. Bids: UP=0.42 (EV=0.0079) DOWN=0.51 (EV=0.0621) settlementAnchor=62114.26 predictiveComposite=62098.07
[2026-06-07T07:22:19.282Z] [fair-value] Posting 1 maker-safe orders. Bids: UP=0.42 (EV=0.0079) DOWN=0.51 (EV=0.0621) settlementAnchor=62114.26 predictiveComposite=62098.07
[2026-06-07T07:22:19.471Z] [wallet] lockBuy [btc-updown-5m-1780817100] BUY UP @ 0.42: -$2.10 | avail=$11.15
[2026-06-07T07:22:19.619Z] [wallet] lockBuy [btc-updown-5m-1780817100] BUY DOWN @ 0.51: -$2.55 | avail=$8.60
[2026-06-07T07:22:21.208Z] [fair-value] Canceling stale UP quote: 0.42 (Edge: -0.3985 < 0.005)
[2026-06-07T07:22:21.209Z] [fair-value] Canceling stale UP quote: 0.42 (Edge: -0.3985 < 0.005)
[2026-06-07T07:22:21.209Z] [fair-value] Canceling stale UP quote: 0.42 (Edge: -0.3985 < 0.005)
[2026-06-07T07:22:21.209Z] [fair-value] Canceling stale UP quote: 0.42 (Edge: -0.3985 < 0.005)
[2026-06-07T07:22:21.210Z] [fair-value] Canceling stale UP quote: 0.42 (Edge: -0.3986 < 0.005)
[2026-06-07T07:22:21.210Z] [fair-value] Canceling stale UP quote: 0.42 (Edge: -0.3986 < 0.005)
[2026-06-07T07:22:21.210Z] [fair-value] Canceling stale UP quote: 0.42 (Edge: -0.4100 < 0.005)
[2026-06-07T07:22:21.210Z] [fair-value] Canceling stale UP quote: 0.42 (Edge: -0.4100 < 0.005)
[2026-06-07T07:22:21.210Z] [fair-value] Canceling stale UP quote: 0.42 (Edge: -0.4100 < 0.005)
[2026-06-07T07:22:21.210Z] [fair-value] Canceling stale UP quote: 0.42 (Edge: -0.4100 < 0.005)
[2026-06-07T07:22:21.211Z] [fair-value] Canceling stale UP quote: 0.42 (Edge: -0.4100 < 0.005)
[2026-06-07T07:22:21.211Z] [fair-value] Canceling stale UP quote: 0.42 (Edge: -0.4100 < 0.005)
[2026-06-07T07:22:21.211Z] [fair-value] Canceling stale UP quote: 0.42 (Edge: -0.4100 < 0.005)
[2026-06-07T07:22:21.211Z] [fair-value] Canceling stale UP quote: 0.42 (Edge: -0.4100 < 0.005)
[2026-06-07T07:22:21.332Z] [fair-value] Canceling stale UP quote: 0.42 (Edge: -0.3315 < 0.005)
[2026-06-07T07:22:21.332Z] [fair-value] Posting 1 maker-safe orders. Bids: UP=0.08 (EV=0.0085) DOWN=0.51 (EV=0.4015) settlementAnchor=62114.26 predictiveComposite=62097.16
[2026-06-07T07:22:21.333Z] [btc-updown-5m-1780817100] Live placement gated: waiting for 1 cancel(s) to confirm
[2026-06-07T07:22:21.333Z] [fair-value] Canceling stale UP quote: 0.42 (Edge: -0.3315 < 0.005)
[2026-06-07T07:22:21.333Z] [fair-value] Posting 1 maker-safe orders. Bids: UP=0.08 (EV=0.0085) DOWN=0.51 (EV=0.4015) settlementAnchor=62114.26 predictiveComposite=62097.16
[2026-06-07T07:22:21.334Z] [fair-value] Canceling stale UP quote: 0.42 (Edge: -0.3315 < 0.005)
[2026-06-07T07:22:21.334Z] [fair-value] Posting 1 maker-safe orders. Bids: UP=0.08 (EV=0.0085) DOWN=0.51 (EV=0.4015) settlementAnchor=62114.26 predictiveComposite=62097.15
[2026-06-07T07:22:21.335Z] [fair-value] Canceling stale UP quote: 0.42 (Edge: -0.3315 < 0.005)
[2026-06-07T07:22:21.335Z] [fair-value] Posting 1 maker-safe orders. Bids: UP=0.08 (EV=0.0085) DOWN=0.51 (EV=0.4015) settlementAnchor=62114.26 predictiveComposite=62097.15
[2026-06-07T07:22:21.539Z] [wallet] unlockBuy [btc-updown-5m-1780817100] BUY UP @ 0.42: +$2.10 | avail=$10.70
[2026-06-07T07:22:22.160Z] [fair-value] Posting 1 maker-safe orders. Bids: UP=0.43 (EV=0.0098) DOWN=0.51 (EV=0.0502) settlementAnchor=62114.26 predictiveComposite=62096.08
[2026-06-07T07:22:22.286Z] [fair-value] Posting 1 maker-safe orders. Bids: UP=0.43 (EV=0.0098) DOWN=0.51 (EV=0.0502) settlementAnchor=62114.26 predictiveComposite=62096.08
[2026-06-07T07:22:22.286Z] [fair-value] Posting 1 maker-safe orders. Bids: UP=0.43 (EV=0.0098) DOWN=0.51 (EV=0.0502) settlementAnchor=62114.26 predictiveComposite=62096.08
[2026-06-07T07:22:22.392Z] [fair-value] Posting 1 maker-safe orders. Bids: UP=0.43 (EV=0.0097) DOWN=0.51 (EV=0.0503) settlementAnchor=62114.26 predictiveComposite=62096.04
[2026-06-07T07:22:22.392Z] [fair-value] Posting 1 maker-safe orders. Bids: UP=0.43 (EV=0.0097) DOWN=0.51 (EV=0.0503) settlementAnchor=62114.26 predictiveComposite=62096.04
[2026-06-07T07:22:22.705Z] [fair-value] Posting 1 maker-safe orders. Bids: UP=0.43 (EV=0.0096) DOWN=0.51 (EV=0.0504) settlementAnchor=62114.26 predictiveComposite=62096.04
[2026-06-07T07:22:22.705Z] [fair-value] Posting 1 maker-safe orders. Bids: UP=0.43 (EV=0.0096) DOWN=0.51 (EV=0.0504) settlementAnchor=62114.26 predictiveComposite=62096.04
[2026-06-07T07:22:22.706Z] [fair-value] Posting 1 maker-safe orders. Bids: UP=0.43 (EV=0.0097) DOWN=0.51 (EV=0.0503) settlementAnchor=62114.26 predictiveComposite=62096.04
[2026-06-07T07:22:22.706Z] [fair-value] Posting 1 maker-safe orders. Bids: UP=0.43 (EV=0.0097) DOWN=0.51 (EV=0.0503) settlementAnchor=62114.26 predictiveComposite=62096.04
[2026-06-07T07:22:23.160Z] [fair-value] Posting 1 maker-safe orders. Bids: UP=0.43 (EV=0.0096) DOWN=0.51 (EV=0.0504) settlementAnchor=62114.26 predictiveComposite=62096.04
[2026-06-07T07:22:23.286Z] [fair-value] Posting 1 maker-safe orders. Bids: UP=0.43 (EV=0.0096) DOWN=0.51 (EV=0.0504) settlementAnchor=62114.26 predictiveComposite=62096.04
[2026-06-07T07:22:23.286Z] [fair-value] Posting 1 maker-safe orders. Bids: UP=0.43 (EV=0.0096) DOWN=0.51 (EV=0.0504) settlementAnchor=62114.26 predictiveComposite=62096.04
[2026-06-07T07:22:23.385Z] [fair-value] Posting 1 maker-safe orders. Bids: UP=0.43 (EV=0.0096) DOWN=0.51 (EV=0.0504) settlementAnchor=62114.26 predictiveComposite=62096.03
[2026-06-07T07:22:23.386Z] [fair-value] Posting 1 maker-safe orders. Bids: UP=0.43 (EV=0.0096) DOWN=0.51 (EV=0.0504) settlementAnchor=62114.26 predictiveComposite=62096.03
[2026-06-07T07:22:23.463Z] [fair-value] Posting 1 maker-safe orders. Bids: UP=0.43 (EV=0.0096) DOWN=0.51 (EV=0.0504) settlementAnchor=62114.26 predictiveComposite=62096.02
[2026-06-07T07:22:23.463Z] [fair-value] Posting 1 maker-safe orders. Bids: UP=0.43 (EV=0.0096) DOWN=0.51 (EV=0.0504) settlementAnchor=62114.26 predictiveComposite=62096.02
[2026-06-07T07:22:24.175Z] [fair-value] Posting 1 maker-safe orders. Bids: UP=0.43 (EV=0.0095) DOWN=0.51 (EV=0.0505) settlementAnchor=62114.26 predictiveComposite=62096.02
[2026-06-07T07:22:24.309Z] [fair-value] Posting 1 maker-safe orders. Bids: UP=0.43 (EV=0.0095) DOWN=0.51 (EV=0.0505) settlementAnchor=62114.26 predictiveComposite=62096.02
[2026-06-07T07:22:24.310Z] [fair-value] Posting 1 maker-safe orders. Bids: UP=0.43 (EV=0.0095) DOWN=0.51 (EV=0.0505) settlementAnchor=62114.26 predictiveComposite=62096.02
[2026-06-07T07:22:24.385Z] [fair-value] Posting 1 maker-safe orders. Bids: UP=0.42 (EV=0.0165) DOWN=0.51 (EV=0.0535) settlementAnchor=62114.26 predictiveComposite=62094.87
[2026-06-07T07:22:24.386Z] [fair-value] Posting 1 maker-safe orders. Bids: UP=0.42 (EV=0.0165) DOWN=0.51 (EV=0.0535) settlementAnchor=62114.26 predictiveComposite=62094.87
[2026-06-07T07:22:24.561Z] [fair-value] Posting 1 maker-safe orders. Bids: UP=0.42 (EV=0.0165) DOWN=0.51 (EV=0.0535) settlementAnchor=62114.26 predictiveComposite=62094.87
[2026-06-07T07:22:24.561Z] [fair-value] Posting 1 maker-safe orders. Bids: UP=0.42 (EV=0.0165) DOWN=0.51 (EV=0.0535) settlementAnchor=62114.26 predictiveComposite=62094.87
[2026-06-07T07:22:24.562Z] [fair-value] Posting 1 maker-safe orders. Bids: UP=0.43 (EV=0.0184) DOWN=0.51 (EV=0.0416) settlementAnchor=62114.26 predictiveComposite=62094.27
[2026-06-07T07:22:24.562Z] [fair-value] Posting 1 maker-safe orders. Bids: UP=0.43 (EV=0.0184) DOWN=0.51 (EV=0.0416) settlementAnchor=62114.26 predictiveComposite=62094.27
[2026-06-07T07:22:24.738Z] [fair-value] Posting 1 maker-safe orders. Bids: UP=0.43 (EV=0.0184) DOWN=0.51 (EV=0.0416) settlementAnchor=62114.26 predictiveComposite=62094.27
[2026-06-07T07:22:24.739Z] [fair-value] Posting 1 maker-safe orders. Bids: UP=0.43 (EV=0.0184) DOWN=0.51 (EV=0.0416) settlementAnchor=62114.26 predictiveComposite=62094.27
[2026-06-07T07:22:24.987Z] [fair-value] Posting 1 maker-safe orders. Bids: UP=0.43 (EV=0.0185) DOWN=0.51 (EV=0.0415) settlementAnchor=62114.26 predictiveComposite=62094.31
[2026-06-07T07:22:24.988Z] [fair-value] Posting 1 maker-safe orders. Bids: UP=0.43 (EV=0.0185) DOWN=0.51 (EV=0.0415) settlementAnchor=62114.26 predictiveComposite=62094.31
[2026-06-07T07:22:25.175Z] [fair-value] Posting 1 maker-safe orders. Bids: UP=0.43 (EV=0.0185) DOWN=0.51 (EV=0.0415) settlementAnchor=62114.26 predictiveComposite=62094.31
[2026-06-07T07:22:25.394Z] [fair-value] Posting 1 maker-safe orders. Bids: UP=0.43 (EV=0.0185) DOWN=0.51 (EV=0.0415) settlementAnchor=62114.26 predictiveComposite=62094.31
[2026-06-07T07:22:25.394Z] [fair-value] Posting 1 maker-safe orders. Bids: UP=0.43 (EV=0.0185) DOWN=0.51 (EV=0.0415) settlementAnchor=62114.26 predictiveComposite=62094.31
[2026-06-07T07:22:25.633Z] [fair-value] Posting 1 maker-safe orders. Bids: UP=0.43 (EV=0.0187) DOWN=0.51 (EV=0.0413) settlementAnchor=62114.26 predictiveComposite=62094.39
[2026-06-07T07:22:25.634Z] [fair-value] Posting 1 maker-safe orders. Bids: UP=0.43 (EV=0.0187) DOWN=0.51 (EV=0.0413) settlementAnchor=62114.26 predictiveComposite=62094.39
[2026-06-07T07:22:26.021Z] [fair-value] Posting 1 maker-safe orders. Bids: UP=0.43 (EV=0.0186) DOWN=0.51 (EV=0.0414) settlementAnchor=62114.26 predictiveComposite=62094.39
[2026-06-07T07:22:26.021Z] [fair-value] Posting 1 maker-safe orders. Bids: UP=0.43 (EV=0.0186) DOWN=0.51 (EV=0.0414) settlementAnchor=62114.26 predictiveComposite=62094.39
[2026-06-07T07:22:26.189Z] [fair-value] Posting 1 maker-safe orders. Bids: UP=0.43 (EV=0.0186) DOWN=0.51 (EV=0.0414) settlementAnchor=62114.26 predictiveComposite=62094.39
[2026-06-07T07:22:26.226Z] [fair-value] Posting 1 maker-safe orders. Bids: UP=0.43 (EV=0.0184) DOWN=0.51 (EV=0.0416) settlementAnchor=62114.26 predictiveComposite=62094.39
[2026-06-07T07:22:26.227Z] [fair-value] Posting 1 maker-safe orders. Bids: UP=0.43 (EV=0.0184) DOWN=0.51 (EV=0.0416) settlementAnchor=62114.26 predictiveComposite=62094.39
[2026-06-07T07:22:26.389Z] [fair-value] Posting 1 maker-safe orders. Bids: UP=0.43 (EV=0.0184) DOWN=0.51 (EV=0.0416) settlementAnchor=62114.26 predictiveComposite=62094.37
[2026-06-07T07:22:26.390Z] [fair-value] Posting 1 maker-safe orders. Bids: UP=0.43 (EV=0.0184) DOWN=0.51 (EV=0.0416) settlementAnchor=62114.26 predictiveComposite=62094.37
[2026-06-07T07:22:26.552Z] [fair-value] Posting 1 maker-safe orders. Bids: UP=0.4 (EV=0.0171) DOWN=0.51 (EV=0.0729) settlementAnchor=62114.26 predictiveComposite=62094.37
[2026-06-07T07:22:26.553Z] [fair-value] Posting 1 maker-safe orders. Bids: UP=0.4 (EV=0.0171) DOWN=0.51 (EV=0.0729) settlementAnchor=62114.26 predictiveComposite=62094.37
[2026-06-07T07:22:27.189Z] [fair-value] Posting 1 maker-safe orders. Bids: UP=0.4 (EV=0.0171) DOWN=0.51 (EV=0.0729) settlementAnchor=62114.26 predictiveComposite=62094.37
[2026-06-07T07:22:27.392Z] [fair-value] Posting 1 maker-safe orders. Bids: UP=0.4 (EV=0.0170) DOWN=0.51 (EV=0.0730) settlementAnchor=62114.26 predictiveComposite=62094.37
[2026-06-07T07:22:27.393Z] [fair-value] Posting 1 maker-safe orders. Bids: UP=0.4 (EV=0.0170) DOWN=0.51 (EV=0.0730) settlementAnchor=62114.26 predictiveComposite=62094.37
[2026-06-07T07:22:27.680Z] [fair-value] Posting 1 maker-safe orders. Bids: UP=0.4 (EV=0.0170) DOWN=0.51 (EV=0.0730) settlementAnchor=62114.26 predictiveComposite=62094.37
[2026-06-07T07:22:27.681Z] [fair-value] Posting 1 maker-safe orders. Bids: UP=0.4 (EV=0.0170) DOWN=0.51 (EV=0.0730) settlementAnchor=62114.26 predictiveComposite=62094.37
[2026-06-07T07:22:28.193Z] [fair-value] Posting 1 maker-safe orders. Bids: UP=0.4 (EV=0.0170) DOWN=0.51 (EV=0.0730) settlementAnchor=62114.26 predictiveComposite=62094.37
[2026-06-07T07:22:28.393Z] [fair-value] Posting 1 maker-safe orders. Bids: UP=0.4 (EV=0.0169) DOWN=0.51 (EV=0.0731) settlementAnchor=62114.26 predictiveComposite=62094.36
[2026-06-07T07:22:28.393Z] [fair-value] Posting 1 maker-safe orders. Bids: UP=0.4 (EV=0.0169) DOWN=0.51 (EV=0.0731) settlementAnchor=62114.26 predictiveComposite=62094.36
[2026-06-07T07:22:28.701Z] [fair-value] Posting 1 maker-safe orders. Bids: UP=0.4 (EV=0.0169) DOWN=0.51 (EV=0.0731) settlementAnchor=62114.26 predictiveComposite=62094.36
[2026-06-07T07:22:28.701Z] [fair-value] Posting 1 maker-safe orders. Bids: UP=0.4 (EV=0.0169) DOWN=0.51 (EV=0.0731) settlementAnchor=62114.26 predictiveComposite=62094.36
[2026-06-07T07:22:29.061Z] [fair-value] P(UP)=0.4143 Sigma=0.3930 settlement=62114.26 predictive=62094.36 Rem=450s
[2026-06-07T07:22:29.061Z] [fair-value] Posting 1 maker-safe orders. Bids: UP=0.4 (EV=0.0169) DOWN=0.51 (EV=0.0731) settlementAnchor=62114.26 predictiveComposite=62094.36
[2026-06-07T07:22:29.061Z] [fair-value] Posting 1 maker-safe orders. Bids: UP=0.4 (EV=0.0169) DOWN=0.51 (EV=0.0731) settlementAnchor=62114.26 predictiveComposite=62094.36
[2026-06-07T07:22:29.193Z] [fair-value] Posting 1 maker-safe orders. Bids: UP=0.4 (EV=0.0169) DOWN=0.51 (EV=0.0731) settlementAnchor=62114.26 predictiveComposite=62094.36
[2026-06-07T07:22:29.392Z] [fair-value] Posting 1 maker-safe orders. Bids: UP=0.4 (EV=0.0168) DOWN=0.51 (EV=0.0732) settlementAnchor=62114.26 predictiveComposite=62094.36
[2026-06-07T07:22:29.393Z] [btc-updown-5m-1780817100] Live placement gated: waiting for 1 cancel(s) to confirm
[2026-06-07T07:22:29.393Z] [fair-value] Posting 1 maker-safe orders. Bids: UP=0.4 (EV=0.0168) DOWN=0.51 (EV=0.0732) settlementAnchor=62114.26 predictiveComposite=62094.36
[2026-06-07T07:22:29.611Z] [wallet] unlockBuy [btc-updown-5m-1780817100] BUY DOWN @ 0.51: +$2.55 | avail=$13.25
[2026-06-07T07:22:29.947Z] [fair-value] Posting 2 maker-safe orders. Bids: UP=0.4 (EV=0.0168) DOWN=0.51 (EV=0.0732) settlementAnchor=62114.26 predictiveComposite=62094.36
[2026-06-07T07:22:29.948Z] [fair-value] Posting 1 maker-safe orders. Bids: UP=0.4 (EV=0.0168) DOWN=0.51 (EV=0.0732) settlementAnchor=62114.26 predictiveComposite=62094.36
[2026-06-07T07:22:30.127Z] [wallet] lockBuy [btc-updown-5m-1780817100] BUY UP @ 0.4: -$2.00 | avail=$11.25
[2026-06-07T07:22:30.293Z] [wallet] lockBuy [btc-updown-5m-1780817100] BUY DOWN @ 0.51: -$2.55 | avail=$8.70
[2026-06-07T07:22:32.359Z] [fair-value] Canceling stale UP quote: 0.4 (Edge: -0.3900 < 0.005)
[2026-06-07T07:22:32.359Z] [fair-value] Canceling stale UP quote: 0.4 (Edge: -0.3900 < 0.005)
[2026-06-07T07:22:32.360Z] [fair-value] Canceling stale UP quote: 0.4 (Edge: -0.3900 < 0.005)
[2026-06-07T07:22:32.360Z] [fair-value] Canceling stale UP quote: 0.4 (Edge: -0.3900 < 0.005)
[2026-06-07T07:22:32.360Z] [fair-value] Canceling stale UP quote: 0.4 (Edge: -0.3900 < 0.005)
[2026-06-07T07:22:32.360Z] [fair-value] Canceling stale UP quote: 0.4 (Edge: -0.3900 < 0.005)
[2026-06-07T07:22:32.393Z] [fair-value] Canceling stale UP quote: 0.4 (Edge: -0.3900 < 0.005)
[2026-06-07T07:22:32.393Z] [fair-value] Canceling stale UP quote: 0.4 (Edge: -0.3900 < 0.005)
[2026-06-07T07:22:32.516Z] [wallet] unlockBuy [btc-updown-5m-1780817100] BUY UP @ 0.4: +$2.00 | avail=$10.70
[2026-06-07T07:22:38.369Z] [fair-value] Posting 1 maker-safe orders. Bids: UP=0.04 (EV=0.0063) DOWN=0.51 (EV=0.4437) settlementAnchor=62114.26 predictiveComposite=62096.30
[2026-06-07T07:22:38.370Z] [fair-value] Posting 1 maker-safe orders. Bids: UP=0.04 (EV=0.0063) DOWN=0.51 (EV=0.4437) settlementAnchor=62114.26 predictiveComposite=62096.30
[2026-06-07T07:22:38.388Z] [fair-value] Posting 1 maker-safe orders. Bids: UP=0.04 (EV=0.0063) DOWN=0.51 (EV=0.4437) settlementAnchor=62114.26 predictiveComposite=62096.29
[2026-06-07T07:22:38.389Z] [fair-value] Posting 1 maker-safe orders. Bids: UP=0.04 (EV=0.0063) DOWN=0.51 (EV=0.4437) settlementAnchor=62114.26 predictiveComposite=62096.29
[2026-06-07T07:22:38.668Z] [fair-value] Posting 1 maker-safe orders. Bids: UP=0.05 (EV=0.0058) DOWN=0.51 (EV=0.4342) settlementAnchor=62114.26 predictiveComposite=62096.63
[2026-06-07T07:22:38.668Z] [fair-value] Posting 1 maker-safe orders. Bids: UP=0.05 (EV=0.0058) DOWN=0.51 (EV=0.4342) settlementAnchor=62114.26 predictiveComposite=62096.63
[2026-06-07T07:22:38.669Z] [fair-value] Posting 1 maker-safe orders. Bids: UP=0.05 (EV=0.0058) DOWN=0.51 (EV=0.4342) settlementAnchor=62114.26 predictiveComposite=62096.63
[2026-06-07T07:22:38.669Z] [fair-value] Posting 1 maker-safe orders. Bids: UP=0.05 (EV=0.0058) DOWN=0.51 (EV=0.4342) settlementAnchor=62114.26 predictiveComposite=62096.63
[2026-06-07T07:22:38.669Z] [fair-value] Posting 1 maker-safe orders. Bids: UP=0.05 (EV=0.0067) DOWN=0.51 (EV=0.4333) settlementAnchor=62114.26 predictiveComposite=62096.72
[2026-06-07T07:22:38.670Z] [fair-value] Posting 1 maker-safe orders. Bids: UP=0.05 (EV=0.0067) DOWN=0.51 (EV=0.4333) settlementAnchor=62114.26 predictiveComposite=62096.72
[2026-06-07T07:22:38.670Z] [fair-value] Posting 1 maker-safe orders. Bids: UP=0.09 (EV=0.0066) DOWN=0.51 (EV=0.3934) settlementAnchor=62114.26 predictiveComposite=62096.77
[2026-06-07T07:22:38.671Z] [fair-value] Posting 1 maker-safe orders. Bids: UP=0.09 (EV=0.0066) DOWN=0.51 (EV=0.3934) settlementAnchor=62114.26 predictiveComposite=62096.77
[2026-06-07T07:22:38.877Z] [fair-value] Posting 1 maker-safe orders. Bids: UP=0.1 (EV=0.0061) DOWN=0.51 (EV=0.3839) settlementAnchor=62114.26 predictiveComposite=62097.08
[2026-06-07T07:22:38.877Z] [fair-value] Posting 1 maker-safe orders. Bids: UP=0.1 (EV=0.0061) DOWN=0.51 (EV=0.3839) settlementAnchor=62114.26 predictiveComposite=62097.08
[2026-06-07T07:22:39.076Z] [fair-value] Posting 1 maker-safe orders. Bids: UP=0.1 (EV=0.0061) DOWN=0.51 (EV=0.3839) settlementAnchor=62114.26 predictiveComposite=62097.08
[2026-06-07T07:22:39.077Z] [fair-value] Posting 1 maker-safe orders. Bids: UP=0.1 (EV=0.0061) DOWN=0.51 (EV=0.3839) settlementAnchor=62114.26 predictiveComposite=62097.08
[2026-06-07T07:22:39.264Z] [fair-value] Posting 1 maker-safe orders. Bids: UP=0.1 (EV=0.0060) DOWN=0.51 (EV=0.3840) settlementAnchor=62114.26 predictiveComposite=62097.08
[2026-06-07T07:22:39.389Z] [fair-value] Posting 1 maker-safe orders. Bids: UP=0.09 (EV=0.0098) DOWN=0.51 (EV=0.3902) settlementAnchor=62114.26 predictiveComposite=62097.08
[2026-06-07T07:22:39.389Z] [fair-value] Posting 1 maker-safe orders. Bids: UP=0.09 (EV=0.0098) DOWN=0.51 (EV=0.3902) settlementAnchor=62114.26 predictiveComposite=62097.08
[2026-06-07T07:22:39.519Z] [fair-value] Posting 1 maker-safe orders. Bids: UP=0.09 (EV=0.0098) DOWN=0.51 (EV=0.3902) settlementAnchor=62114.26 predictiveComposite=62097.08
[2026-06-07T07:22:39.520Z] [fair-value] Posting 1 maker-safe orders. Bids: UP=0.09 (EV=0.0098) DOWN=0.51 (EV=0.3902) settlementAnchor=62114.26 predictiveComposite=62097.08
[2026-06-07T07:22:40.077Z] [fair-value] Posting 1 maker-safe orders. Bids: UP=0.09 (EV=0.0097) DOWN=0.51 (EV=0.3903) settlementAnchor=62114.26 predictiveComposite=62097.08
[2026-06-07T07:22:40.077Z] [btc-updown-5m-1780817100] Live placement gated: waiting for 1 cancel(s) to confirm
[2026-06-07T07:22:40.077Z] [fair-value] Posting 1 maker-safe orders. Bids: UP=0.09 (EV=0.0097) DOWN=0.51 (EV=0.3903) settlementAnchor=62114.26 predictiveComposite=62097.08
[2026-06-07T07:22:40.246Z] [fair-value] Posting 1 maker-safe orders. Bids: UP=0.06 (EV=0.0090) DOWN=0.51 (EV=0.4210) settlementAnchor=62114.26 predictiveComposite=62097.08
[2026-06-07T07:22:40.246Z] [fair-value] Posting 1 maker-safe orders. Bids: UP=0.06 (EV=0.0090) DOWN=0.51 (EV=0.4210) settlementAnchor=62114.26 predictiveComposite=62097.08
[2026-06-07T07:22:40.270Z] [fair-value] Posting 1 maker-safe orders. Bids: UP=0.06 (EV=0.0090) DOWN=0.51 (EV=0.4210) settlementAnchor=62114.26 predictiveComposite=62097.08
[2026-06-07T07:22:40.285Z] [wallet] unlockBuy [btc-updown-5m-1780817100] BUY DOWN @ 0.51: +$2.55 | avail=$13.25
[2026-06-07T07:22:40.427Z] [fair-value] Posting 2 maker-safe orders. Bids: UP=0.06 (EV=0.0090) DOWN=0.51 (EV=0.4210) settlementAnchor=62114.26 predictiveComposite=62097.08
[2026-06-07T07:22:40.430Z] [fair-value] Posting 1 maker-safe orders. Bids: UP=0.06 (EV=0.0090) DOWN=0.51 (EV=0.4210) settlementAnchor=62114.26 predictiveComposite=62097.08
[2026-06-07T07:22:40.693Z] [wallet] lockBuy [btc-updown-5m-1780817100] BUY UP @ 0.06: -$1.19 | avail=$12.06
[2026-06-07T07:22:40.785Z] [wallet] lockBuy [btc-updown-5m-1780817100] BUY DOWN @ 0.51: -$2.55 | avail=$9.51
[2026-06-07T07:22:40.928Z] [fair-value] Canceling stale UP quote: 0.06 (Edge: -0.0327 < 0.005)
[2026-06-07T07:22:40.928Z] [fair-value] Posting 1 maker-safe orders. Bids: UP=0.02 (EV=0.0073) DOWN=0.51 (EV=0.4627) settlementAnchor=62114.26 predictiveComposite=62097.08
[2026-06-07T07:22:40.928Z] [fair-value] Canceling stale UP quote: 0.06 (Edge: -0.0327 < 0.005)
[2026-06-07T07:22:40.928Z] [fair-value] Posting 1 maker-safe orders. Bids: UP=0.02 (EV=0.0073) DOWN=0.51 (EV=0.4627) settlementAnchor=62114.26 predictiveComposite=62097.08
[2026-06-07T07:22:40.929Z] [fair-value] Canceling stale UP quote: 0.06 (Edge: -0.0328 < 0.005)
[2026-06-07T07:22:40.929Z] [fair-value] Posting 1 maker-safe orders. Bids: UP=0.02 (EV=0.0072) DOWN=0.51 (EV=0.4628) settlementAnchor=62114.26 predictiveComposite=62097.08
[2026-06-07T07:22:40.930Z] [fair-value] Canceling stale UP quote: 0.06 (Edge: -0.0328 < 0.005)
[2026-06-07T07:22:40.930Z] [fair-value] Posting 1 maker-safe orders. Bids: UP=0.02 (EV=0.0072) DOWN=0.51 (EV=0.4628) settlementAnchor=62114.26 predictiveComposite=62097.08
[2026-06-07T07:22:40.931Z] [fair-value] Canceling stale UP quote: 0.06 (Edge: -0.0391 < 0.005)
[2026-06-07T07:22:40.931Z] [fair-value] Canceling stale UP quote: 0.06 (Edge: -0.0391 < 0.005)
[2026-06-07T07:22:40.931Z] [fair-value] Canceling stale UP quote: 0.06 (Edge: -0.0430 < 0.005)
[2026-06-07T07:22:40.932Z] [fair-value] Canceling stale UP quote: 0.06 (Edge: -0.0430 < 0.005)
[2026-06-07T07:22:40.932Z] [fair-value] Canceling stale UP quote: 0.06 (Edge: -0.0430 < 0.005)
[2026-06-07T07:22:40.932Z] [fair-value] Canceling stale UP quote: 0.06 (Edge: -0.0430 < 0.005)
[2026-06-07T07:22:40.932Z] [fair-value] Canceling stale UP quote: 0.06 (Edge: -0.0500 < 0.005)
[2026-06-07T07:22:40.932Z] [fair-value] Canceling stale UP quote: 0.06 (Edge: -0.0500 < 0.005)
[2026-06-07T07:22:41.137Z] [fair-value] Canceling stale UP quote: 0.06 (Edge: -0.0500 < 0.005)
[2026-06-07T07:22:41.137Z] [fair-value] Canceling stale UP quote: 0.06 (Edge: -0.0500 < 0.005)
[2026-06-07T07:22:41.264Z] [wallet] unlockBuy [btc-updown-5m-1780817100] BUY UP @ 0.06: +$1.19 | avail=$10.70
[2026-06-07T07:22:42.161Z] [fair-value] Posting 1 maker-safe orders. Bids: UP=0.02 (EV=0.0064) DOWN=0.51 (EV=0.4636) settlementAnchor=62114.26 predictiveComposite=62096.54
[2026-06-07T07:22:42.162Z] [fair-value] Posting 1 maker-safe orders. Bids: UP=0.02 (EV=0.0064) DOWN=0.51 (EV=0.4636) settlementAnchor=62114.26 predictiveComposite=62096.54
[2026-06-07T07:22:42.163Z] [fair-value] Posting 1 maker-safe orders. Bids: UP=0.02 (EV=0.0065) DOWN=0.51 (EV=0.4635) settlementAnchor=62114.26 predictiveComposite=62096.54
[2026-06-07T07:22:42.163Z] [fair-value] Posting 1 maker-safe orders. Bids: UP=0.02 (EV=0.0065) DOWN=0.51 (EV=0.4635) settlementAnchor=62114.26 predictiveComposite=62096.54
[2026-06-07T07:22:42.164Z] [fair-value] Posting 1 maker-safe orders. Bids: UP=0.02 (EV=0.0077) DOWN=0.51 (EV=0.4623) settlementAnchor=62114.26 predictiveComposite=62096.55
[2026-06-07T07:22:42.164Z] [fair-value] Posting 1 maker-safe orders. Bids: UP=0.02 (EV=0.0077) DOWN=0.51 (EV=0.4623) settlementAnchor=62114.26 predictiveComposite=62096.55
[2026-06-07T07:22:42.165Z] [fair-value] Posting 1 maker-safe orders. Bids: UP=0.03 (EV=0.0095) DOWN=0.51 (EV=0.4505) settlementAnchor=62114.26 predictiveComposite=62096.58
[2026-06-07T07:22:42.166Z] [fair-value] Posting 1 maker-safe orders. Bids: UP=0.03 (EV=0.0095) DOWN=0.51 (EV=0.4505) settlementAnchor=62114.26 predictiveComposite=62096.58
[2026-06-07T07:22:42.167Z] [fair-value] Posting 1 maker-safe orders. Bids: UP=0.03 (EV=0.0149) DOWN=0.51 (EV=0.4451) settlementAnchor=62114.26 predictiveComposite=62096.60
[2026-06-07T07:22:42.167Z] [fair-value] Posting 1 maker-safe orders. Bids: UP=0.03 (EV=0.0149) DOWN=0.51 (EV=0.4451) settlementAnchor=62114.26 predictiveComposite=62096.60
[2026-06-07T07:22:42.168Z] [fair-value] Posting 1 maker-safe orders. Bids: UP=0.3 (EV=0.0139) DOWN=0.51 (EV=0.1761) settlementAnchor=62114.26 predictiveComposite=62096.26
[2026-06-07T07:22:42.168Z] [fair-value] Posting 1 maker-safe orders. Bids: UP=0.3 (EV=0.0139) DOWN=0.51 (EV=0.1761) settlementAnchor=62114.26 predictiveComposite=62096.26
[2026-06-07T07:22:42.280Z] [fair-value] Posting 1 maker-safe orders. Bids: UP=0.3 (EV=0.0139) DOWN=0.51 (EV=0.1761) settlementAnchor=62114.26 predictiveComposite=62096.26
[2026-06-07T07:22:42.390Z] [fair-value] Posting 1 maker-safe orders. Bids: UP=0.3 (EV=0.0139) DOWN=0.51 (EV=0.1761) settlementAnchor=62114.26 predictiveComposite=62096.26
[2026-06-07T07:22:42.391Z] [fair-value] Posting 1 maker-safe orders. Bids: UP=0.3 (EV=0.0139) DOWN=0.51 (EV=0.1761) settlementAnchor=62114.26 predictiveComposite=62096.26
[2026-06-07T07:22:42.440Z] [fair-value] Posting 1 maker-safe orders. Bids: UP=0.31 (EV=0.0086) DOWN=0.51 (EV=0.1714) settlementAnchor=62114.26 predictiveComposite=62096.60
[2026-06-07T07:22:42.440Z] [fair-value] Posting 1 maker-safe orders. Bids: UP=0.31 (EV=0.0086) DOWN=0.51 (EV=0.1714) settlementAnchor=62114.26 predictiveComposite=62096.60
[2026-06-07T07:22:42.989Z] [fair-value] Posting 1 maker-safe orders. Bids: UP=0.31 (EV=0.0086) DOWN=0.51 (EV=0.1714) settlementAnchor=62114.26 predictiveComposite=62096.61
[2026-06-07T07:22:42.989Z] [fair-value] Posting 1 maker-safe orders. Bids: UP=0.31 (EV=0.0086) DOWN=0.51 (EV=0.1714) settlementAnchor=62114.26 predictiveComposite=62096.61
[2026-06-07T07:22:43.190Z] [fair-value] Posting 1 maker-safe orders. Bids: UP=0.31 (EV=0.0086) DOWN=0.51 (EV=0.1714) settlementAnchor=62114.26 predictiveComposite=62096.61
[2026-06-07T07:22:43.190Z] [fair-value] Posting 1 maker-safe orders. Bids: UP=0.31 (EV=0.0086) DOWN=0.51 (EV=0.1714) settlementAnchor=62114.26 predictiveComposite=62096.61
[2026-06-07T07:22:43.296Z] [fair-value] Posting 1 maker-safe orders. Bids: UP=0.31 (EV=0.0085) DOWN=0.51 (EV=0.1715) settlementAnchor=62114.26 predictiveComposite=62096.61
[2026-06-07T07:22:43.391Z] [fair-value] Posting 1 maker-safe orders. Bids: UP=0.31 (EV=0.0085) DOWN=0.51 (EV=0.1715) settlementAnchor=62114.26 predictiveComposite=62096.61
[2026-06-07T07:22:43.391Z] [fair-value] Posting 1 maker-safe orders. Bids: UP=0.31 (EV=0.0085) DOWN=0.51 (EV=0.1715) settlementAnchor=62114.26 predictiveComposite=62096.61
[2026-06-07T07:22:43.585Z] [fair-value] Posting 1 maker-safe orders. Bids: UP=0.31 (EV=0.0120) DOWN=0.51 (EV=0.1680) settlementAnchor=62114.26 predictiveComposite=62096.91
[2026-06-07T07:22:43.585Z] [fair-value] Posting 1 maker-safe orders. Bids: UP=0.31 (EV=0.0120) DOWN=0.51 (EV=0.1680) settlementAnchor=62114.26 predictiveComposite=62096.91
[2026-06-07T07:22:44.194Z] [fair-value] Posting 1 maker-safe orders. Bids: UP=0.31 (EV=0.0114) DOWN=0.51 (EV=0.1686) settlementAnchor=62114.26 predictiveComposite=62096.91
[2026-06-07T07:22:44.195Z] [fair-value] Posting 1 maker-safe orders. Bids: UP=0.31 (EV=0.0114) DOWN=0.51 (EV=0.1686) settlementAnchor=62114.26 predictiveComposite=62096.91
[2026-06-07T07:22:44.308Z] [fair-value] Posting 1 maker-safe orders. Bids: UP=0.31 (EV=0.0114) DOWN=0.51 (EV=0.1686) settlementAnchor=62114.26 predictiveComposite=62096.91
[2026-06-07T07:22:44.389Z] [fair-value] Posting 1 maker-safe orders. Bids: UP=0.31 (EV=0.0114) DOWN=0.51 (EV=0.1686) settlementAnchor=62114.26 predictiveComposite=62096.91
[2026-06-07T07:22:44.389Z] [fair-value] Posting 1 maker-safe orders. Bids: UP=0.31 (EV=0.0114) DOWN=0.51 (EV=0.1686) settlementAnchor=62114.26 predictiveComposite=62096.91
[2026-06-07T07:22:45.220Z] [fair-value] Posting 1 maker-safe orders. Bids: UP=0.31 (EV=0.0112) DOWN=0.51 (EV=0.1688) settlementAnchor=62114.26 predictiveComposite=62096.91
[2026-06-07T07:22:45.220Z] [fair-value] Posting 1 maker-safe orders. Bids: UP=0.31 (EV=0.0112) DOWN=0.51 (EV=0.1688) settlementAnchor=62114.26 predictiveComposite=62096.91
[2026-06-07T07:22:45.314Z] [fair-value] Posting 1 maker-safe orders. Bids: UP=0.31 (EV=0.0112) DOWN=0.51 (EV=0.1688) settlementAnchor=62114.26 predictiveComposite=62096.91
[2026-06-07T07:22:45.384Z] [fair-value] Posting 1 maker-safe orders. Bids: UP=0.31 (EV=0.0112) DOWN=0.51 (EV=0.1688) settlementAnchor=62114.26 predictiveComposite=62096.91
[2026-06-07T07:22:45.385Z] [fair-value] Posting 1 maker-safe orders. Bids: UP=0.31 (EV=0.0112) DOWN=0.51 (EV=0.1688) settlementAnchor=62114.26 predictiveComposite=62096.91
[2026-06-07T07:22:45.389Z] [fair-value] Posting 1 maker-safe orders. Bids: UP=0.31 (EV=0.0112) DOWN=0.51 (EV=0.1688) settlementAnchor=62114.26 predictiveComposite=62096.91
[2026-06-07T07:22:45.390Z] [fair-value] Posting 1 maker-safe orders. Bids: UP=0.31 (EV=0.0112) DOWN=0.51 (EV=0.1688) settlementAnchor=62114.26 predictiveComposite=62096.91
[2026-06-07T07:22:46.012Z] [fair-value] Posting 1 maker-safe orders. Bids: UP=0.31 (EV=0.0108) DOWN=0.51 (EV=0.1692) settlementAnchor=62114.26 predictiveComposite=62096.91
[2026-06-07T07:22:46.012Z] [fair-value] Posting 1 maker-safe orders. Bids: UP=0.31 (EV=0.0108) DOWN=0.51 (EV=0.1692) settlementAnchor=62114.26 predictiveComposite=62096.91
[2026-06-07T07:22:46.212Z] [fair-value] Posting 1 maker-safe orders. Bids: UP=0.31 (EV=0.0108) DOWN=0.51 (EV=0.1692) settlementAnchor=62114.26 predictiveComposite=62096.91
[2026-06-07T07:22:46.213Z] [fair-value] Posting 1 maker-safe orders. Bids: UP=0.31 (EV=0.0108) DOWN=0.51 (EV=0.1692) settlementAnchor=62114.26 predictiveComposite=62096.91
[2026-06-07T07:22:46.324Z] [fair-value] Posting 1 maker-safe orders. Bids: UP=0.31 (EV=0.0108) DOWN=0.51 (EV=0.1692) settlementAnchor=62114.26 predictiveComposite=62096.91
[2026-06-07T07:22:46.380Z] [fair-value] Posting 1 maker-safe orders. Bids: UP=0.31 (EV=0.0107) DOWN=0.51 (EV=0.1693) settlementAnchor=62114.26 predictiveComposite=62096.91
[2026-06-07T07:22:46.380Z] [fair-value] Posting 1 maker-safe orders. Bids: UP=0.31 (EV=0.0107) DOWN=0.51 (EV=0.1693) settlementAnchor=62114.26 predictiveComposite=62096.91
[2026-06-07T07:22:46.380Z] [fair-value] Posting 1 maker-safe orders. Bids: UP=0.31 (EV=0.0082) DOWN=0.51 (EV=0.1718) settlementAnchor=62114.26 predictiveComposite=62096.91
[2026-06-07T07:22:46.380Z] [fair-value] Posting 1 maker-safe orders. Bids: UP=0.31 (EV=0.0082) DOWN=0.51 (EV=0.1718) settlementAnchor=62114.26 predictiveComposite=62096.91
[2026-06-07T07:22:46.381Z] [fair-value] Posting 1 maker-safe orders. Bids: UP=0.31 (EV=0.0082) DOWN=0.51 (EV=0.1718) settlementAnchor=62114.26 predictiveComposite=62096.91
[2026-06-07T07:22:46.381Z] [fair-value] Posting 1 maker-safe orders. Bids: UP=0.31 (EV=0.0082) DOWN=0.51 (EV=0.1718) settlementAnchor=62114.26 predictiveComposite=62096.91
[2026-06-07T07:22:46.381Z] [fair-value] Posting 1 maker-safe orders. Bids: UP=0.31 (EV=0.0081) DOWN=0.51 (EV=0.1719) settlementAnchor=62114.26 predictiveComposite=62096.91
[2026-06-07T07:22:46.382Z] [fair-value] Posting 1 maker-safe orders. Bids: UP=0.31 (EV=0.0081) DOWN=0.51 (EV=0.1719) settlementAnchor=62114.26 predictiveComposite=62096.91
[2026-06-07T07:22:46.382Z] [fair-value] Posting 1 maker-safe orders. Bids: UP=0.31 (EV=0.0070) DOWN=0.51 (EV=0.1730) settlementAnchor=62114.26 predictiveComposite=62096.91
[2026-06-07T07:22:46.382Z] [fair-value] Posting 1 maker-safe orders. Bids: UP=0.31 (EV=0.0070) DOWN=0.51 (EV=0.1730) settlementAnchor=62114.26 predictiveComposite=62096.91
[2026-06-07T07:22:46.382Z] [fair-value] Posting 1 maker-safe orders. Bids: UP=0.3 (EV=0.0159) DOWN=0.51 (EV=0.1741) settlementAnchor=62114.26 predictiveComposite=62096.84
[2026-06-07T07:22:46.383Z] [fair-value] Posting 1 maker-safe orders. Bids: UP=0.3 (EV=0.0159) DOWN=0.51 (EV=0.1741) settlementAnchor=62114.26 predictiveComposite=62096.84
[2026-06-07T07:22:47.388Z] [fair-value] Posting 1 maker-safe orders. Bids: UP=0.38 (EV=0.0065) DOWN=0.51 (EV=0.1035) settlementAnchor=62114.26 predictiveComposite=62100.69
[2026-06-07T07:22:47.389Z] [fair-value] Posting 1 maker-safe orders. Bids: UP=0.38 (EV=0.0065) DOWN=0.51 (EV=0.1035) settlementAnchor=62114.26 predictiveComposite=62100.69
[2026-06-07T07:22:47.890Z] [fair-value] Posting 1 maker-safe orders. Bids: UP=0.37 (EV=0.0162) DOWN=0.51 (EV=0.1038) settlementAnchor=62114.26 predictiveComposite=62100.69
[2026-06-07T07:22:47.890Z] [fair-value] Posting 1 maker-safe orders. Bids: UP=0.37 (EV=0.0162) DOWN=0.51 (EV=0.1038) settlementAnchor=62114.26 predictiveComposite=62100.69
[2026-06-07T07:22:48.276Z] [fair-value] Posting 1 maker-safe orders. Bids: UP=0.37 (EV=0.0161) DOWN=0.51 (EV=0.1039) settlementAnchor=62114.26 predictiveComposite=62100.69
[2026-06-07T07:22:48.276Z] [fair-value] Posting 1 maker-safe orders. Bids: UP=0.37 (EV=0.0161) DOWN=0.51 (EV=0.1039) settlementAnchor=62114.26 predictiveComposite=62100.69
[2026-06-07T07:22:48.342Z] [fair-value] Posting 1 maker-safe orders. Bids: UP=0.37 (EV=0.0161) DOWN=0.51 (EV=0.1039) settlementAnchor=62114.26 predictiveComposite=62100.69
[2026-06-07T07:22:48.393Z] [fair-value] Posting 1 maker-safe orders. Bids: UP=0.37 (EV=0.0161) DOWN=0.51 (EV=0.1039) settlementAnchor=62114.26 predictiveComposite=62100.69
[2026-06-07T07:22:48.393Z] [fair-value] Posting 1 maker-safe orders. Bids: UP=0.37 (EV=0.0161) DOWN=0.51 (EV=0.1039) settlementAnchor=62114.26 predictiveComposite=62100.69
[2026-06-07T07:22:48.643Z] [fair-value] Posting 1 maker-safe orders. Bids: UP=0.37 (EV=0.0161) DOWN=0.51 (EV=0.1039) settlementAnchor=62114.26 predictiveComposite=62100.69
[2026-06-07T07:22:48.643Z] [fair-value] Posting 1 maker-safe orders. Bids: UP=0.37 (EV=0.0161) DOWN=0.51 (EV=0.1039) settlementAnchor=62114.26 predictiveComposite=62100.69
[2026-06-07T07:22:48.644Z] [fair-value] Posting 1 maker-safe orders. Bids: UP=0.37 (EV=0.0161) DOWN=0.51 (EV=0.1039) settlementAnchor=62114.26 predictiveComposite=62100.69
[2026-06-07T07:22:48.644Z] [fair-value] Posting 1 maker-safe orders. Bids: UP=0.37 (EV=0.0161) DOWN=0.51 (EV=0.1039) settlementAnchor=62114.26 predictiveComposite=62100.69
[2026-06-07T07:22:48.644Z] [fair-value] Posting 1 maker-safe orders. Bids: UP=0.37 (EV=0.0161) DOWN=0.51 (EV=0.1039) settlementAnchor=62114.26 predictiveComposite=62100.69
[2026-06-07T07:22:48.644Z] [fair-value] Posting 1 maker-safe orders. Bids: UP=0.37 (EV=0.0161) DOWN=0.51 (EV=0.1039) settlementAnchor=62114.26 predictiveComposite=62100.69
[2026-06-07T07:22:49.247Z] [fair-value] Posting 1 maker-safe orders. Bids: UP=0.37 (EV=0.0160) DOWN=0.51 (EV=0.1040) settlementAnchor=62114.26 predictiveComposite=62100.69
[2026-06-07T07:22:49.247Z] [fair-value] Posting 1 maker-safe orders. Bids: UP=0.37 (EV=0.0160) DOWN=0.51 (EV=0.1040) settlementAnchor=62114.26 predictiveComposite=62100.69
[2026-06-07T07:22:49.348Z] [fair-value] Posting 1 maker-safe orders. Bids: UP=0.37 (EV=0.0160) DOWN=0.51 (EV=0.1040) settlementAnchor=62114.26 predictiveComposite=62100.69
[2026-06-07T07:22:49.389Z] [fair-value] Posting 1 maker-safe orders. Bids: UP=0.37 (EV=0.0160) DOWN=0.51 (EV=0.1040) settlementAnchor=62114.26 predictiveComposite=62100.69
[2026-06-07T07:22:49.390Z] [fair-value] Posting 1 maker-safe orders. Bids: UP=0.37 (EV=0.0160) DOWN=0.51 (EV=0.1040) settlementAnchor=62114.26 predictiveComposite=62100.69
[2026-06-07T07:22:50.249Z] [fair-value] Posting 1 maker-safe orders. Bids: UP=0.37 (EV=0.0159) DOWN=0.51 (EV=0.1041) settlementAnchor=62114.26 predictiveComposite=62100.69
[2026-06-07T07:22:50.250Z] [fair-value] Posting 1 maker-safe orders. Bids: UP=0.37 (EV=0.0159) DOWN=0.51 (EV=0.1041) settlementAnchor=62114.26 predictiveComposite=62100.69
[2026-06-07T07:22:50.358Z] [fair-value] Posting 1 maker-safe orders. Bids: UP=0.37 (EV=0.0159) DOWN=0.51 (EV=0.1041) settlementAnchor=62114.26 predictiveComposite=62100.69
[2026-06-07T07:22:50.392Z] [fair-value] Posting 1 maker-safe orders. Bids: UP=0.37 (EV=0.0158) DOWN=0.51 (EV=0.1042) settlementAnchor=62114.26 predictiveComposite=62100.69
[2026-06-07T07:22:50.393Z] [fair-value] Posting 1 maker-safe orders. Bids: UP=0.37 (EV=0.0158) DOWN=0.51 (EV=0.1042) settlementAnchor=62114.26 predictiveComposite=62100.69
[2026-06-07T07:22:50.427Z] [fair-value] Posting 1 maker-safe orders. Bids: UP=0.37 (EV=0.0158) DOWN=0.51 (EV=0.1042) settlementAnchor=62114.26 predictiveComposite=62100.68
[2026-06-07T07:22:50.427Z] [fair-value] Posting 1 maker-safe orders. Bids: UP=0.37 (EV=0.0158) DOWN=0.51 (EV=0.1042) settlementAnchor=62114.26 predictiveComposite=62100.68
[2026-06-07T07:22:50.644Z] [wallet] unlockBuy [btc-updown-5m-1780817100] BUY DOWN @ 0.51: +$2.55 | avail=$13.25
[2026-06-07T07:22:50.727Z] [fair-value] Posting 2 maker-safe orders. Bids: UP=0.37 (EV=0.0157) DOWN=0.51 (EV=0.1043) settlementAnchor=62114.26 predictiveComposite=62100.68
[2026-06-07T07:22:50.729Z] [fair-value] Posting 1 maker-safe orders. Bids: UP=0.37 (EV=0.0157) DOWN=0.51 (EV=0.1043) settlementAnchor=62114.26 predictiveComposite=62100.68
[2026-06-07T07:22:50.902Z] [wallet] lockBuy [btc-updown-5m-1780817100] BUY DOWN @ 0.51: -$2.55 | avail=$10.70
[2026-06-07T07:22:50.930Z] [wallet] lockBuy [btc-updown-5m-1780817100] BUY UP @ 0.37: -$1.85 | avail=$8.85
[2026-06-07T07:22:52.099Z] [fair-value] Canceling stale UP quote: 0.37 (Edge: -0.2780 < 0.005)
[2026-06-07T07:22:52.099Z] [fair-value] Posting 1 maker-safe orders. Bids: UP=0.08 (EV=0.0120) DOWN=0.51 (EV=0.3980) settlementAnchor=62114.26 predictiveComposite=62101.63
[2026-06-07T07:22:52.099Z] [btc-updown-5m-1780817100] Live placement gated: waiting for 1 cancel(s) to confirm
[2026-06-07T07:22:52.100Z] [fair-value] Canceling stale UP quote: 0.37 (Edge: -0.2780 < 0.005)
[2026-06-07T07:22:52.100Z] [fair-value] Posting 1 maker-safe orders. Bids: UP=0.08 (EV=0.0120) DOWN=0.51 (EV=0.3980) settlementAnchor=62114.26 predictiveComposite=62101.63
[2026-06-07T07:22:52.426Z] [wallet] unlockBuy [btc-updown-5m-1780817100] BUY UP @ 0.37: +$1.85 | avail=$10.70
[2026-06-07T07:22:52.697Z] [fair-value] Posting 1 maker-safe orders. Bids: UP=0.37 (EV=0.0151) DOWN=0.51 (EV=0.1049) settlementAnchor=62114.26 predictiveComposite=62100.84
[2026-06-07T07:22:52.698Z] [fair-value] Posting 1 maker-safe orders. Bids: UP=0.37 (EV=0.0151) DOWN=0.51 (EV=0.1049) settlementAnchor=62114.26 predictiveComposite=62100.84
[2026-06-07T07:22:52.862Z] [fair-value] Posting 1 maker-safe orders. Bids: UP=0.37 (EV=0.0151) DOWN=0.51 (EV=0.1049) settlementAnchor=62114.26 predictiveComposite=62100.84
[2026-06-07T07:22:52.863Z] [fair-value] Posting 1 maker-safe orders. Bids: UP=0.37 (EV=0.0151) DOWN=0.51 (EV=0.1049) settlementAnchor=62114.26 predictiveComposite=62100.84
[2026-06-07T07:22:52.863Z] [fair-value] Posting 1 maker-safe orders. Bids: UP=0.37 (EV=0.0151) DOWN=0.51 (EV=0.1049) settlementAnchor=62114.26 predictiveComposite=62100.84
[2026-06-07T07:22:52.864Z] [fair-value] Posting 1 maker-safe orders. Bids: UP=0.37 (EV=0.0151) DOWN=0.51 (EV=0.1049) settlementAnchor=62114.26 predictiveComposite=62100.84
[2026-06-07T07:22:52.864Z] [fair-value] Posting 1 maker-safe orders. Bids: UP=0.37 (EV=0.0151) DOWN=0.51 (EV=0.1049) settlementAnchor=62114.26 predictiveComposite=62100.84
[2026-06-07T07:22:52.865Z] [fair-value] Posting 1 maker-safe orders. Bids: UP=0.37 (EV=0.0151) DOWN=0.51 (EV=0.1049) settlementAnchor=62114.26 predictiveComposite=62100.84
[2026-06-07T07:22:52.865Z] [fair-value] Posting 1 maker-safe orders. Bids: UP=0.38 (EV=0.0147) DOWN=0.51 (EV=0.0953) settlementAnchor=62114.26 predictiveComposite=62100.69
[2026-06-07T07:22:52.866Z] [fair-value] Posting 1 maker-safe orders. Bids: UP=0.38 (EV=0.0147) DOWN=0.51 (EV=0.0953) settlementAnchor=62114.26 predictiveComposite=62100.69
[2026-06-07T07:22:52.866Z] [fair-value] Posting 1 maker-safe orders. Bids: UP=0.38 (EV=0.0147) DOWN=0.51 (EV=0.0953) settlementAnchor=62114.26 predictiveComposite=62100.69
[2026-06-07T07:22:52.867Z] [fair-value] Posting 1 maker-safe orders. Bids: UP=0.38 (EV=0.0147) DOWN=0.51 (EV=0.0953) settlementAnchor=62114.26 predictiveComposite=62100.69
[2026-06-07T07:22:53.049Z] [fair-value] Posting 1 maker-safe orders. Bids: UP=0.38 (EV=0.0117) DOWN=0.51 (EV=0.0983) settlementAnchor=62114.26 predictiveComposite=62100.24
[2026-06-07T07:22:53.050Z] [fair-value] Posting 1 maker-safe orders. Bids: UP=0.38 (EV=0.0117) DOWN=0.51 (EV=0.0983) settlementAnchor=62114.26 predictiveComposite=62100.24
[2026-06-07T07:22:53.050Z] [fair-value] Posting 1 maker-safe orders. Bids: UP=0.42 (EV=0.0096) DOWN=0.51 (EV=0.0604) settlementAnchor=62114.26 predictiveComposite=62100.62
[2026-06-07T07:22:53.051Z] [fair-value] Posting 1 maker-safe orders. Bids: UP=0.42 (EV=0.0096) DOWN=0.51 (EV=0.0604) settlementAnchor=62114.26 predictiveComposite=62100.62
[2026-06-07T07:22:53.051Z] [fair-value] Posting 1 maker-safe orders. Bids: UP=0.42 (EV=0.0096) DOWN=0.51 (EV=0.0604) settlementAnchor=62114.26 predictiveComposite=62100.62
[2026-06-07T07:22:53.052Z] [fair-value] Posting 1 maker-safe orders. Bids: UP=0.42 (EV=0.0096) DOWN=0.51 (EV=0.0604) settlementAnchor=62114.26 predictiveComposite=62100.62
[2026-06-07T07:22:53.053Z] [fair-value] Posting 1 maker-safe orders. Bids: UP=0.42 (EV=0.0097) DOWN=0.51 (EV=0.0603) settlementAnchor=62114.26 predictiveComposite=62100.64
[2026-06-07T07:22:53.054Z] [fair-value] Posting 1 maker-safe orders. Bids: UP=0.42 (EV=0.0097) DOWN=0.51 (EV=0.0603) settlementAnchor=62114.26 predictiveComposite=62100.64
[2026-06-07T07:22:53.268Z] [fair-value] Posting 1 maker-safe orders. Bids: UP=0.41 (EV=0.0161) DOWN=0.51 (EV=0.0639) settlementAnchor=62114.26 predictiveComposite=62099.88
[2026-06-07T07:22:53.269Z] [fair-value] Posting 1 maker-safe orders. Bids: UP=0.41 (EV=0.0161) DOWN=0.51 (EV=0.0639) settlementAnchor=62114.26 predictiveComposite=62099.88
[2026-06-07T07:22:53.338Z] [fair-value] Posting 1 maker-safe orders. Bids: UP=0.41 (EV=0.0168) DOWN=0.51 (EV=0.0632) settlementAnchor=62114.26 predictiveComposite=62100.01
[2026-06-07T07:22:53.338Z] [fair-value] Posting 1 maker-safe orders. Bids: UP=0.41 (EV=0.0168) DOWN=0.51 (EV=0.0632) settlementAnchor=62114.26 predictiveComposite=62100.01
[2026-06-07T07:22:53.339Z] [fair-value] Posting 1 maker-safe orders. Bids: UP=0.41 (EV=0.0168) DOWN=0.51 (EV=0.0632) settlementAnchor=62114.26 predictiveComposite=62100.01
[2026-06-07T07:22:53.339Z] [fair-value] Posting 1 maker-safe orders. Bids: UP=0.41 (EV=0.0168) DOWN=0.51 (EV=0.0632) settlementAnchor=62114.26 predictiveComposite=62100.01
[2026-06-07T07:22:53.340Z] [fair-value] Posting 1 maker-safe orders. Bids: UP=0.41 (EV=0.0168) DOWN=0.51 (EV=0.0632) settlementAnchor=62114.26 predictiveComposite=62100.01
[2026-06-07T07:22:53.340Z] [fair-value] Posting 1 maker-safe orders. Bids: UP=0.41 (EV=0.0168) DOWN=0.51 (EV=0.0632) settlementAnchor=62114.26 predictiveComposite=62100.01
[2026-06-07T07:22:53.341Z] [fair-value] Posting 1 maker-safe orders. Bids: UP=0.42 (EV=0.0077) DOWN=0.51 (EV=0.0623) settlementAnchor=62114.26 predictiveComposite=62100.07
[2026-06-07T07:22:53.341Z] [fair-value] Posting 1 maker-safe orders. Bids: UP=0.42 (EV=0.0077) DOWN=0.51 (EV=0.0623) settlementAnchor=62114.26 predictiveComposite=62100.07
[2026-06-07T07:22:53.369Z] [fair-value] Posting 1 maker-safe orders. Bids: UP=0.42 (EV=0.0077) DOWN=0.51 (EV=0.0623) settlementAnchor=62114.26 predictiveComposite=62100.07
[2026-06-07T07:22:53.392Z] [fair-value] Posting 1 maker-safe orders. Bids: UP=0.42 (EV=0.0077) DOWN=0.51 (EV=0.0623) settlementAnchor=62114.26 predictiveComposite=62100.07
[2026-06-07T07:22:53.392Z] [fair-value] Posting 1 maker-safe orders. Bids: UP=0.42 (EV=0.0077) DOWN=0.51 (EV=0.0623) settlementAnchor=62114.26 predictiveComposite=62100.07
[2026-06-07T07:22:53.438Z] [fair-value] Posting 1 maker-safe orders. Bids: UP=0.41 (EV=0.0163) DOWN=0.51 (EV=0.0637) settlementAnchor=62114.26 predictiveComposite=62099.89
[2026-06-07T07:22:53.439Z] [fair-value] Posting 1 maker-safe orders. Bids: UP=0.41 (EV=0.0163) DOWN=0.51 (EV=0.0637) settlementAnchor=62114.26 predictiveComposite=62099.89
[2026-06-07T07:22:53.609Z] [fair-value] Posting 1 maker-safe orders. Bids: UP=0.4 (EV=0.0097) DOWN=0.51 (EV=0.0803) settlementAnchor=62114.26 predictiveComposite=62099.88
[2026-06-07T07:22:53.609Z] [fair-value] Posting 1 maker-safe orders. Bids: UP=0.4 (EV=0.0097) DOWN=0.51 (EV=0.0803) settlementAnchor=62114.26 predictiveComposite=62099.88
[2026-06-07T07:22:53.776Z] [fair-value] Posting 1 maker-safe orders. Bids: UP=0.4 (EV=0.0086) DOWN=0.51 (EV=0.0814) settlementAnchor=62114.26 predictiveComposite=62099.88
[2026-06-07T07:22:53.777Z] [fair-value] Posting 1 maker-safe orders. Bids: UP=0.4 (EV=0.0086) DOWN=0.51 (EV=0.0814) settlementAnchor=62114.26 predictiveComposite=62099.88
[2026-06-07T07:22:53.778Z] [fair-value] Posting 1 maker-safe orders. Bids: UP=0.4 (EV=0.0139) DOWN=0.51 (EV=0.0761) settlementAnchor=62114.26 predictiveComposite=62100.06
[2026-06-07T07:22:53.778Z] [fair-value] Posting 1 maker-safe orders. Bids: UP=0.4 (EV=0.0139) DOWN=0.51 (EV=0.0761) settlementAnchor=62114.26 predictiveComposite=62100.06
[2026-06-07T07:22:53.779Z] [fair-value] Posting 1 maker-safe orders. Bids: UP=0.4 (EV=0.0140) DOWN=0.51 (EV=0.0760) settlementAnchor=62114.26 predictiveComposite=62100.07
[2026-06-07T07:22:53.779Z] [fair-value] Posting 1 maker-safe orders. Bids: UP=0.4 (EV=0.0140) DOWN=0.51 (EV=0.0760) settlementAnchor=62114.26 predictiveComposite=62100.07
[2026-06-07T07:22:54.112Z] [fair-value] Posting 1 maker-safe orders. Bids: UP=0.4 (EV=0.0131) DOWN=0.51 (EV=0.0769) settlementAnchor=62114.26 predictiveComposite=62099.94
[2026-06-07T07:22:54.112Z] [fair-value] Posting 1 maker-safe orders. Bids: UP=0.4 (EV=0.0131) DOWN=0.51 (EV=0.0769) settlementAnchor=62114.26 predictiveComposite=62099.94
[2026-06-07T07:22:54.383Z] [fair-value] Posting 1 maker-safe orders. Bids: UP=0.4 (EV=0.0131) DOWN=0.51 (EV=0.0769) settlementAnchor=62114.26 predictiveComposite=62099.94
[2026-06-07T07:22:54.388Z] [fair-value] Posting 1 maker-safe orders. Bids: UP=0.4 (EV=0.0131) DOWN=0.51 (EV=0.0769) settlementAnchor=62114.26 predictiveComposite=62099.94
[2026-06-07T07:22:54.389Z] [fair-value] Posting 1 maker-safe orders. Bids: UP=0.4 (EV=0.0131) DOWN=0.51 (EV=0.0769) settlementAnchor=62114.26 predictiveComposite=62099.94
[2026-06-07T07:22:54.571Z] [fair-value] Posting 1 maker-safe orders. Bids: UP=0.4 (EV=0.0127) DOWN=0.51 (EV=0.0773) settlementAnchor=62114.26 predictiveComposite=62099.88
[2026-06-07T07:22:54.571Z] [fair-value] Posting 1 maker-safe orders. Bids: UP=0.4 (EV=0.0127) DOWN=0.51 (EV=0.0773) settlementAnchor=62114.26 predictiveComposite=62099.88
[2026-06-07T07:22:55.129Z] [fair-value] Posting 1 maker-safe orders. Bids: UP=0.4 (EV=0.0075) DOWN=0.51 (EV=0.0825) settlementAnchor=62114.26 predictiveComposite=62099.89
[2026-06-07T07:22:55.130Z] [fair-value] Posting 1 maker-safe orders. Bids: UP=0.4 (EV=0.0075) DOWN=0.51 (EV=0.0825) settlementAnchor=62114.26 predictiveComposite=62099.89
[2026-06-07T07:22:55.391Z] [fair-value] Posting 1 maker-safe orders. Bids: UP=0.4 (EV=0.0074) DOWN=0.51 (EV=0.0826) settlementAnchor=62114.26 predictiveComposite=62099.88
[2026-06-07T07:22:55.392Z] [fair-value] Posting 1 maker-safe orders. Bids: UP=0.4 (EV=0.0074) DOWN=0.51 (EV=0.0826) settlementAnchor=62114.26 predictiveComposite=62099.88
[2026-06-07T07:22:55.392Z] [fair-value] Posting 1 maker-safe orders. Bids: UP=0.4 (EV=0.0074) DOWN=0.51 (EV=0.0826) settlementAnchor=62114.26 predictiveComposite=62099.88
[2026-06-07T07:22:55.404Z] [fair-value] Posting 1 maker-safe orders. Bids: UP=0.4 (EV=0.0072) DOWN=0.51 (EV=0.0828) settlementAnchor=62114.26 predictiveComposite=62099.89
[2026-06-07T07:22:55.405Z] [fair-value] Posting 1 maker-safe orders. Bids: UP=0.4 (EV=0.0072) DOWN=0.51 (EV=0.0828) settlementAnchor=62114.26 predictiveComposite=62099.89
[2026-06-07T07:22:56.195Z] [fair-value] Posting 1 maker-safe orders. Bids: UP=0.26 (EV=0.0086) DOWN=0.51 (EV=0.2214) settlementAnchor=62114.26 predictiveComposite=62099.94
[2026-06-07T07:22:56.196Z] [fair-value] Posting 1 maker-safe orders. Bids: UP=0.26 (EV=0.0086) DOWN=0.51 (EV=0.2214) settlementAnchor=62114.26 predictiveComposite=62099.94
[2026-06-07T07:22:56.390Z] [fair-value] Posting 1 maker-safe orders. Bids: UP=0.26 (EV=0.0086) DOWN=0.51 (EV=0.2214) settlementAnchor=62114.26 predictiveComposite=62099.95
[2026-06-07T07:22:56.391Z] [fair-value] Posting 1 maker-safe orders. Bids: UP=0.26 (EV=0.0086) DOWN=0.51 (EV=0.2214) settlementAnchor=62114.26 predictiveComposite=62099.95
[2026-06-07T07:22:56.407Z] [fair-value] Posting 1 maker-safe orders. Bids: UP=0.26 (EV=0.0086) DOWN=0.51 (EV=0.2214) settlementAnchor=62114.26 predictiveComposite=62099.95
[2026-06-07T07:22:57.389Z] [fair-value] Posting 1 maker-safe orders. Bids: UP=0.26 (EV=0.0070) DOWN=0.51 (EV=0.2230) settlementAnchor=62114.26 predictiveComposite=62099.95
[2026-06-07T07:22:57.389Z] [fair-value] Posting 1 maker-safe orders. Bids: UP=0.26 (EV=0.0070) DOWN=0.51 (EV=0.2230) settlementAnchor=62114.26 predictiveComposite=62099.95
[2026-06-07T07:22:57.414Z] [fair-value] Posting 1 maker-safe orders. Bids: UP=0.26 (EV=0.0070) DOWN=0.51 (EV=0.2230) settlementAnchor=62114.26 predictiveComposite=62099.95
[2026-06-07T07:22:57.789Z] [fair-value] Posting 1 maker-safe orders. Bids: UP=0.25 (EV=0.0061) DOWN=0.51 (EV=0.2339) settlementAnchor=62114.26 predictiveComposite=62100.04
[2026-06-07T07:22:57.790Z] [fair-value] Posting 1 maker-safe orders. Bids: UP=0.25 (EV=0.0061) DOWN=0.51 (EV=0.2339) settlementAnchor=62114.26 predictiveComposite=62100.04
[2026-06-07T07:22:58.390Z] [fair-value] Posting 1 maker-safe orders. Bids: UP=0.24 (EV=0.0148) DOWN=0.51 (EV=0.2352) settlementAnchor=62114.26 predictiveComposite=62100.04
[2026-06-07T07:22:58.390Z] [fair-value] Posting 1 maker-safe orders. Bids: UP=0.24 (EV=0.0148) DOWN=0.51 (EV=0.2352) settlementAnchor=62114.26 predictiveComposite=62100.04
[2026-06-07T07:22:58.415Z] [fair-value] Posting 1 maker-safe orders. Bids: UP=0.24 (EV=0.0148) DOWN=0.51 (EV=0.2352) settlementAnchor=62114.26 predictiveComposite=62100.04
[2026-06-07T07:22:58.911Z] [fair-value] Posting 1 maker-safe orders. Bids: UP=0.24 (EV=0.0146) DOWN=0.51 (EV=0.2354) settlementAnchor=62114.26 predictiveComposite=62100.03
[2026-06-07T07:22:58.912Z] [fair-value] Posting 1 maker-safe orders. Bids: UP=0.24 (EV=0.0146) DOWN=0.51 (EV=0.2354) settlementAnchor=62114.26 predictiveComposite=62100.03
[2026-06-07T07:22:59.390Z] [fair-value] P(UP)=0.2519 Sigma=0.0939 settlement=62114.26 predictive=62100.03 Rem=420s
[2026-06-07T07:22:59.390Z] [fair-value] Posting 1 maker-safe orders. Bids: UP=0.24 (EV=0.0144) DOWN=0.51 (EV=0.2356) settlementAnchor=62114.26 predictiveComposite=62100.03
[2026-06-07T07:22:59.391Z] [fair-value] Posting 1 maker-safe orders. Bids: UP=0.24 (EV=0.0144) DOWN=0.51 (EV=0.2356) settlementAnchor=62114.26 predictiveComposite=62100.03
[2026-06-07T07:22:59.429Z] [fair-value] Posting 1 maker-safe orders. Bids: UP=0.24 (EV=0.0144) DOWN=0.51 (EV=0.2356) settlementAnchor=62114.26 predictiveComposite=62100.03
[2026-06-07T07:22:59.479Z] [fair-value] Posting 1 maker-safe orders. Bids: UP=0.22 (EV=0.0120) DOWN=0.51 (EV=0.2580) settlementAnchor=62114.26 predictiveComposite=62100.02
[2026-06-07T07:22:59.480Z] [fair-value] Posting 1 maker-safe orders. Bids: UP=0.22 (EV=0.0120) DOWN=0.51 (EV=0.2580) settlementAnchor=62114.26 predictiveComposite=62100.02
[2026-06-07T07:23:00.073Z] [fair-value] Posting 1 maker-safe orders. Bids: UP=0.22 (EV=0.0119) DOWN=0.51 (EV=0.2581) settlementAnchor=62114.26 predictiveComposite=62100.03
[2026-06-07T07:23:00.073Z] [fair-value] Posting 1 maker-safe orders. Bids: UP=0.22 (EV=0.0119) DOWN=0.51 (EV=0.2581) settlementAnchor=62114.26 predictiveComposite=62100.03
[2026-06-07T07:23:00.391Z] [fair-value] Posting 1 maker-safe orders. Bids: UP=0.22 (EV=0.0072) DOWN=0.51 (EV=0.2628) settlementAnchor=62114.26 predictiveComposite=62100.03
[2026-06-07T07:23:00.391Z] [fair-value] Posting 1 maker-safe orders. Bids: UP=0.22 (EV=0.0072) DOWN=0.51 (EV=0.2628) settlementAnchor=62114.26 predictiveComposite=62100.03
[2026-06-07T07:23:00.430Z] [fair-value] Posting 1 maker-safe orders. Bids: UP=0.22 (EV=0.0072) DOWN=0.51 (EV=0.2628) settlementAnchor=62114.26 predictiveComposite=62100.03
[2026-06-07T07:23:00.508Z] [fair-value] Posting 1 maker-safe orders. Bids: UP=0.22 (EV=0.0071) DOWN=0.51 (EV=0.2629) settlementAnchor=62114.26 predictiveComposite=62100.02
[2026-06-07T07:23:00.508Z] [fair-value] Posting 1 maker-safe orders. Bids: UP=0.22 (EV=0.0071) DOWN=0.51 (EV=0.2629) settlementAnchor=62114.26 predictiveComposite=62100.02
[2026-06-07T07:23:00.966Z] [wallet] unlockBuy [btc-updown-5m-1780817100] BUY DOWN @ 0.51: +$2.55 | avail=$13.25
[2026-06-07T07:23:01.390Z] [fair-value] Posting 2 maker-safe orders. Bids: UP=0.22 (EV=0.0069) DOWN=0.51 (EV=0.2631) settlementAnchor=62114.26 predictiveComposite=62100.02
[2026-06-07T07:23:01.391Z] [fair-value] Posting 1 maker-safe orders. Bids: UP=0.22 (EV=0.0069) DOWN=0.51 (EV=0.2631) settlementAnchor=62114.26 predictiveComposite=62100.02
[2026-06-07T07:23:01.735Z] [wallet] lockBuy [btc-updown-5m-1780817100] BUY UP @ 0.22: -$1.10 | avail=$12.15
[2026-06-07T07:23:01.736Z] [wallet] lockBuy [btc-updown-5m-1780817100] BUY DOWN @ 0.51: -$2.55 | avail=$9.60
[2026-06-07T07:23:02.390Z] [fair-value] Canceling stale UP quote: 0.22 (Edge: -0.2100 < 0.005)
[2026-06-07T07:23:02.390Z] [fair-value] Canceling stale UP quote: 0.22 (Edge: -0.2100 < 0.005)
[2026-06-07T07:23:02.447Z] [fair-value] Canceling stale UP quote: 0.22 (Edge: -0.2100 < 0.005)
[2026-06-07T07:23:02.548Z] [wallet] unlockBuy [btc-updown-5m-1780817100] BUY UP @ 0.22: +$1.10 | avail=$10.70
[2026-06-07T07:23:03.263Z] [fair-value] Posting 1 maker-safe orders. Bids: UP=0.31 (EV=0.0099) DOWN=0.51 (EV=0.1701) settlementAnchor=62114.26 predictiveComposite=62099.66
[2026-06-07T07:23:03.264Z] [fair-value] Posting 1 maker-safe orders. Bids: UP=0.31 (EV=0.0099) DOWN=0.51 (EV=0.1701) settlementAnchor=62114.26 predictiveComposite=62099.66
[2026-06-07T07:23:03.264Z] [fair-value] Posting 1 maker-safe orders. Bids: UP=0.31 (EV=0.0099) DOWN=0.51 (EV=0.1701) settlementAnchor=62114.26 predictiveComposite=62099.66
[2026-06-07T07:23:03.265Z] [fair-value] Posting 1 maker-safe orders. Bids: UP=0.31 (EV=0.0099) DOWN=0.51 (EV=0.1701) settlementAnchor=62114.26 predictiveComposite=62099.66
[2026-06-07T07:23:03.266Z] [fair-value] Posting 1 maker-safe orders. Bids: UP=0.31 (EV=0.0099) DOWN=0.51 (EV=0.1701) settlementAnchor=62114.26 predictiveComposite=62099.66
[2026-06-07T07:23:03.266Z] [fair-value] Posting 1 maker-safe orders. Bids: UP=0.31 (EV=0.0099) DOWN=0.51 (EV=0.1701) settlementAnchor=62114.26 predictiveComposite=62099.66
[2026-06-07T07:23:03.267Z] [fair-value] Posting 1 maker-safe orders. Bids: UP=0.43 (EV=0.0089) DOWN=0.51 (EV=0.0511) settlementAnchor=62114.26 predictiveComposite=62099.03
[2026-06-07T07:23:03.268Z] [fair-value] Posting 1 maker-safe orders. Bids: UP=0.43 (EV=0.0089) DOWN=0.51 (EV=0.0511) settlementAnchor=62114.26 predictiveComposite=62099.03
[2026-06-07T07:23:03.268Z] [fair-value] Posting 1 maker-safe orders. Bids: UP=0.43 (EV=0.0089) DOWN=0.51 (EV=0.0511) settlementAnchor=62114.26 predictiveComposite=62099.03
[2026-06-07T07:23:03.269Z] [fair-value] Posting 1 maker-safe orders. Bids: UP=0.43 (EV=0.0089) DOWN=0.51 (EV=0.0511) settlementAnchor=62114.26 predictiveComposite=62099.03
[2026-06-07T07:23:03.269Z] [fair-value] Posting 1 maker-safe orders. Bids: UP=0.43 (EV=0.0089) DOWN=0.51 (EV=0.0511) settlementAnchor=62114.26 predictiveComposite=62099.03
[2026-06-07T07:23:03.269Z] [fair-value] Posting 1 maker-safe orders. Bids: UP=0.43 (EV=0.0089) DOWN=0.51 (EV=0.0511) settlementAnchor=62114.26 predictiveComposite=62099.03
[2026-06-07T07:23:03.270Z] [fair-value] Posting 1 maker-safe orders. Bids: UP=0.43 (EV=0.0089) DOWN=0.51 (EV=0.0511) settlementAnchor=62114.26 predictiveComposite=62099.02
[2026-06-07T07:23:03.271Z] [fair-value] Posting 1 maker-safe orders. Bids: UP=0.43 (EV=0.0089) DOWN=0.51 (EV=0.0511) settlementAnchor=62114.26 predictiveComposite=62099.02
[2026-06-07T07:23:03.272Z] [fair-value] Posting 1 maker-safe orders. Bids: UP=0.43 (EV=0.0089) DOWN=0.51 (EV=0.0511) settlementAnchor=62114.26 predictiveComposite=62099.02
[2026-06-07T07:23:03.272Z] [fair-value] Posting 1 maker-safe orders. Bids: UP=0.43 (EV=0.0089) DOWN=0.51 (EV=0.0511) settlementAnchor=62114.26 predictiveComposite=62099.02
[2026-06-07T07:23:03.341Z] [fair-value] Posting 1 maker-safe orders. Bids: UP=0.42 (EV=0.0181) DOWN=0.51 (EV=0.0519) settlementAnchor=62114.26 predictiveComposite=62098.81
[2026-06-07T07:23:03.341Z] [fair-value] Posting 1 maker-safe orders. Bids: UP=0.42 (EV=0.0181) DOWN=0.51 (EV=0.0519) settlementAnchor=62114.26 predictiveComposite=62098.81
[2026-06-07T07:23:03.342Z] [fair-value] Posting 1 maker-safe orders. Bids: UP=0.42 (EV=0.0181) DOWN=0.51 (EV=0.0519) settlementAnchor=62114.26 predictiveComposite=62098.81
[2026-06-07T07:23:03.342Z] [fair-value] Posting 1 maker-safe orders. Bids: UP=0.42 (EV=0.0181) DOWN=0.51 (EV=0.0519) settlementAnchor=62114.26 predictiveComposite=62098.81
[2026-06-07T07:23:03.342Z] [fair-value] Posting 1 maker-safe orders. Bids: UP=0.42 (EV=0.0181) DOWN=0.51 (EV=0.0519) settlementAnchor=62114.26 predictiveComposite=62098.81
[2026-06-07T07:23:03.342Z] [fair-value] Posting 1 maker-safe orders. Bids: UP=0.42 (EV=0.0181) DOWN=0.51 (EV=0.0519) settlementAnchor=62114.26 predictiveComposite=62098.81
[2026-06-07T07:23:03.343Z] [fair-value] Posting 1 maker-safe orders. Bids: UP=0.43 (EV=0.0086) DOWN=0.51 (EV=0.0514) settlementAnchor=62114.26 predictiveComposite=62098.69
[2026-06-07T07:23:03.343Z] [fair-value] Posting 1 maker-safe orders. Bids: UP=0.43 (EV=0.0086) DOWN=0.51 (EV=0.0514) settlementAnchor=62114.26 predictiveComposite=62098.69
[2026-06-07T07:23:03.343Z] [fair-value] Posting 1 maker-safe orders. Bids: UP=0.43 (EV=0.0083) DOWN=0.51 (EV=0.0517) settlementAnchor=62114.26 predictiveComposite=62098.63
[2026-06-07T07:23:03.344Z] [fair-value] Posting 1 maker-safe orders. Bids: UP=0.43 (EV=0.0083) DOWN=0.51 (EV=0.0517) settlementAnchor=62114.26 predictiveComposite=62098.63
[2026-06-07T07:23:03.344Z] [fair-value] Posting 1 maker-safe orders. Bids: UP=0.43 (EV=0.0083) DOWN=0.51 (EV=0.0517) settlementAnchor=62114.26 predictiveComposite=62098.59
[2026-06-07T07:23:03.345Z] [fair-value] Posting 1 maker-safe orders. Bids: UP=0.43 (EV=0.0083) DOWN=0.51 (EV=0.0517) settlementAnchor=62114.26 predictiveComposite=62098.59
[2026-06-07T07:23:03.345Z] [fair-value] Posting 1 maker-safe orders. Bids: UP=0.43 (EV=0.0092) DOWN=0.51 (EV=0.0508) settlementAnchor=62114.26 predictiveComposite=62098.43
[2026-06-07T07:23:03.346Z] [fair-value] Posting 1 maker-safe orders. Bids: UP=0.43 (EV=0.0092) DOWN=0.51 (EV=0.0508) settlementAnchor=62114.26 predictiveComposite=62098.43
[2026-06-07T07:23:03.346Z] [fair-value] Posting 1 maker-safe orders. Bids: UP=0.43 (EV=0.0114) DOWN=0.51 (EV=0.0486) settlementAnchor=62114.26 predictiveComposite=62098.21
[2026-06-07T07:23:03.346Z] [fair-value] Posting 1 maker-safe orders. Bids: UP=0.43 (EV=0.0114) DOWN=0.51 (EV=0.0486) settlementAnchor=62114.26 predictiveComposite=62098.21
[2026-06-07T07:23:03.347Z] [fair-value] Posting 1 maker-safe orders. Bids: UP=0.43 (EV=0.0114) DOWN=0.51 (EV=0.0486) settlementAnchor=62114.26 predictiveComposite=62098.16
[2026-06-07T07:23:03.348Z] [fair-value] Posting 1 maker-safe orders. Bids: UP=0.43 (EV=0.0114) DOWN=0.51 (EV=0.0486) settlementAnchor=62114.26 predictiveComposite=62098.16
[2026-06-07T07:23:03.348Z] [fair-value] Posting 1 maker-safe orders. Bids: UP=0.46 (EV=0.0219) DOWN=0.5 (EV=0.0181) settlementAnchor=62114.26 predictiveComposite=62100.02
[2026-06-07T07:23:03.348Z] [fair-value] Posting 1 maker-safe orders. Bids: UP=0.46 (EV=0.0219) DOWN=0.5 (EV=0.0181) settlementAnchor=62114.26 predictiveComposite=62100.02
[2026-06-07T07:23:03.379Z] [fair-value] Posting 1 maker-safe orders. Bids: UP=0.46 (EV=0.0194) DOWN=0.5 (EV=0.0206) settlementAnchor=62114.26 predictiveComposite=62097.88
[2026-06-07T07:23:03.380Z] [fair-value] Posting 1 maker-safe orders. Bids: UP=0.46 (EV=0.0194) DOWN=0.5 (EV=0.0206) settlementAnchor=62114.26 predictiveComposite=62097.88
[2026-06-07T07:23:03.381Z] [fair-value] Posting 1 maker-safe orders. Bids: UP=0.46 (EV=0.0192) DOWN=0.5 (EV=0.0208) settlementAnchor=62114.26 predictiveComposite=62097.71
[2026-06-07T07:23:03.381Z] [fair-value] Posting 1 maker-safe orders. Bids: UP=0.46 (EV=0.0192) DOWN=0.5 (EV=0.0208) settlementAnchor=62114.26 predictiveComposite=62097.71
[2026-06-07T07:23:03.381Z] [fair-value] Posting 1 maker-safe orders. Bids: UP=0.46 (EV=0.0189) DOWN=0.5 (EV=0.0211) settlementAnchor=62114.26 predictiveComposite=62097.58
[2026-06-07T07:23:03.382Z] [fair-value] Posting 1 maker-safe orders. Bids: UP=0.46 (EV=0.0189) DOWN=0.5 (EV=0.0211) settlementAnchor=62114.26 predictiveComposite=62097.58
[2026-06-07T07:23:03.382Z] [fair-value] Posting 1 maker-safe orders. Bids: UP=0.46 (EV=0.0187) DOWN=0.5 (EV=0.0213) settlementAnchor=62114.26 predictiveComposite=62097.32
[2026-06-07T07:23:03.382Z] [fair-value] Posting 1 maker-safe orders. Bids: UP=0.46 (EV=0.0187) DOWN=0.5 (EV=0.0213) settlementAnchor=62114.26 predictiveComposite=62097.32
[2026-06-07T07:23:03.383Z] [fair-value] Posting 1 maker-safe orders. Bids: UP=0.46 (EV=0.0187) DOWN=0.5 (EV=0.0213) settlementAnchor=62114.26 predictiveComposite=62097.28
[2026-06-07T07:23:03.383Z] [fair-value] Posting 1 maker-safe orders. Bids: UP=0.46 (EV=0.0187) DOWN=0.5 (EV=0.0213) settlementAnchor=62114.26 predictiveComposite=62097.28
[2026-06-07T07:23:03.383Z] [fair-value] Posting 1 maker-safe orders. Bids: UP=0.46 (EV=0.0175) DOWN=0.5 (EV=0.0225) settlementAnchor=62114.26 predictiveComposite=62097.28
[2026-06-07T07:23:03.383Z] [fair-value] Posting 1 maker-safe orders. Bids: UP=0.46 (EV=0.0175) DOWN=0.5 (EV=0.0225) settlementAnchor=62114.26 predictiveComposite=62097.28
[2026-06-07T07:23:03.384Z] [fair-value] Posting 1 maker-safe orders. Bids: UP=0.46 (EV=0.0175) DOWN=0.5 (EV=0.0225) settlementAnchor=62114.26 predictiveComposite=62097.28
[2026-06-07T07:23:03.384Z] [fair-value] Posting 1 maker-safe orders. Bids: UP=0.46 (EV=0.0175) DOWN=0.5 (EV=0.0225) settlementAnchor=62114.26 predictiveComposite=62097.28
[2026-06-07T07:23:03.384Z] [fair-value] Posting 1 maker-safe orders. Bids: UP=0.46 (EV=0.0171) DOWN=0.5 (EV=0.0229) settlementAnchor=62114.26 predictiveComposite=62097.00
[2026-06-07T07:23:03.384Z] [fair-value] Posting 1 maker-safe orders. Bids: UP=0.46 (EV=0.0171) DOWN=0.5 (EV=0.0229) settlementAnchor=62114.26 predictiveComposite=62097.00
[2026-06-07T07:23:03.385Z] [fair-value] Posting 1 maker-safe orders. Bids: UP=0.46 (EV=0.0171) DOWN=0.5 (EV=0.0229) settlementAnchor=62114.26 predictiveComposite=62096.94
[2026-06-07T07:23:03.385Z] [fair-value] Posting 1 maker-safe orders. Bids: UP=0.46 (EV=0.0171) DOWN=0.5 (EV=0.0229) settlementAnchor=62114.26 predictiveComposite=62096.94
[2026-06-07T07:23:03.385Z] [fair-value] Posting 1 maker-safe orders. Bids: UP=0.46 (EV=0.0166) DOWN=0.5 (EV=0.0234) settlementAnchor=62114.26 predictiveComposite=62096.63
[2026-06-07T07:23:03.385Z] [fair-value] Posting 1 maker-safe orders. Bids: UP=0.46 (EV=0.0166) DOWN=0.5 (EV=0.0234) settlementAnchor=62114.26 predictiveComposite=62096.63
[2026-06-07T07:23:03.386Z] [fair-value] Posting 1 maker-safe orders. Bids: UP=0.46 (EV=0.0166) DOWN=0.5 (EV=0.0234) settlementAnchor=62114.26 predictiveComposite=62096.63
[2026-06-07T07:23:03.386Z] [fair-value] Posting 1 maker-safe orders. Bids: UP=0.46 (EV=0.0166) DOWN=0.5 (EV=0.0234) settlementAnchor=62114.26 predictiveComposite=62096.63
[2026-06-07T07:23:03.717Z] [wallet] unlockBuy [btc-updown-5m-1780817100] BUY DOWN @ 0.51: +$2.55 | avail=$13.25
[2026-06-07T07:23:04.246Z] [fair-value] Posting 2 maker-safe orders. Bids: UP=0.45 (EV=0.0188) DOWN=0.51 (EV=0.0212) settlementAnchor=62114.26 predictiveComposite=62093.06
[2026-06-07T07:23:04.249Z] [fair-value] Posting 1 maker-safe orders. Bids: UP=0.45 (EV=0.0188) DOWN=0.51 (EV=0.0212) settlementAnchor=62114.26 predictiveComposite=62093.06
[2026-06-07T07:23:04.627Z] [wallet] lockBuy [btc-updown-5m-1780817100] BUY DOWN @ 0.51: -$2.55 | avail=$10.70
[2026-06-07T07:23:04.789Z] [wallet] lockBuy [btc-updown-5m-1780817100] BUY UP @ 0.45: -$2.25 | avail=$8.45
[2026-06-07T07:23:05.011Z] [fair-value] Canceling stale UP quote: 0.45 (Edge: -0.0389 < 0.005)
[2026-06-07T07:23:05.012Z] [fair-value] Posting 1 maker-safe orders. Bids: UP=0.4 (EV=0.0111) DOWN=0.51 (EV=0.0789) settlementAnchor=62114.26 predictiveComposite=62088.23
[2026-06-07T07:23:05.012Z] [btc-updown-5m-1780817100] Live placement gated: waiting for 1 cancel(s) to confirm
[2026-06-07T07:23:05.013Z] [fair-value] Canceling stale UP quote: 0.45 (Edge: -0.0389 < 0.005)
[2026-06-07T07:23:05.013Z] [fair-value] Posting 1 maker-safe orders. Bids: UP=0.4 (EV=0.0111) DOWN=0.51 (EV=0.0789) settlementAnchor=62114.26 predictiveComposite=62088.23
[2026-06-07T07:23:05.343Z] [wallet] unlockBuy [btc-updown-5m-1780817100] BUY UP @ 0.45: +$2.25 | avail=$10.70
[2026-06-07T07:23:05.389Z] [fair-value] Posting 1 maker-safe orders. Bids: UP=0.4 (EV=0.0110) DOWN=0.51 (EV=0.0790) settlementAnchor=62114.26 predictiveComposite=62088.22
[2026-06-07T07:23:05.389Z] [fair-value] Posting 1 maker-safe orders. Bids: UP=0.4 (EV=0.0110) DOWN=0.51 (EV=0.0790) settlementAnchor=62114.26 predictiveComposite=62088.22
[2026-06-07T07:23:05.484Z] [fair-value] Posting 1 maker-safe orders. Bids: UP=0.4 (EV=0.0110) DOWN=0.51 (EV=0.0790) settlementAnchor=62114.26 predictiveComposite=62088.22
[2026-06-07T07:23:05.703Z] [fair-value] Posting 1 maker-safe orders. Bids: UP=0.4 (EV=0.0110) DOWN=0.51 (EV=0.0790) settlementAnchor=62114.26 predictiveComposite=62088.22
[2026-06-07T07:23:05.704Z] [fair-value] Posting 1 maker-safe orders. Bids: UP=0.4 (EV=0.0110) DOWN=0.51 (EV=0.0790) settlementAnchor=62114.26 predictiveComposite=62088.22
[2026-06-07T07:23:05.704Z] [fair-value] Posting 1 maker-safe orders. Bids: UP=0.4 (EV=0.0108) DOWN=0.51 (EV=0.0792) settlementAnchor=62114.26 predictiveComposite=62088.22
[2026-06-07T07:23:05.705Z] [fair-value] Posting 1 maker-safe orders. Bids: UP=0.4 (EV=0.0108) DOWN=0.51 (EV=0.0792) settlementAnchor=62114.26 predictiveComposite=62088.22
[2026-06-07T07:23:06.087Z] [fair-value] Posting 1 maker-safe orders. Bids: UP=0.4 (EV=0.0109) DOWN=0.51 (EV=0.0791) settlementAnchor=62114.26 predictiveComposite=62088.26
[2026-06-07T07:23:06.087Z] [fair-value] Posting 1 maker-safe orders. Bids: UP=0.4 (EV=0.0109) DOWN=0.51 (EV=0.0791) settlementAnchor=62114.26 predictiveComposite=62088.26
[2026-06-07T07:23:06.392Z] [fair-value] Posting 1 maker-safe orders. Bids: UP=0.39 (EV=0.0120) DOWN=0.51 (EV=0.0880) settlementAnchor=62114.26 predictiveComposite=62084.74
[2026-06-07T07:23:06.392Z] [fair-value] Posting 1 maker-safe orders. Bids: UP=0.39 (EV=0.0120) DOWN=0.51 (EV=0.0880) settlementAnchor=62114.26 predictiveComposite=62084.74
[2026-06-07T07:23:06.480Z] [fair-value] Posting 1 maker-safe orders. Bids: UP=0.39 (EV=0.0120) DOWN=0.51 (EV=0.0880) settlementAnchor=62114.26 predictiveComposite=62084.74
[2026-06-07T07:23:06.578Z] [fair-value] Posting 1 maker-safe orders. Bids: UP=0.39 (EV=0.0119) DOWN=0.51 (EV=0.0881) settlementAnchor=62114.26 predictiveComposite=62084.72
[2026-06-07T07:23:06.578Z] [fair-value] Posting 1 maker-safe orders. Bids: UP=0.39 (EV=0.0119) DOWN=0.51 (EV=0.0881) settlementAnchor=62114.26 predictiveComposite=62084.72
[2026-06-07T07:23:06.793Z] [fair-value] Posting 1 maker-safe orders. Bids: UP=0.39 (EV=0.0118) DOWN=0.51 (EV=0.0882) settlementAnchor=62114.26 predictiveComposite=62084.70
[2026-06-07T07:23:06.793Z] [fair-value] Posting 1 maker-safe orders. Bids: UP=0.39 (EV=0.0118) DOWN=0.51 (EV=0.0882) settlementAnchor=62114.26 predictiveComposite=62084.70
[2026-06-07T07:23:06.888Z] [wallet] buyFill(0x09a6c56b20dcd9cef1a1b27c6a6f66dc8f131f2c1ee8b60bf78cc8b8fe4ee925): balance=$10.70, 59550341... shares: 5.05 + 5 = 10.05
[2026-06-07T07:23:07.280Z] [fair-value] Posting 2 maker-safe orders. Bids: UP=0.39 (EV=0.0143) DOWN=0.51 (EV=0.0857) settlementAnchor=62114.26 predictiveComposite=62084.70
[2026-06-07T07:23:07.282Z] [fair-value] Posting 1 maker-safe orders. Bids: UP=0.39 (EV=0.0143) DOWN=0.51 (EV=0.0857) settlementAnchor=62114.26 predictiveComposite=62084.70
[2026-06-07T07:23:07.634Z] [wallet] lockBuy [btc-updown-5m-1780817100] BUY UP @ 0.39: -$1.95 | avail=$8.75
[2026-06-07T07:23:07.663Z] [wallet] lockBuy [btc-updown-5m-1780817100] BUY DOWN @ 0.51: -$2.55 | avail=$6.20
[2026-06-07T07:23:07.827Z] [fair-value] Canceling stale UP quote: 0.39 (Edge: -0.1518 < 0.005)
[2026-06-07T07:23:07.828Z] [fair-value] Posting 1 maker-safe orders. Bids: UP=0.23 (EV=0.0082) DOWN=0.51 (EV=0.2518) settlementAnchor=62114.26 predictiveComposite=62080.57
[2026-06-07T07:23:07.828Z] [btc-updown-5m-1780817100] Live placement gated: waiting for 1 cancel(s) to confirm
[2026-06-07T07:23:07.828Z] [fair-value] Canceling stale UP quote: 0.39 (Edge: -0.1518 < 0.005)
[2026-06-07T07:23:07.828Z] [fair-value] Posting 1 maker-safe orders. Bids: UP=0.23 (EV=0.0082) DOWN=0.51 (EV=0.2518) settlementAnchor=62114.26 predictiveComposite=62080.57
[2026-06-07T07:23:07.990Z] [wallet] unlockBuy [btc-updown-5m-1780817100] BUY UP @ 0.39: +$1.95 | avail=$8.15
[2026-06-07T07:23:08.336Z] [fair-value] Posting 1 maker-safe orders. Bids: UP=0.22 (EV=0.0096) DOWN=0.51 (EV=0.2604) settlementAnchor=62114.26 predictiveComposite=62080.58
[2026-06-07T07:23:08.337Z] [fair-value] Posting 1 maker-safe orders. Bids: UP=0.22 (EV=0.0096) DOWN=0.51 (EV=0.2604) settlementAnchor=62114.26 predictiveComposite=62080.58
[2026-06-07T07:23:08.393Z] [fair-value] Posting 1 maker-safe orders. Bids: UP=0.3 (EV=0.0174) DOWN=0.51 (EV=0.1726) settlementAnchor=62114.26 predictiveComposite=62077.40
[2026-06-07T07:23:08.393Z] [fair-value] Posting 1 maker-safe orders. Bids: UP=0.3 (EV=0.0174) DOWN=0.51 (EV=0.1726) settlementAnchor=62114.26 predictiveComposite=62077.40
[2026-06-07T07:23:08.493Z] [fair-value] Posting 1 maker-safe orders. Bids: UP=0.3 (EV=0.0174) DOWN=0.51 (EV=0.1726) settlementAnchor=62114.26 predictiveComposite=62077.40
[2026-06-07T07:23:08.791Z] [fair-value] Posting 1 maker-safe orders. Bids: UP=0.3 (EV=0.0173) DOWN=0.51 (EV=0.1727) settlementAnchor=62114.26 predictiveComposite=62077.40
[2026-06-07T07:23:08.791Z] [fair-value] Posting 1 maker-safe orders. Bids: UP=0.3 (EV=0.0173) DOWN=0.51 (EV=0.1727) settlementAnchor=62114.26 predictiveComposite=62077.40
[2026-06-07T07:23:09.107Z] [fair-value] Posting 1 maker-safe orders. Bids: UP=0.3 (EV=0.0173) DOWN=0.51 (EV=0.1727) settlementAnchor=62114.26 predictiveComposite=62077.40
[2026-06-07T07:23:09.109Z] [fair-value] Posting 1 maker-safe orders. Bids: UP=0.3 (EV=0.0173) DOWN=0.51 (EV=0.1727) settlementAnchor=62114.26 predictiveComposite=62077.40
[2026-06-07T07:23:09.388Z] [fair-value] Posting 1 maker-safe orders. Bids: UP=0.3 (EV=0.0172) DOWN=0.51 (EV=0.1728) settlementAnchor=62114.26 predictiveComposite=62077.40
[2026-06-07T07:23:09.389Z] [fair-value] Posting 1 maker-safe orders. Bids: UP=0.3 (EV=0.0172) DOWN=0.51 (EV=0.1728) settlementAnchor=62114.26 predictiveComposite=62077.40
[2026-06-07T07:23:09.495Z] [fair-value] Posting 1 maker-safe orders. Bids: UP=0.3 (EV=0.0172) DOWN=0.51 (EV=0.1728) settlementAnchor=62114.26 predictiveComposite=62077.40
[2026-06-07T07:23:09.523Z] [fair-value] Posting 1 maker-safe orders. Bids: UP=0.3 (EV=0.0172) DOWN=0.51 (EV=0.1728) settlementAnchor=62114.26 predictiveComposite=62077.40
[2026-06-07T07:23:09.524Z] [fair-value] Posting 1 maker-safe orders. Bids: UP=0.3 (EV=0.0172) DOWN=0.51 (EV=0.1728) settlementAnchor=62114.26 predictiveComposite=62077.40
[2026-06-07T07:23:09.669Z] [fair-value] Posting 1 maker-safe orders. Bids: UP=0.3 (EV=0.0171) DOWN=0.51 (EV=0.1729) settlementAnchor=62114.26 predictiveComposite=62077.40
[2026-06-07T07:23:09.669Z] [fair-value] Posting 1 maker-safe orders. Bids: UP=0.3 (EV=0.0171) DOWN=0.51 (EV=0.1729) settlementAnchor=62114.26 predictiveComposite=62077.40
[2026-06-07T07:23:09.670Z] [fair-value] Posting 1 maker-safe orders. Bids: UP=0.29 (EV=0.0129) DOWN=0.51 (EV=0.1871) settlementAnchor=62114.26 predictiveComposite=62077.40
[2026-06-07T07:23:09.670Z] [fair-value] Posting 1 maker-safe orders. Bids: UP=0.29 (EV=0.0129) DOWN=0.51 (EV=0.1871) settlementAnchor=62114.26 predictiveComposite=62077.40
[2026-06-07T07:23:09.670Z] [fair-value] Posting 1 maker-safe orders. Bids: UP=0.29 (EV=0.0129) DOWN=0.51 (EV=0.1871) settlementAnchor=62114.26 predictiveComposite=62077.40
[2026-06-07T07:23:09.671Z] [fair-value] Posting 1 maker-safe orders. Bids: UP=0.29 (EV=0.0129) DOWN=0.51 (EV=0.1871) settlementAnchor=62114.26 predictiveComposite=62077.40
[2026-06-07T07:23:09.671Z] [fair-value] Posting 1 maker-safe orders. Bids: UP=0.29 (EV=0.0129) DOWN=0.51 (EV=0.1871) settlementAnchor=62114.26 predictiveComposite=62077.40
[2026-06-07T07:23:09.671Z] [fair-value] Posting 1 maker-safe orders. Bids: UP=0.29 (EV=0.0129) DOWN=0.51 (EV=0.1871) settlementAnchor=62114.26 predictiveComposite=62077.40
[2026-06-07T07:23:09.700Z] [fair-value] Posting 1 maker-safe orders. Bids: UP=0.29 (EV=0.0129) DOWN=0.51 (EV=0.1871) settlementAnchor=62114.26 predictiveComposite=62077.40
[2026-06-07T07:23:09.701Z] [fair-value] Posting 1 maker-safe orders. Bids: UP=0.29 (EV=0.0129) DOWN=0.51 (EV=0.1871) settlementAnchor=62114.26 predictiveComposite=62077.40
[2026-06-07T07:23:09.701Z] [fair-value] Posting 1 maker-safe orders. Bids: UP=0.29 (EV=0.0129) DOWN=0.51 (EV=0.1871) settlementAnchor=62114.26 predictiveComposite=62077.40
[2026-06-07T07:23:09.702Z] [fair-value] Posting 1 maker-safe orders. Bids: UP=0.29 (EV=0.0129) DOWN=0.51 (EV=0.1871) settlementAnchor=62114.26 predictiveComposite=62077.40
[2026-06-07T07:23:09.702Z] [fair-value] Posting 1 maker-safe orders. Bids: UP=0.29 (EV=0.0129) DOWN=0.51 (EV=0.1871) settlementAnchor=62114.26 predictiveComposite=62077.40
[2026-06-07T07:23:09.702Z] [fair-value] Posting 1 maker-safe orders. Bids: UP=0.29 (EV=0.0129) DOWN=0.51 (EV=0.1871) settlementAnchor=62114.26 predictiveComposite=62077.40
[2026-06-07T07:23:09.703Z] [fair-value] Posting 1 maker-safe orders. Bids: UP=0.29 (EV=0.0129) DOWN=0.51 (EV=0.1871) settlementAnchor=62114.26 predictiveComposite=62077.40
[2026-06-07T07:23:09.703Z] [fair-value] Posting 1 maker-safe orders. Bids: UP=0.29 (EV=0.0129) DOWN=0.51 (EV=0.1871) settlementAnchor=62114.26 predictiveComposite=62077.40
[2026-06-07T07:23:09.704Z] [fair-value] Posting 1 maker-safe orders. Bids: UP=0.29 (EV=0.0130) DOWN=0.51 (EV=0.1870) settlementAnchor=62114.26 predictiveComposite=62077.41
[2026-06-07T07:23:09.704Z] [fair-value] Posting 1 maker-safe orders. Bids: UP=0.29 (EV=0.0130) DOWN=0.51 (EV=0.1870) settlementAnchor=62114.26 predictiveComposite=62077.41
[2026-06-07T07:23:09.705Z] [fair-value] Posting 1 maker-safe orders. Bids: UP=0.32 (EV=0.0173) DOWN=0.51 (EV=0.1527) settlementAnchor=62114.26 predictiveComposite=62077.74
[2026-06-07T07:23:09.705Z] [fair-value] Posting 1 maker-safe orders. Bids: UP=0.32 (EV=0.0173) DOWN=0.51 (EV=0.1527) settlementAnchor=62114.26 predictiveComposite=62077.74
[2026-06-07T07:23:09.706Z] [fair-value] Posting 1 maker-safe orders. Bids: UP=0.31 (EV=0.0139) DOWN=0.51 (EV=0.1661) settlementAnchor=62114.26 predictiveComposite=62077.74
[2026-06-07T07:23:09.707Z] [fair-value] Posting 1 maker-safe orders. Bids: UP=0.31 (EV=0.0139) DOWN=0.51 (EV=0.1661) settlementAnchor=62114.26 predictiveComposite=62077.74
[2026-06-07T07:23:09.921Z] [wallet] buyFill(0xb0a135fe6274d09427f2c5a8604f979601c14fa720f40d82cae74c91fdaa9a84): balance=$8.15, 59550341... shares: 10.05 + 5 = 15.05
[2026-06-07T07:23:10.298Z] [fair-value] Posting 2 maker-safe orders. Bids: UP=0.31 (EV=0.0140) DOWN=0.51 (EV=0.1660) settlementAnchor=62114.26 predictiveComposite=62077.40
[2026-06-07T07:23:10.300Z] [fair-value] Posting 1 maker-safe orders. Bids: UP=0.31 (EV=0.0140) DOWN=0.51 (EV=0.1660) settlementAnchor=62114.26 predictiveComposite=62077.40
[2026-06-07T07:23:10.644Z] [wallet] lockBuy [btc-updown-5m-1780817100] BUY UP @ 0.31: -$1.55 | avail=$6.60
[2026-06-07T07:23:10.658Z] [wallet] lockBuy [btc-updown-5m-1780817100] BUY DOWN @ 0.51: -$2.55 | avail=$4.05
[2026-06-07T07:23:11.392Z] [fair-value] Canceling stale UP quote: 0.31 (Edge: -0.0830 < 0.005)
[2026-06-07T07:23:11.393Z] [fair-value] Posting 1 maker-safe orders. Bids: UP=0.22 (EV=0.0070) DOWN=0.51 (EV=0.2630) settlementAnchor=62114.26 predictiveComposite=62077.40
[2026-06-07T07:23:11.393Z] [btc-updown-5m-1780817100] Live placement gated: waiting for 1 cancel(s) to confirm
[2026-06-07T07:23:11.393Z] [fair-value] Canceling stale UP quote: 0.31 (Edge: -0.0830 < 0.005)
[2026-06-07T07:23:11.393Z] [fair-value] Posting 1 maker-safe orders. Bids: UP=0.22 (EV=0.0070) DOWN=0.51 (EV=0.2630) settlementAnchor=62114.26 predictiveComposite=62077.40
[2026-06-07T07:23:11.506Z] [fair-value] Canceling stale UP quote: 0.31 (Edge: -0.0830 < 0.005)
[2026-06-07T07:23:11.506Z] [fair-value] Posting 1 maker-safe orders. Bids: UP=0.22 (EV=0.0070) DOWN=0.51 (EV=0.2630) settlementAnchor=62114.26 predictiveComposite=62077.40
[2026-06-07T07:23:11.533Z] [fair-value] Canceling stale UP quote: 0.31 (Edge: -0.0830 < 0.005)
[2026-06-07T07:23:11.533Z] [fair-value] Posting 1 maker-safe orders. Bids: UP=0.22 (EV=0.0070) DOWN=0.51 (EV=0.2630) settlementAnchor=62114.26 predictiveComposite=62077.40
[2026-06-07T07:23:11.533Z] [fair-value] Canceling stale UP quote: 0.31 (Edge: -0.0830 < 0.005)
[2026-06-07T07:23:11.534Z] [fair-value] Posting 1 maker-safe orders. Bids: UP=0.22 (EV=0.0070) DOWN=0.51 (EV=0.2630) settlementAnchor=62114.26 predictiveComposite=62077.40
[2026-06-07T07:23:11.543Z] [wallet] unlockBuy [btc-updown-5m-1780817100] BUY UP @ 0.31: +$1.55 | avail=$5.60
[2026-06-07T07:23:12.385Z] [fair-value] Posting 1 maker-safe orders. Bids: UP=0.22 (EV=0.0067) DOWN=0.51 (EV=0.2633) settlementAnchor=62114.26 predictiveComposite=62077.40
[2026-06-07T07:23:12.386Z] [fair-value] Posting 1 maker-safe orders. Bids: UP=0.22 (EV=0.0067) DOWN=0.51 (EV=0.2633) settlementAnchor=62114.26 predictiveComposite=62077.40
[2026-06-07T07:23:12.504Z] [fair-value] Posting 1 maker-safe orders. Bids: UP=0.22 (EV=0.0067) DOWN=0.51 (EV=0.2633) settlementAnchor=62114.26 predictiveComposite=62077.40
[2026-06-07T07:23:12.576Z] [fair-value] Posting 1 maker-safe orders. Bids: UP=0.22 (EV=0.0067) DOWN=0.51 (EV=0.2633) settlementAnchor=62114.26 predictiveComposite=62077.40
[2026-06-07T07:23:12.577Z] [fair-value] Posting 1 maker-safe orders. Bids: UP=0.22 (EV=0.0067) DOWN=0.51 (EV=0.2633) settlementAnchor=62114.26 predictiveComposite=62077.40
[2026-06-07T07:23:12.769Z] [fair-value] Posting 1 maker-safe orders. Bids: UP=0.22 (EV=0.0066) DOWN=0.51 (EV=0.2634) settlementAnchor=62114.26 predictiveComposite=62077.40
[2026-06-07T07:23:12.770Z] [fair-value] Posting 1 maker-safe orders. Bids: UP=0.22 (EV=0.0066) DOWN=0.51 (EV=0.2634) settlementAnchor=62114.26 predictiveComposite=62077.40
[2026-06-07T07:23:12.771Z] [fair-value] Posting 1 maker-safe orders. Bids: UP=0.22 (EV=0.0066) DOWN=0.51 (EV=0.2634) settlementAnchor=62114.26 predictiveComposite=62077.40
[2026-06-07T07:23:12.772Z] [fair-value] Posting 1 maker-safe orders. Bids: UP=0.22 (EV=0.0066) DOWN=0.51 (EV=0.2634) settlementAnchor=62114.26 predictiveComposite=62077.40
[2026-06-07T07:23:12.773Z] [fair-value] Posting 1 maker-safe orders. Bids: UP=0.22 (EV=0.0067) DOWN=0.51 (EV=0.2633) settlementAnchor=62114.26 predictiveComposite=62077.41
[2026-06-07T07:23:12.774Z] [fair-value] Posting 1 maker-safe orders. Bids: UP=0.22 (EV=0.0067) DOWN=0.51 (EV=0.2633) settlementAnchor=62114.26 predictiveComposite=62077.41
[2026-06-07T07:23:12.774Z] [fair-value] Posting 1 maker-safe orders. Bids: UP=0.22 (EV=0.0067) DOWN=0.51 (EV=0.2633) settlementAnchor=62114.26 predictiveComposite=62077.41
[2026-06-07T07:23:12.775Z] [fair-value] Posting 1 maker-safe orders. Bids: UP=0.22 (EV=0.0067) DOWN=0.51 (EV=0.2633) settlementAnchor=62114.26 predictiveComposite=62077.41
[2026-06-07T07:23:12.775Z] [fair-value] Posting 1 maker-safe orders. Bids: UP=0.22 (EV=0.0067) DOWN=0.51 (EV=0.2633) settlementAnchor=62114.26 predictiveComposite=62077.41
[2026-06-07T07:23:12.776Z] [fair-value] Posting 1 maker-safe orders. Bids: UP=0.22 (EV=0.0067) DOWN=0.51 (EV=0.2633) settlementAnchor=62114.26 predictiveComposite=62077.41
[2026-06-07T07:23:12.779Z] [fair-value] Posting 1 maker-safe orders. Bids: UP=0.22 (EV=0.0067) DOWN=0.51 (EV=0.2633) settlementAnchor=62114.26 predictiveComposite=62077.41
[2026-06-07T07:23:12.780Z] [fair-value] Posting 1 maker-safe orders. Bids: UP=0.22 (EV=0.0067) DOWN=0.51 (EV=0.2633) settlementAnchor=62114.26 predictiveComposite=62077.41
[2026-06-07T07:23:12.780Z] [fair-value] Posting 1 maker-safe orders. Bids: UP=0.22 (EV=0.0067) DOWN=0.51 (EV=0.2633) settlementAnchor=62114.26 predictiveComposite=62077.41
[2026-06-07T07:23:12.781Z] [fair-value] Posting 1 maker-safe orders. Bids: UP=0.22 (EV=0.0067) DOWN=0.51 (EV=0.2633) settlementAnchor=62114.26 predictiveComposite=62077.41
[2026-06-07T07:23:12.781Z] [fair-value] Posting 1 maker-safe orders. Bids: UP=0.22 (EV=0.0067) DOWN=0.51 (EV=0.2633) settlementAnchor=62114.26 predictiveComposite=62077.41
[2026-06-07T07:23:12.781Z] [fair-value] Posting 1 maker-safe orders. Bids: UP=0.22 (EV=0.0067) DOWN=0.51 (EV=0.2633) settlementAnchor=62114.26 predictiveComposite=62077.41
[2026-06-07T07:23:12.928Z] [wallet] buyFill(0xe0bda1711f6cfe1d423c4d86f74513a1ac03c4a3018d12beac6d200a34a44ac9): balance=$5.60, 59550341... shares: 15.05 + 5 = 20.05
[2026-06-07T07:23:12.931Z] [fair-value] Posting 2 maker-safe orders. Bids: UP=0.22 (EV=0.0140) DOWN=0.51 (EV=0.2560) settlementAnchor=62114.26 predictiveComposite=62077.92
[2026-06-07T07:23:12.933Z] [fair-value] Posting 1 maker-safe orders. Bids: UP=0.22 (EV=0.0140) DOWN=0.51 (EV=0.2560) settlementAnchor=62114.26 predictiveComposite=62077.92
[2026-06-07T07:23:13.289Z] [wallet] lockBuy [btc-updown-5m-1780817100] BUY UP @ 0.22: -$1.10 | avail=$4.50
[2026-06-07T07:23:13.290Z] [wallet] lockBuy [btc-updown-5m-1780817100] BUY DOWN @ 0.51: -$2.55 | avail=$1.95
[2026-06-07T07:23:13.406Z] [fair-value] Canceling stale UP quote: 0.22 (Edge: -0.1412 < 0.005)
[2026-06-07T07:23:13.407Z] [fair-value] Posting 1 maker-safe orders. Bids: UP=0.07 (EV=0.0088) DOWN=0.51 (EV=0.4112) settlementAnchor=62114.26 predictiveComposite=62081.58
[2026-06-07T07:23:13.407Z] [btc-updown-5m-1780817100] Live placement gated: waiting for 1 cancel(s) to confirm
[2026-06-07T07:23:13.407Z] [fair-value] Canceling stale UP quote: 0.22 (Edge: -0.1412 < 0.005)
[2026-06-07T07:23:13.407Z] [fair-value] Posting 1 maker-safe orders. Bids: UP=0.07 (EV=0.0088) DOWN=0.51 (EV=0.4112) settlementAnchor=62114.26 predictiveComposite=62081.58
[2026-06-07T07:23:13.459Z] [fair-value] Canceling stale UP quote: 0.22 (Edge: -0.0854 < 0.005)
[2026-06-07T07:23:13.460Z] [fair-value] Posting 1 maker-safe orders. Bids: UP=0.12 (EV=0.0146) DOWN=0.51 (EV=0.3554) settlementAnchor=62114.26 predictiveComposite=62082.44
[2026-06-07T07:23:13.460Z] [fair-value] Canceling stale UP quote: 0.22 (Edge: -0.0854 < 0.005)
[2026-06-07T07:23:13.460Z] [fair-value] Posting 1 maker-safe orders. Bids: UP=0.12 (EV=0.0146) DOWN=0.51 (EV=0.3554) settlementAnchor=62114.26 predictiveComposite=62082.44
[2026-06-07T07:23:13.523Z] [fair-value] Canceling stale UP quote: 0.22 (Edge: -0.0854 < 0.005)
[2026-06-07T07:23:13.524Z] [fair-value] Posting 1 maker-safe orders. Bids: UP=0.12 (EV=0.0146) DOWN=0.51 (EV=0.3554) settlementAnchor=62114.26 predictiveComposite=62082.44
[2026-06-07T07:23:13.619Z] [fair-value] Canceling stale UP quote: 0.22 (Edge: -0.0855 < 0.005)
[2026-06-07T07:23:13.620Z] [fair-value] Posting 1 maker-safe orders. Bids: UP=0.12 (EV=0.0145) DOWN=0.51 (EV=0.3555) settlementAnchor=62114.26 predictiveComposite=62082.44
[2026-06-07T07:23:13.620Z] [fair-value] Canceling stale UP quote: 0.22 (Edge: -0.0855 < 0.005)
[2026-06-07T07:23:13.621Z] [fair-value] Posting 1 maker-safe orders. Bids: UP=0.12 (EV=0.0145) DOWN=0.51 (EV=0.3555) settlementAnchor=62114.26 predictiveComposite=62082.44
[2026-06-07T07:23:13.754Z] [wallet] unlockBuy [btc-updown-5m-1780817100] BUY UP @ 0.22: +$1.10 | avail=$3.05
[2026-06-07T07:23:14.022Z] [fair-value] Posting 1 maker-safe orders. Bids: UP=0.12 (EV=0.0144) DOWN=0.51 (EV=0.3556) settlementAnchor=62114.26 predictiveComposite=62082.44
[2026-06-07T07:23:14.023Z] [fair-value] Posting 1 maker-safe orders. Bids: UP=0.12 (EV=0.0144) DOWN=0.51 (EV=0.3556) settlementAnchor=62114.26 predictiveComposite=62082.44
[2026-06-07T07:23:14.390Z] [fair-value] Posting 1 maker-safe orders. Bids: UP=0.12 (EV=0.0143) DOWN=0.51 (EV=0.3557) settlementAnchor=62114.26 predictiveComposite=62082.44
[2026-06-07T07:23:14.391Z] [fair-value] Posting 1 maker-safe orders. Bids: UP=0.12 (EV=0.0143) DOWN=0.51 (EV=0.3557) settlementAnchor=62114.26 predictiveComposite=62082.44
[2026-06-07T07:23:14.525Z] [fair-value] Posting 1 maker-safe orders. Bids: UP=0.12 (EV=0.0143) DOWN=0.51 (EV=0.3557) settlementAnchor=62114.26 predictiveComposite=62082.44
[2026-06-07T07:23:14.640Z] [fair-value] Posting 1 maker-safe orders. Bids: UP=0.12 (EV=0.0143) DOWN=0.51 (EV=0.3557) settlementAnchor=62114.26 predictiveComposite=62082.44
[2026-06-07T07:23:14.640Z] [fair-value] Posting 1 maker-safe orders. Bids: UP=0.12 (EV=0.0143) DOWN=0.51 (EV=0.3557) settlementAnchor=62114.26 predictiveComposite=62082.44
[2026-06-07T07:23:14.808Z] [fair-value] Posting 1 maker-safe orders. Bids: UP=0.12 (EV=0.0142) DOWN=0.51 (EV=0.3558) settlementAnchor=62114.26 predictiveComposite=62082.44
[2026-06-07T07:23:14.809Z] [fair-value] Posting 1 maker-safe orders. Bids: UP=0.12 (EV=0.0142) DOWN=0.51 (EV=0.3558) settlementAnchor=62114.26 predictiveComposite=62082.44
[2026-06-07T07:23:15.385Z] [fair-value] Posting 1 maker-safe orders. Bids: UP=0.12 (EV=0.0140) DOWN=0.51 (EV=0.3560) settlementAnchor=62114.26 predictiveComposite=62082.44
[2026-06-07T07:23:15.386Z] [fair-value] Posting 1 maker-safe orders. Bids: UP=0.12 (EV=0.0140) DOWN=0.51 (EV=0.3560) settlementAnchor=62114.26 predictiveComposite=62082.44
[2026-06-07T07:23:15.534Z] [fair-value] Posting 1 maker-safe orders. Bids: UP=0.12 (EV=0.0140) DOWN=0.51 (EV=0.3560) settlementAnchor=62114.26 predictiveComposite=62082.44
[2026-06-07T07:23:15.812Z] [wallet] buyFill(0x8caa26eab401372b60a2d55c0b8e73113b8bbedca0452cefc237c354d9315dce): balance=$3.05, 59550341... shares: 20.05 + 5 = 25.05
[2026-06-07T07:23:16.004Z] [fair-value] Suppressing DOWN quote: insufficient cash price=0.51 shares=5 available=$2.3966
[2026-06-07T07:23:16.004Z] [fair-value] Posting 1 maker-safe orders. Bids: UP=0.13 (EV=0.0064) DOWN=0.51 (EV=0.3536) settlementAnchor=62114.26 predictiveComposite=62082.44
[2026-06-07T07:23:16.358Z] [wallet] lockBuy [btc-updown-5m-1780817100] BUY UP @ 0.13: -$0.65 | avail=$2.40
[2026-06-07T07:23:16.408Z] [fair-value] Posting 1 maker-safe orders. Bids: UP=0.13 (EV=0.0063) DOWN=0.51 (EV=0.3537) settlementAnchor=62114.26 predictiveComposite=62082.44
[2026-06-07T07:23:16.409Z] [fair-value] Posting 1 maker-safe orders. Bids: UP=0.13 (EV=0.0063) DOWN=0.51 (EV=0.3537) settlementAnchor=62114.26 predictiveComposite=62082.44
[2026-06-07T07:23:16.537Z] [fair-value] Posting 1 maker-safe orders. Bids: UP=0.13 (EV=0.0062) DOWN=0.51 (EV=0.3538) settlementAnchor=62114.26 predictiveComposite=62082.44
[2026-06-07T07:23:17.019Z] [fair-value] Posting 1 maker-safe orders. Bids: UP=0.13 (EV=0.0060) DOWN=0.51 (EV=0.3540) settlementAnchor=62114.26 predictiveComposite=62082.44
[2026-06-07T07:23:17.020Z] [fair-value] Posting 1 maker-safe orders. Bids: UP=0.13 (EV=0.0060) DOWN=0.51 (EV=0.3540) settlementAnchor=62114.26 predictiveComposite=62082.44
[2026-06-07T07:23:17.335Z] [fair-value] Posting 1 maker-safe orders. Bids: UP=0.13 (EV=0.0060) DOWN=0.51 (EV=0.3540) settlementAnchor=62114.26 predictiveComposite=62082.44
[2026-06-07T07:23:17.336Z] [fair-value] Posting 1 maker-safe orders. Bids: UP=0.13 (EV=0.0060) DOWN=0.51 (EV=0.3540) settlementAnchor=62114.26 predictiveComposite=62082.44
[2026-06-07T07:23:17.336Z] [fair-value] Posting 1 maker-safe orders. Bids: UP=0.13 (EV=0.0059) DOWN=0.51 (EV=0.3541) settlementAnchor=62114.26 predictiveComposite=62082.44
[2026-06-07T07:23:17.337Z] [fair-value] Posting 1 maker-safe orders. Bids: UP=0.13 (EV=0.0059) DOWN=0.51 (EV=0.3541) settlementAnchor=62114.26 predictiveComposite=62082.44
[2026-06-07T07:23:17.337Z] [fair-value] Posting 1 maker-safe orders. Bids: UP=0.13 (EV=0.0059) DOWN=0.51 (EV=0.3541) settlementAnchor=62114.26 predictiveComposite=62082.44
[2026-06-07T07:23:17.338Z] [fair-value] Posting 1 maker-safe orders. Bids: UP=0.13 (EV=0.0059) DOWN=0.51 (EV=0.3541) settlementAnchor=62114.26 predictiveComposite=62082.44
[2026-06-07T07:23:17.338Z] [fair-value] Posting 1 maker-safe orders. Bids: UP=0.13 (EV=0.0059) DOWN=0.51 (EV=0.3541) settlementAnchor=62114.26 predictiveComposite=62082.44
[2026-06-07T07:23:17.339Z] [fair-value] Posting 1 maker-safe orders. Bids: UP=0.13 (EV=0.0059) DOWN=0.51 (EV=0.3541) settlementAnchor=62114.26 predictiveComposite=62082.44
[2026-06-07T07:23:17.339Z] [fair-value] Posting 1 maker-safe orders. Bids: UP=0.13 (EV=0.0059) DOWN=0.51 (EV=0.3541) settlementAnchor=62114.26 predictiveComposite=62082.44
[2026-06-07T07:23:17.340Z] [fair-value] Posting 1 maker-safe orders. Bids: UP=0.13 (EV=0.0059) DOWN=0.51 (EV=0.3541) settlementAnchor=62114.26 predictiveComposite=62082.44
[2026-06-07T07:23:17.340Z] [fair-value] Canceling stale UP quote: 0.13 (Edge: 0.0005 < 0.005)
[2026-06-07T07:23:17.340Z] [fair-value] Posting 1 maker-safe orders. Bids: UP=0.12 (EV=0.0105) DOWN=0.51 (EV=0.3595) settlementAnchor=62114.26 predictiveComposite=62082.44
[2026-06-07T07:23:17.340Z] [btc-updown-5m-1780817100] Live placement gated: waiting for 1 cancel(s) to confirm
[2026-06-07T07:23:17.340Z] [fair-value] Canceling stale UP quote: 0.13 (Edge: 0.0005 < 0.005)
[2026-06-07T07:23:17.341Z] [fair-value] Posting 1 maker-safe orders. Bids: UP=0.12 (EV=0.0105) DOWN=0.51 (EV=0.3595) settlementAnchor=62114.26 predictiveComposite=62082.44
[2026-06-07T07:23:17.341Z] [fair-value] Canceling stale UP quote: 0.13 (Edge: 0.0005 < 0.005)
[2026-06-07T07:23:17.341Z] [fair-value] Posting 1 maker-safe orders. Bids: UP=0.12 (EV=0.0105) DOWN=0.51 (EV=0.3595) settlementAnchor=62114.26 predictiveComposite=62082.43
[2026-06-07T07:23:17.342Z] [fair-value] Canceling stale UP quote: 0.13 (Edge: 0.0005 < 0.005)
[2026-06-07T07:23:17.342Z] [fair-value] Posting 1 maker-safe orders. Bids: UP=0.12 (EV=0.0105) DOWN=0.51 (EV=0.3595) settlementAnchor=62114.26 predictiveComposite=62082.43
[2026-06-07T07:23:17.342Z] [fair-value] Replacing UP quote: 0.13 -> 0.25 (P=0.248)
[2026-06-07T07:23:17.342Z] [fair-value] Posting 1 maker-safe orders. Bids: UP=0.25 (EV=0.0104) DOWN=0.51 (EV=0.2296) settlementAnchor=62114.26 predictiveComposite=62082.16
[2026-06-07T07:23:17.343Z] [fair-value] Replacing UP quote: 0.13 -> 0.25 (P=0.248)
[2026-06-07T07:23:17.343Z] [fair-value] Posting 1 maker-safe orders. Bids: UP=0.25 (EV=0.0104) DOWN=0.51 (EV=0.2296) settlementAnchor=62114.26 predictiveComposite=62082.16
[2026-06-07T07:23:17.391Z] [fair-value] Replacing UP quote: 0.13 -> 0.22 (P=0.223)
[2026-06-07T07:23:17.391Z] [fair-value] Posting 1 maker-safe orders. Bids: UP=0.22 (EV=0.0159) DOWN=0.51 (EV=0.2541) settlementAnchor=62114.26 predictiveComposite=62082.16
[2026-06-07T07:23:17.392Z] [fair-value] Replacing UP quote: 0.13 -> 0.22 (P=0.223)
[2026-06-07T07:23:17.392Z] [fair-value] Posting 1 maker-safe orders. Bids: UP=0.22 (EV=0.0159) DOWN=0.51 (EV=0.2541) settlementAnchor=62114.26 predictiveComposite=62082.16
[2026-06-07T07:23:17.503Z] [fair-value] Replacing UP quote: 0.13 -> 0.21 (P=0.212)
[2026-06-07T07:23:17.503Z] [fair-value] Posting 1 maker-safe orders. Bids: UP=0.21 (EV=0.0143) DOWN=0.51 (EV=0.2657) settlementAnchor=62114.26 predictiveComposite=62081.04
[2026-06-07T07:23:17.504Z] [fair-value] Replacing UP quote: 0.13 -> 0.21 (P=0.212)
[2026-06-07T07:23:17.504Z] [fair-value] Posting 1 maker-safe orders. Bids: UP=0.21 (EV=0.0143) DOWN=0.51 (EV=0.2657) settlementAnchor=62114.26 predictiveComposite=62081.04
[2026-06-07T07:23:17.543Z] [fair-value] Replacing UP quote: 0.13 -> 0.21 (P=0.212)
[2026-06-07T07:23:17.543Z] [fair-value] Posting 1 maker-safe orders. Bids: UP=0.21 (EV=0.0143) DOWN=0.51 (EV=0.2657) settlementAnchor=62114.26 predictiveComposite=62081.04
[2026-06-07T07:23:17.670Z] [wallet] unlockBuy [btc-updown-5m-1780817100] BUY UP @ 0.13: +$0.65 | avail=$3.05
[2026-06-07T07:23:17.903Z] [fair-value] Posting 1 maker-safe orders. Bids: UP=0.22 (EV=0.0089) DOWN=0.51 (EV=0.2611) settlementAnchor=62114.26 predictiveComposite=62081.57
[2026-06-07T07:23:18.235Z] [wallet] lockBuy [btc-updown-5m-1780817100] BUY UP @ 0.22: -$1.10 | avail=$1.95
[2026-06-07T07:23:18.328Z] [fair-value] Posting 1 maker-safe orders. Bids: UP=0.22 (EV=0.0077) DOWN=0.51 (EV=0.2623) settlementAnchor=62114.26 predictiveComposite=62081.37
[2026-06-07T07:23:18.329Z] [fair-value] Posting 1 maker-safe orders. Bids: UP=0.22 (EV=0.0077) DOWN=0.51 (EV=0.2623) settlementAnchor=62114.26 predictiveComposite=62081.37
[2026-06-07T07:23:18.393Z] [fair-value] Posting 1 maker-safe orders. Bids: UP=0.22 (EV=0.0077) DOWN=0.51 (EV=0.2623) settlementAnchor=62114.26 predictiveComposite=62081.37
[2026-06-07T07:23:18.394Z] [fair-value] Posting 1 maker-safe orders. Bids: UP=0.22 (EV=0.0077) DOWN=0.51 (EV=0.2623) settlementAnchor=62114.26 predictiveComposite=62081.37
[2026-06-07T07:23:18.512Z] [fair-value] Posting 1 maker-safe orders. Bids: UP=0.22 (EV=0.0076) DOWN=0.51 (EV=0.2624) settlementAnchor=62114.26 predictiveComposite=62081.37
[2026-06-07T07:23:18.512Z] [fair-value] Posting 1 maker-safe orders. Bids: UP=0.22 (EV=0.0076) DOWN=0.51 (EV=0.2624) settlementAnchor=62114.26 predictiveComposite=62081.37
[2026-06-07T07:23:18.549Z] [fair-value] Posting 1 maker-safe orders. Bids: UP=0.22 (EV=0.0076) DOWN=0.51 (EV=0.2624) settlementAnchor=62114.26 predictiveComposite=62081.37
[2026-06-07T07:23:19.112Z] [fair-value] Posting 1 maker-safe orders. Bids: UP=0.23 (EV=0.0075) DOWN=0.51 (EV=0.2525) settlementAnchor=62114.26 predictiveComposite=62082.44
[2026-06-07T07:23:19.113Z] [fair-value] Posting 1 maker-safe orders. Bids: UP=0.23 (EV=0.0075) DOWN=0.51 (EV=0.2525) settlementAnchor=62114.26 predictiveComposite=62082.44
[2026-06-07T07:23:19.385Z] [fair-value] Posting 1 maker-safe orders. Bids: UP=0.23 (EV=0.0074) DOWN=0.51 (EV=0.2526) settlementAnchor=62114.26 predictiveComposite=62082.44
[2026-06-07T07:23:19.386Z] [fair-value] Posting 1 maker-safe orders. Bids: UP=0.23 (EV=0.0074) DOWN=0.51 (EV=0.2526) settlementAnchor=62114.26 predictiveComposite=62082.44
[2026-06-07T07:23:19.566Z] [fair-value] Posting 1 maker-safe orders. Bids: UP=0.23 (EV=0.0074) DOWN=0.51 (EV=0.2526) settlementAnchor=62114.26 predictiveComposite=62082.44
[2026-06-07T07:23:19.706Z] [fair-value] Posting 1 maker-safe orders. Bids: UP=0.23 (EV=0.0073) DOWN=0.51 (EV=0.2527) settlementAnchor=62114.26 predictiveComposite=62082.44
[2026-06-07T07:23:19.706Z] [fair-value] Posting 1 maker-safe orders. Bids: UP=0.23 (EV=0.0073) DOWN=0.51 (EV=0.2527) settlementAnchor=62114.26 predictiveComposite=62082.44
[2026-06-07T07:23:19.707Z] [fair-value] Posting 1 maker-safe orders. Bids: UP=0.23 (EV=0.0073) DOWN=0.51 (EV=0.2527) settlementAnchor=62114.26 predictiveComposite=62082.44
[2026-06-07T07:23:19.707Z] [fair-value] Posting 1 maker-safe orders. Bids: UP=0.23 (EV=0.0073) DOWN=0.51 (EV=0.2527) settlementAnchor=62114.26 predictiveComposite=62082.44
[2026-06-07T07:23:19.877Z] [fair-value] Posting 1 maker-safe orders. Bids: UP=0.22 (EV=0.0160) DOWN=0.51 (EV=0.2540) settlementAnchor=62114.26 predictiveComposite=62082.21
[2026-06-07T07:23:19.877Z] [fair-value] Posting 1 maker-safe orders. Bids: UP=0.22 (EV=0.0160) DOWN=0.51 (EV=0.2540) settlementAnchor=62114.26 predictiveComposite=62082.21
[2026-06-07T07:23:19.878Z] [fair-value] Posting 1 maker-safe orders. Bids: UP=0.22 (EV=0.0160) DOWN=0.51 (EV=0.2540) settlementAnchor=62114.26 predictiveComposite=62082.21
[2026-06-07T07:23:19.878Z] [fair-value] Posting 1 maker-safe orders. Bids: UP=0.22 (EV=0.0160) DOWN=0.51 (EV=0.2540) settlementAnchor=62114.26 predictiveComposite=62082.21
[2026-06-07T07:23:19.879Z] [fair-value] Posting 1 maker-safe orders. Bids: UP=0.22 (EV=0.0160) DOWN=0.51 (EV=0.2540) settlementAnchor=62114.26 predictiveComposite=62082.21
[2026-06-07T07:23:19.879Z] [fair-value] Posting 1 maker-safe orders. Bids: UP=0.22 (EV=0.0160) DOWN=0.51 (EV=0.2540) settlementAnchor=62114.26 predictiveComposite=62082.21
[2026-06-07T07:23:20.275Z] [fair-value] Posting 1 maker-safe orders. Bids: UP=0.22 (EV=0.0123) DOWN=0.51 (EV=0.2577) settlementAnchor=62114.26 predictiveComposite=62081.37
[2026-06-07T07:23:20.276Z] [fair-value] Posting 1 maker-safe orders. Bids: UP=0.22 (EV=0.0123) DOWN=0.51 (EV=0.2577) settlementAnchor=62114.26 predictiveComposite=62081.37
[2026-06-07T07:23:20.390Z] [fair-value] Posting 1 maker-safe orders. Bids: UP=0.22 (EV=0.0122) DOWN=0.51 (EV=0.2578) settlementAnchor=62114.26 predictiveComposite=62081.37
[2026-06-07T07:23:20.391Z] [fair-value] Posting 1 maker-safe orders. Bids: UP=0.22 (EV=0.0122) DOWN=0.51 (EV=0.2578) settlementAnchor=62114.26 predictiveComposite=62081.37
[2026-06-07T07:23:20.443Z] [fair-value] Posting 1 maker-safe orders. Bids: UP=0.22 (EV=0.0122) DOWN=0.51 (EV=0.2578) settlementAnchor=62114.26 predictiveComposite=62081.36
[2026-06-07T07:23:20.444Z] [fair-value] Posting 1 maker-safe orders. Bids: UP=0.22 (EV=0.0122) DOWN=0.51 (EV=0.2578) settlementAnchor=62114.26 predictiveComposite=62081.36
[2026-06-07T07:23:20.566Z] [fair-value] Posting 1 maker-safe orders. Bids: UP=0.22 (EV=0.0121) DOWN=0.51 (EV=0.2579) settlementAnchor=62114.26 predictiveComposite=62081.36
[2026-06-07T07:23:20.620Z] [fair-value] Posting 1 maker-safe orders. Bids: UP=0.22 (EV=0.0121) DOWN=0.51 (EV=0.2579) settlementAnchor=62114.26 predictiveComposite=62081.36
[2026-06-07T07:23:20.621Z] [fair-value] Posting 1 maker-safe orders. Bids: UP=0.22 (EV=0.0121) DOWN=0.51 (EV=0.2579) settlementAnchor=62114.26 predictiveComposite=62081.36
[2026-06-07T07:23:20.621Z] [fair-value] Canceling stale UP quote: 0.22 (Edge: -0.1744 < 0.005)
[2026-06-07T07:23:20.621Z] [fair-value] Posting 2 maker-safe orders. Bids: UP=0.04 (EV=0.0056) DOWN=0.51 (EV=0.4444) settlementAnchor=62114.26 predictiveComposite=62081.36
[2026-06-07T07:23:20.621Z] [btc-updown-5m-1780817100] Live placement gated: waiting for 1 cancel(s) to confirm
[2026-06-07T07:23:20.622Z] [fair-value] Canceling stale UP quote: 0.22 (Edge: -0.1744 < 0.005)
[2026-06-07T07:23:20.622Z] [fair-value] Posting 2 maker-safe orders. Bids: UP=0.04 (EV=0.0056) DOWN=0.51 (EV=0.4444) settlementAnchor=62114.26 predictiveComposite=62081.36
[2026-06-07T07:23:20.622Z] [fair-value] Canceling stale UP quote: 0.22 (Edge: -0.1744 < 0.005)
[2026-06-07T07:23:20.622Z] [fair-value] Posting 2 maker-safe orders. Bids: UP=0.04 (EV=0.0056) DOWN=0.51 (EV=0.4444) settlementAnchor=62114.26 predictiveComposite=62081.36
[2026-06-07T07:23:20.623Z] [fair-value] Canceling stale UP quote: 0.22 (Edge: -0.1744 < 0.005)
[2026-06-07T07:23:20.623Z] [fair-value] Posting 2 maker-safe orders. Bids: UP=0.04 (EV=0.0056) DOWN=0.51 (EV=0.4444) settlementAnchor=62114.26 predictiveComposite=62081.36
[2026-06-07T07:23:20.804Z] [fair-value] Canceling stale UP quote: 0.22 (Edge: -0.2070 < 0.005)
[2026-06-07T07:23:20.804Z] [fair-value] Posting 1 maker-safe orders. Bids: UP=0 (EV=0.0130) DOWN=0.51 (EV=0.4770) settlementAnchor=62114.26 predictiveComposite=62081.37
[2026-06-07T07:23:20.805Z] [fair-value] Canceling stale UP quote: 0.22 (Edge: -0.2070 < 0.005)
[2026-06-07T07:23:20.805Z] [fair-value] Posting 1 maker-safe orders. Bids: UP=0 (EV=0.0130) DOWN=0.51 (EV=0.4770) settlementAnchor=62114.26 predictiveComposite=62081.37
[2026-06-07T07:23:20.965Z] [wallet] unlockBuy [btc-updown-5m-1780817100] BUY UP @ 0.22: +$1.10 | avail=$3.05
[2026-06-07T07:23:21.388Z] [fair-value] Posting 2 maker-safe orders. Bids: UP=0.04 (EV=0.0132) DOWN=0.51 (EV=0.4368) settlementAnchor=62114.26 predictiveComposite=62078.19
[2026-06-07T07:23:21.389Z] [fair-value] Posting 1 maker-safe orders. Bids: UP=0.04 (EV=0.0132) DOWN=0.51 (EV=0.4368) settlementAnchor=62114.26 predictiveComposite=62078.19
[2026-06-07T07:23:21.731Z] [wallet] lockBuy [btc-updown-5m-1780817100] BUY DOWN @ 0.51: -$2.55 | avail=$0.50
[2026-06-07T07:23:21.749Z] [wallet] lockBuy [btc-updown-5m-1780817100] BUY UP @ 0.04: -$0.30 | avail=$0.19
[2026-06-07T07:23:21.958Z] [fair-value] Replacing UP quote: 0.04 -> 0.34 (P=0.336)
[2026-06-07T07:23:21.958Z] [fair-value] Posting 1 maker-safe orders. Bids: UP=0.34 (EV=0.0089) DOWN=0.51 (EV=0.1411) settlementAnchor=62114.26 predictiveComposite=62079.00
[2026-06-07T07:23:21.958Z] [btc-updown-5m-1780817100] Live placement gated: waiting for 1 cancel(s) to confirm
[2026-06-07T07:23:21.959Z] [fair-value] Replacing UP quote: 0.04 -> 0.34 (P=0.336)
[2026-06-07T07:23:21.959Z] [fair-value] Posting 1 maker-safe orders. Bids: UP=0.34 (EV=0.0089) DOWN=0.51 (EV=0.1411) settlementAnchor=62114.26 predictiveComposite=62079.00
[2026-06-07T07:23:21.959Z] [fair-value] Replacing UP quote: 0.04 -> 0.34 (P=0.336)
[2026-06-07T07:23:21.960Z] [fair-value] Posting 1 maker-safe orders. Bids: UP=0.34 (EV=0.0089) DOWN=0.51 (EV=0.1411) settlementAnchor=62114.26 predictiveComposite=62079.00
[2026-06-07T07:23:21.960Z] [fair-value] Replacing UP quote: 0.04 -> 0.34 (P=0.336)
[2026-06-07T07:23:21.960Z] [fair-value] Posting 1 maker-safe orders. Bids: UP=0.34 (EV=0.0089) DOWN=0.51 (EV=0.1411) settlementAnchor=62114.26 predictiveComposite=62079.00
[2026-06-07T07:23:21.961Z] [fair-value] Replacing UP quote: 0.04 -> 0.34 (P=0.341)
[2026-06-07T07:23:21.961Z] [fair-value] Posting 1 maker-safe orders. Bids: UP=0.34 (EV=0.0132) DOWN=0.51 (EV=0.1368) settlementAnchor=62114.26 predictiveComposite=62079.19
[2026-06-07T07:23:21.962Z] [fair-value] Replacing UP quote: 0.04 -> 0.34 (P=0.341)
[2026-06-07T07:23:21.962Z] [fair-value] Posting 1 maker-safe orders. Bids: UP=0.34 (EV=0.0132) DOWN=0.51 (EV=0.1368) settlementAnchor=62114.26 predictiveComposite=62079.19
[2026-06-07T07:23:21.963Z] [fair-value] Replacing UP quote: 0.04 -> 0.34 (P=0.341)
[2026-06-07T07:23:21.964Z] [fair-value] Posting 1 maker-safe orders. Bids: UP=0.34 (EV=0.0134) DOWN=0.51 (EV=0.1366) settlementAnchor=62114.26 predictiveComposite=62079.22
[2026-06-07T07:23:21.964Z] [fair-value] Replacing UP quote: 0.04 -> 0.34 (P=0.341)
[2026-06-07T07:23:21.965Z] [fair-value] Posting 1 maker-safe orders. Bids: UP=0.34 (EV=0.0134) DOWN=0.51 (EV=0.1366) settlementAnchor=62114.26 predictiveComposite=62079.22
[2026-06-07T07:23:21.968Z] [fair-value] Replacing UP quote: 0.04 -> 0.34 (P=0.341)
[2026-06-07T07:23:21.968Z] [fair-value] Posting 1 maker-safe orders. Bids: UP=0.34 (EV=0.0134) DOWN=0.51 (EV=0.1366) settlementAnchor=62114.26 predictiveComposite=62079.27
[2026-06-07T07:23:21.969Z] [fair-value] Replacing UP quote: 0.04 -> 0.34 (P=0.341)
[2026-06-07T07:23:21.969Z] [fair-value] Posting 1 maker-safe orders. Bids: UP=0.34 (EV=0.0134) DOWN=0.51 (EV=0.1366) settlementAnchor=62114.26 predictiveComposite=62079.27
[2026-06-07T07:23:21.970Z] [fair-value] Replacing UP quote: 0.04 -> 0.34 (P=0.341)
[2026-06-07T07:23:21.971Z] [fair-value] Posting 1 maker-safe orders. Bids: UP=0.34 (EV=0.0140) DOWN=0.51 (EV=0.1360) settlementAnchor=62114.26 predictiveComposite=62079.33
[2026-06-07T07:23:21.972Z] [fair-value] Replacing UP quote: 0.04 -> 0.34 (P=0.341)
[2026-06-07T07:23:21.972Z] [fair-value] Posting 1 maker-safe orders. Bids: UP=0.34 (EV=0.0140) DOWN=0.51 (EV=0.1360) settlementAnchor=62114.26 predictiveComposite=62079.33
[2026-06-07T07:23:21.973Z] [fair-value] Replacing UP quote: 0.04 -> 0.34 (P=0.342)
[2026-06-07T07:23:21.973Z] [fair-value] Posting 1 maker-safe orders. Bids: UP=0.34 (EV=0.0142) DOWN=0.51 (EV=0.1358) settlementAnchor=62114.26 predictiveComposite=62079.36
[2026-06-07T07:23:21.974Z] [fair-value] Replacing UP quote: 0.04 -> 0.34 (P=0.342)
[2026-06-07T07:23:21.974Z] [fair-value] Posting 1 maker-safe orders. Bids: UP=0.34 (EV=0.0142) DOWN=0.51 (EV=0.1358) settlementAnchor=62114.26 predictiveComposite=62079.36
[2026-06-07T07:23:21.975Z] [fair-value] Replacing UP quote: 0.04 -> 0.35 (P=0.347)
[2026-06-07T07:23:21.976Z] [fair-value] Posting 1 maker-safe orders. Bids: UP=0.35 (EV=0.0093) DOWN=0.51 (EV=0.1307) settlementAnchor=62114.26 predictiveComposite=62079.57
[2026-06-07T07:23:21.976Z] [fair-value] Replacing UP quote: 0.04 -> 0.35 (P=0.347)
[2026-06-07T07:23:21.976Z] [fair-value] Posting 1 maker-safe orders. Bids: UP=0.35 (EV=0.0093) DOWN=0.51 (EV=0.1307) settlementAnchor=62114.26 predictiveComposite=62079.57
[2026-06-07T07:23:21.977Z] [fair-value] Replacing UP quote: 0.04 -> 0.35 (P=0.347)
[2026-06-07T07:23:21.977Z] [fair-value] Posting 1 maker-safe orders. Bids: UP=0.35 (EV=0.0095) DOWN=0.51 (EV=0.1305) settlementAnchor=62114.26 predictiveComposite=62079.59
[2026-06-07T07:23:21.978Z] [fair-value] Replacing UP quote: 0.04 -> 0.35 (P=0.347)
[2026-06-07T07:23:21.978Z] [fair-value] Posting 1 maker-safe orders. Bids: UP=0.35 (EV=0.0095) DOWN=0.51 (EV=0.1305) settlementAnchor=62114.26 predictiveComposite=62079.59
[2026-06-07T07:23:21.980Z] [fair-value] Replacing UP quote: 0.04 -> 0.35 (P=0.347)
[2026-06-07T07:23:21.981Z] [fair-value] Posting 1 maker-safe orders. Bids: UP=0.35 (EV=0.0095) DOWN=0.51 (EV=0.1305) settlementAnchor=62114.26 predictiveComposite=62079.60
[2026-06-07T07:23:21.981Z] [fair-value] Replacing UP quote: 0.04 -> 0.35 (P=0.347)
[2026-06-07T07:23:21.982Z] [fair-value] Posting 1 maker-safe orders. Bids: UP=0.35 (EV=0.0095) DOWN=0.51 (EV=0.1305) settlementAnchor=62114.26 predictiveComposite=62079.60
[2026-06-07T07:23:21.982Z] [fair-value] Replacing UP quote: 0.04 -> 0.35 (P=0.351)
[2026-06-07T07:23:21.983Z] [fair-value] Posting 1 maker-safe orders. Bids: UP=0.35 (EV=0.0138) DOWN=0.51 (EV=0.1262) settlementAnchor=62114.26 predictiveComposite=62079.80
[2026-06-07T07:23:21.983Z] [fair-value] Replacing UP quote: 0.04 -> 0.35 (P=0.351)
[2026-06-07T07:23:21.984Z] [fair-value] Posting 1 maker-safe orders. Bids: UP=0.35 (EV=0.0138) DOWN=0.51 (EV=0.1262) settlementAnchor=62114.26 predictiveComposite=62079.80
[2026-06-07T07:23:21.985Z] [fair-value] Replacing UP quote: 0.04 -> 0.35 (P=0.349)
[2026-06-07T07:23:21.986Z] [fair-value] Posting 1 maker-safe orders. Bids: UP=0.35 (EV=0.0111) DOWN=0.51 (EV=0.1289) settlementAnchor=62114.26 predictiveComposite=62079.85
[2026-06-07T07:23:21.986Z] [fair-value] Replacing UP quote: 0.04 -> 0.35 (P=0.349)
[2026-06-07T07:23:21.986Z] [fair-value] Posting 1 maker-safe orders. Bids: UP=0.35 (EV=0.0111) DOWN=0.51 (EV=0.1289) settlementAnchor=62114.26 predictiveComposite=62079.85
[2026-06-07T07:23:21.987Z] [fair-value] Replacing UP quote: 0.04 -> 0.35 (P=0.351)
[2026-06-07T07:23:21.987Z] [fair-value] Posting 1 maker-safe orders. Bids: UP=0.35 (EV=0.0136) DOWN=0.51 (EV=0.1264) settlementAnchor=62114.26 predictiveComposite=62079.99
[2026-06-07T07:23:21.987Z] [fair-value] Replacing UP quote: 0.04 -> 0.35 (P=0.351)
[2026-06-07T07:23:21.988Z] [fair-value] Posting 1 maker-safe orders. Bids: UP=0.35 (EV=0.0136) DOWN=0.51 (EV=0.1264) settlementAnchor=62114.26 predictiveComposite=62079.99
[2026-06-07T07:23:21.988Z] [fair-value] Replacing UP quote: 0.04 -> 0.36 (P=0.359)
[2026-06-07T07:23:21.988Z] [fair-value] Posting 1 maker-safe orders. Bids: UP=0.36 (EV=0.0114) DOWN=0.51 (EV=0.1186) settlementAnchor=62114.26 predictiveComposite=62080.20
[2026-06-07T07:23:21.989Z] [fair-value] Replacing UP quote: 0.04 -> 0.36 (P=0.359)
[2026-06-07T07:23:21.989Z] [fair-value] Posting 1 maker-safe orders. Bids: UP=0.36 (EV=0.0114) DOWN=0.51 (EV=0.1186) settlementAnchor=62114.26 predictiveComposite=62080.20
[2026-06-07T07:23:21.990Z] [fair-value] Replacing UP quote: 0.04 -> 0.36 (P=0.362)
[2026-06-07T07:23:21.990Z] [fair-value] Posting 1 maker-safe orders. Bids: UP=0.36 (EV=0.0145) DOWN=0.51 (EV=0.1155) settlementAnchor=62114.26 predictiveComposite=62080.38
[2026-06-07T07:23:21.990Z] [fair-value] Replacing UP quote: 0.04 -> 0.36 (P=0.362)
[2026-06-07T07:23:21.991Z] [fair-value] Posting 1 maker-safe orders. Bids: UP=0.36 (EV=0.0145) DOWN=0.51 (EV=0.1155) settlementAnchor=62114.26 predictiveComposite=62080.38
[2026-06-07T07:23:21.991Z] [fair-value] Replacing UP quote: 0.04 -> 0.37 (P=0.367)
[2026-06-07T07:23:21.992Z] [fair-value] Posting 1 maker-safe orders. Bids: UP=0.37 (EV=0.0094) DOWN=0.51 (EV=0.1106) settlementAnchor=62114.26 predictiveComposite=62080.56
[2026-06-07T07:23:21.992Z] [fair-value] Replacing UP quote: 0.04 -> 0.37 (P=0.367)
[2026-06-07T07:23:21.992Z] [fair-value] Posting 1 maker-safe orders. Bids: UP=0.37 (EV=0.0094) DOWN=0.51 (EV=0.1106) settlementAnchor=62114.26 predictiveComposite=62080.56
[2026-06-07T07:23:21.993Z] [fair-value] Replacing UP quote: 0.04 -> 0.37 (P=0.367)
[2026-06-07T07:23:21.993Z] [fair-value] Posting 1 maker-safe orders. Bids: UP=0.37 (EV=0.0097) DOWN=0.51 (EV=0.1103) settlementAnchor=62114.26 predictiveComposite=62080.60
[2026-06-07T07:23:21.993Z] [fair-value] Replacing UP quote: 0.04 -> 0.37 (P=0.367)
[2026-06-07T07:23:21.994Z] [fair-value] Posting 1 maker-safe orders. Bids: UP=0.37 (EV=0.0097) DOWN=0.51 (EV=0.1103) settlementAnchor=62114.26 predictiveComposite=62080.60
[2026-06-07T07:23:21.994Z] [fair-value] Replacing UP quote: 0.04 -> 0.37 (P=0.368)
[2026-06-07T07:23:21.994Z] [fair-value] Posting 1 maker-safe orders. Bids: UP=0.37 (EV=0.0105) DOWN=0.51 (EV=0.1095) settlementAnchor=62114.26 predictiveComposite=62080.67
[2026-06-07T07:23:21.995Z] [fair-value] Replacing UP quote: 0.04 -> 0.37 (P=0.368)
[2026-06-07T07:23:21.996Z] [fair-value] Posting 1 maker-safe orders. Bids: UP=0.37 (EV=0.0105) DOWN=0.51 (EV=0.1095) settlementAnchor=62114.26 predictiveComposite=62080.67
[2026-06-07T07:23:21.998Z] [fair-value] Replacing UP quote: 0.04 -> 0.37 (P=0.368)
[2026-06-07T07:23:21.998Z] [fair-value] Posting 1 maker-safe orders. Bids: UP=0.37 (EV=0.0105) DOWN=0.51 (EV=0.1095) settlementAnchor=62114.26 predictiveComposite=62080.67
[2026-06-07T07:23:21.999Z] [fair-value] Replacing UP quote: 0.04 -> 0.37 (P=0.368)
[2026-06-07T07:23:21.999Z] [fair-value] Posting 1 maker-safe orders. Bids: UP=0.37 (EV=0.0105) DOWN=0.51 (EV=0.1095) settlementAnchor=62114.26 predictiveComposite=62080.67
[2026-06-07T07:23:21.999Z] [fair-value] Replacing UP quote: 0.04 -> 0.37 (P=0.372)
[2026-06-07T07:23:22.000Z] [fair-value] Posting 1 maker-safe orders. Bids: UP=0.37 (EV=0.0141) DOWN=0.51 (EV=0.1059) settlementAnchor=62114.26 predictiveComposite=62080.83
[2026-06-07T07:23:22.000Z] [fair-value] Replacing UP quote: 0.04 -> 0.37 (P=0.372)
[2026-06-07T07:23:22.000Z] [fair-value] Posting 1 maker-safe orders. Bids: UP=0.37 (EV=0.0141) DOWN=0.51 (EV=0.1059) settlementAnchor=62114.26 predictiveComposite=62080.83
[2026-06-07T07:23:22.001Z] [fair-value] Replacing UP quote: 0.04 -> 0.31 (P=0.308)
[2026-06-07T07:23:22.001Z] [fair-value] Posting 1 maker-safe orders. Bids: UP=0.31 (EV=0.0107) DOWN=0.51 (EV=0.1693) settlementAnchor=62114.26 predictiveComposite=62081.06
[2026-06-07T07:23:22.002Z] [fair-value] Replacing UP quote: 0.04 -> 0.31 (P=0.308)
[2026-06-07T07:23:22.002Z] [fair-value] Posting 1 maker-safe orders. Bids: UP=0.31 (EV=0.0107) DOWN=0.51 (EV=0.1693) settlementAnchor=62114.26 predictiveComposite=62081.06
[2026-06-07T07:23:22.002Z] [fair-value] Replacing UP quote: 0.04 -> 0.31 (P=0.310)
[2026-06-07T07:23:22.002Z] [fair-value] Posting 1 maker-safe orders. Bids: UP=0.31 (EV=0.0124) DOWN=0.51 (EV=0.1676) settlementAnchor=62114.26 predictiveComposite=62081.12
[2026-06-07T07:23:22.003Z] [fair-value] Replacing UP quote: 0.04 -> 0.31 (P=0.310)
[2026-06-07T07:23:22.003Z] [fair-value] Posting 1 maker-safe orders. Bids: UP=0.31 (EV=0.0124) DOWN=0.51 (EV=0.1676) settlementAnchor=62114.26 predictiveComposite=62081.12
[2026-06-07T07:23:22.003Z] [fair-value] Replacing UP quote: 0.04 -> 0.3 (P=0.303)
[2026-06-07T07:23:22.004Z] [fair-value] Posting 1 maker-safe orders. Bids: UP=0.3 (EV=0.0156) DOWN=0.51 (EV=0.1744) settlementAnchor=62114.26 predictiveComposite=62081.13
[2026-06-07T07:23:22.004Z] [fair-value] Replacing UP quote: 0.04 -> 0.3 (P=0.303)
[2026-06-07T07:23:22.004Z] [fair-value] Posting 1 maker-safe orders. Bids: UP=0.3 (EV=0.0156) DOWN=0.51 (EV=0.1744) settlementAnchor=62114.26 predictiveComposite=62081.13
[2026-06-07T07:23:22.005Z] [fair-value] Replacing UP quote: 0.04 -> 0.3 (P=0.303)
[2026-06-07T07:23:22.005Z] [fair-value] Posting 1 maker-safe orders. Bids: UP=0.3 (EV=0.0155) DOWN=0.51 (EV=0.1745) settlementAnchor=62114.26 predictiveComposite=62081.14
[2026-06-07T07:23:22.005Z] [fair-value] Replacing UP quote: 0.04 -> 0.3 (P=0.303)
[2026-06-07T07:23:22.006Z] [fair-value] Posting 1 maker-safe orders. Bids: UP=0.3 (EV=0.0155) DOWN=0.51 (EV=0.1745) settlementAnchor=62114.26 predictiveComposite=62081.14
[2026-06-07T07:23:22.006Z] [fair-value] Replacing UP quote: 0.04 -> 0.3 (P=0.304)
[2026-06-07T07:23:22.006Z] [fair-value] Posting 1 maker-safe orders. Bids: UP=0.3 (EV=0.0161) DOWN=0.51 (EV=0.1739) settlementAnchor=62114.26 predictiveComposite=62081.18
[2026-06-07T07:23:22.007Z] [fair-value] Replacing UP quote: 0.04 -> 0.3 (P=0.304)
[2026-06-07T07:23:22.007Z] [fair-value] Posting 1 maker-safe orders. Bids: UP=0.3 (EV=0.0161) DOWN=0.51 (EV=0.1739) settlementAnchor=62114.26 predictiveComposite=62081.18
[2026-06-07T07:23:22.007Z] [fair-value] Replacing UP quote: 0.04 -> 0.3 (P=0.303)
[2026-06-07T07:23:22.008Z] [fair-value] Posting 1 maker-safe orders. Bids: UP=0.3 (EV=0.0156) DOWN=0.51 (EV=0.1744) settlementAnchor=62114.26 predictiveComposite=62081.19
[2026-06-07T07:23:22.008Z] [fair-value] Replacing UP quote: 0.04 -> 0.3 (P=0.303)
[2026-06-07T07:23:22.008Z] [fair-value] Posting 1 maker-safe orders. Bids: UP=0.3 (EV=0.0156) DOWN=0.51 (EV=0.1744) settlementAnchor=62114.26 predictiveComposite=62081.19
[2026-06-07T07:23:22.008Z] [fair-value] Replacing UP quote: 0.04 -> 0.33 (P=0.332)
[2026-06-07T07:23:22.009Z] [fair-value] Posting 1 maker-safe orders. Bids: UP=0.33 (EV=0.0144) DOWN=0.51 (EV=0.1456) settlementAnchor=62114.26 predictiveComposite=62081.48
[2026-06-07T07:23:22.009Z] [fair-value] Replacing UP quote: 0.04 -> 0.33 (P=0.332)
[2026-06-07T07:23:22.009Z] [fair-value] Posting 1 maker-safe orders. Bids: UP=0.33 (EV=0.0144) DOWN=0.51 (EV=0.1456) settlementAnchor=62114.26 predictiveComposite=62081.48
[2026-06-07T07:23:22.010Z] [fair-value] Replacing UP quote: 0.04 -> 0.33 (P=0.330)
[2026-06-07T07:23:22.010Z] [fair-value] Posting 1 maker-safe orders. Bids: UP=0.33 (EV=0.0122) DOWN=0.51 (EV=0.1478) settlementAnchor=62114.26 predictiveComposite=62081.63
[2026-06-07T07:23:22.010Z] [fair-value] Replacing UP quote: 0.04 -> 0.33 (P=0.330)
[2026-06-07T07:23:22.010Z] [fair-value] Posting 1 maker-safe orders. Bids: UP=0.33 (EV=0.0122) DOWN=0.51 (EV=0.1478) settlementAnchor=62114.26 predictiveComposite=62081.63
[2026-06-07T07:23:22.012Z] [fair-value] Replacing UP quote: 0.04 -> 0.33 (P=0.332)
[2026-06-07T07:23:22.013Z] [fair-value] Posting 1 maker-safe orders. Bids: UP=0.33 (EV=0.0149) DOWN=0.51 (EV=0.1451) settlementAnchor=62114.26 predictiveComposite=62081.75
[2026-06-07T07:23:22.014Z] [fair-value] Replacing UP quote: 0.04 -> 0.33 (P=0.332)
[2026-06-07T07:23:22.014Z] [fair-value] Posting 1 maker-safe orders. Bids: UP=0.33 (EV=0.0149) DOWN=0.51 (EV=0.1451) settlementAnchor=62114.26 predictiveComposite=62081.75
[2026-06-07T07:23:22.015Z] [fair-value] Replacing UP quote: 0.04 -> 0.33 (P=0.332)
[2026-06-07T07:23:22.015Z] [fair-value] Posting 1 maker-safe orders. Bids: UP=0.33 (EV=0.0149) DOWN=0.51 (EV=0.1451) settlementAnchor=62114.26 predictiveComposite=62081.76
[2026-06-07T07:23:22.015Z] [fair-value] Replacing UP quote: 0.04 -> 0.33 (P=0.332)
[2026-06-07T07:23:22.015Z] [fair-value] Posting 1 maker-safe orders. Bids: UP=0.33 (EV=0.0149) DOWN=0.51 (EV=0.1451) settlementAnchor=62114.26 predictiveComposite=62081.76
[2026-06-07T07:23:22.016Z] [fair-value] Replacing UP quote: 0.04 -> 0.34 (P=0.338)
[2026-06-07T07:23:22.016Z] [fair-value] Posting 1 maker-safe orders. Bids: UP=0.34 (EV=0.0105) DOWN=0.51 (EV=0.1395) settlementAnchor=62114.26 predictiveComposite=62082.03
[2026-06-07T07:23:22.017Z] [fair-value] Replacing UP quote: 0.04 -> 0.34 (P=0.338)
[2026-06-07T07:23:22.017Z] [fair-value] Posting 1 maker-safe orders. Bids: UP=0.34 (EV=0.0105) DOWN=0.51 (EV=0.1395) settlementAnchor=62114.26 predictiveComposite=62082.03
[2026-06-07T07:23:22.017Z] [fair-value] Replacing UP quote: 0.04 -> 0.34 (P=0.339)
[2026-06-07T07:23:22.018Z] [fair-value] Posting 1 maker-safe orders. Bids: UP=0.34 (EV=0.0111) DOWN=0.51 (EV=0.1389) settlementAnchor=62114.26 predictiveComposite=62082.08
[2026-06-07T07:23:22.018Z] [fair-value] Replacing UP quote: 0.04 -> 0.34 (P=0.339)
[2026-06-07T07:23:22.018Z] [fair-value] Posting 1 maker-safe orders. Bids: UP=0.34 (EV=0.0111) DOWN=0.51 (EV=0.1389) settlementAnchor=62114.26 predictiveComposite=62082.08
[2026-06-07T07:23:22.019Z] [fair-value] Replacing UP quote: 0.04 -> 0.34 (P=0.337)
[2026-06-07T07:23:22.019Z] [fair-value] Posting 1 maker-safe orders. Bids: UP=0.34 (EV=0.0098) DOWN=0.51 (EV=0.1402) settlementAnchor=62114.26 predictiveComposite=62082.17
[2026-06-07T07:23:22.019Z] [fair-value] Replacing UP quote: 0.04 -> 0.34 (P=0.337)
[2026-06-07T07:23:22.020Z] [fair-value] Posting 1 maker-safe orders. Bids: UP=0.34 (EV=0.0098) DOWN=0.51 (EV=0.1402) settlementAnchor=62114.26 predictiveComposite=62082.17
[2026-06-07T07:23:22.020Z] [fair-value] Replacing UP quote: 0.04 -> 0.33 (P=0.326)
[2026-06-07T07:23:22.020Z] [fair-value] Posting 1 maker-safe orders. Bids: UP=0.33 (EV=0.0087) DOWN=0.51 (EV=0.1513) settlementAnchor=62114.26 predictiveComposite=62082.22
[2026-06-07T07:23:22.021Z] [fair-value] Replacing UP quote: 0.04 -> 0.33 (P=0.326)
[2026-06-07T07:23:22.021Z] [fair-value] Posting 1 maker-safe orders. Bids: UP=0.33 (EV=0.0087) DOWN=0.51 (EV=0.1513) settlementAnchor=62114.26 predictiveComposite=62082.22
[2026-06-07T07:23:22.022Z] [fair-value] Replacing UP quote: 0.04 -> 0.32 (P=0.323)
[2026-06-07T07:23:22.022Z] [fair-value] Posting 1 maker-safe orders. Bids: UP=0.32 (EV=0.0157) DOWN=0.51 (EV=0.1543) settlementAnchor=62114.26 predictiveComposite=62082.33
[2026-06-07T07:23:22.022Z] [fair-value] Replacing UP quote: 0.04 -> 0.32 (P=0.323)
[2026-06-07T07:23:22.023Z] [fair-value] Posting 1 maker-safe orders. Bids: UP=0.32 (EV=0.0157) DOWN=0.51 (EV=0.1543) settlementAnchor=62114.26 predictiveComposite=62082.33
[2026-06-07T07:23:22.023Z] [fair-value] Replacing UP quote: 0.04 -> 0.31 (P=0.313)
[2026-06-07T07:23:22.023Z] [fair-value] Posting 1 maker-safe orders. Bids: UP=0.31 (EV=0.0154) DOWN=0.51 (EV=0.1646) settlementAnchor=62114.26 predictiveComposite=62082.38
[2026-06-07T07:23:22.024Z] [fair-value] Replacing UP quote: 0.04 -> 0.31 (P=0.313)
[2026-06-07T07:23:22.024Z] [fair-value] Posting 1 maker-safe orders. Bids: UP=0.31 (EV=0.0154) DOWN=0.51 (EV=0.1646) settlementAnchor=62114.26 predictiveComposite=62082.38
[2026-06-07T07:23:22.025Z] [fair-value] Replacing UP quote: 0.04 -> 0.33 (P=0.325)
[2026-06-07T07:23:22.025Z] [fair-value] Posting 1 maker-safe orders. Bids: UP=0.33 (EV=0.0077) DOWN=0.51 (EV=0.1523) settlementAnchor=62114.26 predictiveComposite=62082.63
[2026-06-07T07:23:22.025Z] [fair-value] Replacing UP quote: 0.04 -> 0.33 (P=0.325)
[2026-06-07T07:23:22.025Z] [fair-value] Posting 1 maker-safe orders. Bids: UP=0.33 (EV=0.0077) DOWN=0.51 (EV=0.1523) settlementAnchor=62114.26 predictiveComposite=62082.63
[2026-06-07T07:23:22.114Z] [fair-value] Replacing UP quote: 0.04 -> 0.38 (P=0.379)
[2026-06-07T07:23:22.114Z] [fair-value] Posting 1 maker-safe orders. Bids: UP=0.38 (EV=0.0112) DOWN=0.51 (EV=0.0988) settlementAnchor=62114.26 predictiveComposite=62085.96
[2026-06-07T07:23:22.115Z] [fair-value] Replacing UP quote: 0.04 -> 0.38 (P=0.379)
[2026-06-07T07:23:22.115Z] [fair-value] Posting 1 maker-safe orders. Bids: UP=0.38 (EV=0.0112) DOWN=0.51 (EV=0.0988) settlementAnchor=62114.26 predictiveComposite=62085.96
[2026-06-07T07:23:22.116Z] [fair-value] Replacing UP quote: 0.04 -> 0.39 (P=0.389)
[2026-06-07T07:23:22.116Z] [fair-value] Posting 1 maker-safe orders. Bids: UP=0.39 (EV=0.0113) DOWN=0.51 (EV=0.0887) settlementAnchor=62114.26 predictiveComposite=62086.77
[2026-06-07T07:23:22.116Z] [fair-value] Replacing UP quote: 0.04 -> 0.39 (P=0.389)
[2026-06-07T07:23:22.117Z] [fair-value] Posting 1 maker-safe orders. Bids: UP=0.39 (EV=0.0113) DOWN=0.51 (EV=0.0887) settlementAnchor=62114.26 predictiveComposite=62086.77
[2026-06-07T07:23:22.117Z] [fair-value] Replacing UP quote: 0.04 -> 0.4 (P=0.397)
[2026-06-07T07:23:22.117Z] [fair-value] Posting 1 maker-safe orders. Bids: UP=0.4 (EV=0.0100) DOWN=0.51 (EV=0.0800) settlementAnchor=62114.26 predictiveComposite=62087.05
[2026-06-07T07:23:22.117Z] [fair-value] Replacing UP quote: 0.04 -> 0.4 (P=0.397)
[2026-06-07T07:23:22.117Z] [fair-value] Posting 1 maker-safe orders. Bids: UP=0.4 (EV=0.0100) DOWN=0.51 (EV=0.0800) settlementAnchor=62114.26 predictiveComposite=62087.05
[2026-06-07T07:23:22.118Z] [fair-value] Replacing UP quote: 0.04 -> 0.42 (P=0.425)
[2026-06-07T07:23:22.118Z] [fair-value] Posting 1 maker-safe orders. Bids: UP=0.42 (EV=0.0172) DOWN=0.51 (EV=0.0528) settlementAnchor=62114.26 predictiveComposite=62087.71
[2026-06-07T07:23:22.118Z] [fair-value] Replacing UP quote: 0.04 -> 0.42 (P=0.425)
[2026-06-07T07:23:22.118Z] [fair-value] Posting 1 maker-safe orders. Bids: UP=0.42 (EV=0.0172) DOWN=0.51 (EV=0.0528) settlementAnchor=62114.26 predictiveComposite=62087.71
[2026-06-07T07:23:22.119Z] [fair-value] Replacing UP quote: 0.04 -> 0.44 (P=0.447)
[2026-06-07T07:23:22.119Z] [fair-value] Posting 1 maker-safe orders. Bids: UP=0.44 (EV=0.0192) DOWN=0.51 (EV=0.0308) settlementAnchor=62114.26 predictiveComposite=62088.65
[2026-06-07T07:23:22.119Z] [fair-value] Replacing UP quote: 0.04 -> 0.44 (P=0.447)
[2026-06-07T07:23:22.119Z] [fair-value] Posting 1 maker-safe orders. Bids: UP=0.44 (EV=0.0192) DOWN=0.51 (EV=0.0308) settlementAnchor=62114.26 predictiveComposite=62088.65
[2026-06-07T07:23:22.119Z] [fair-value] Replacing UP quote: 0.04 -> 0.44 (P=0.449)
[2026-06-07T07:23:22.120Z] [fair-value] Posting 1 maker-safe orders. Bids: UP=0.44 (EV=0.0211) DOWN=0.51 (EV=0.0289) settlementAnchor=62114.26 predictiveComposite=62089.59
[2026-06-07T07:23:22.120Z] [fair-value] Replacing UP quote: 0.04 -> 0.44 (P=0.449)
[2026-06-07T07:23:22.120Z] [fair-value] Posting 1 maker-safe orders. Bids: UP=0.44 (EV=0.0211) DOWN=0.51 (EV=0.0289) settlementAnchor=62114.26 predictiveComposite=62089.59
[2026-06-07T07:23:22.120Z] [fair-value] Replacing UP quote: 0.04 -> 0.45 (P=0.451)
[2026-06-07T07:23:22.120Z] [fair-value] Posting 1 maker-safe orders. Bids: UP=0.45 (EV=0.0140) DOWN=0.51 (EV=0.0260) settlementAnchor=62114.26 predictiveComposite=62090.00
[2026-06-07T07:23:22.121Z] [fair-value] Replacing UP quote: 0.04 -> 0.45 (P=0.451)
[2026-06-07T07:23:22.121Z] [fair-value] Posting 1 maker-safe orders. Bids: UP=0.45 (EV=0.0140) DOWN=0.51 (EV=0.0260) settlementAnchor=62114.26 predictiveComposite=62090.00
[2026-06-07T07:23:22.121Z] [fair-value] Replacing UP quote: 0.04 -> 0.45 (P=0.451)
[2026-06-07T07:23:22.121Z] [fair-value] Posting 1 maker-safe orders. Bids: UP=0.45 (EV=0.0140) DOWN=0.51 (EV=0.0260) settlementAnchor=62114.26 predictiveComposite=62090.00
[2026-06-07T07:23:22.122Z] [fair-value] Replacing UP quote: 0.04 -> 0.45 (P=0.451)
[2026-06-07T07:23:22.122Z] [fair-value] Posting 1 maker-safe orders. Bids: UP=0.45 (EV=0.0140) DOWN=0.51 (EV=0.0260) settlementAnchor=62114.26 predictiveComposite=62090.00
[2026-06-07T07:23:22.122Z] [fair-value] Replacing UP quote: 0.04 -> 0.45 (P=0.453)
[2026-06-07T07:23:22.122Z] [fair-value] Posting 1 maker-safe orders. Bids: UP=0.45 (EV=0.0153) DOWN=0.51 (EV=0.0247) settlementAnchor=62114.26 predictiveComposite=62090.26
[2026-06-07T07:23:22.122Z] [fair-value] Replacing UP quote: 0.04 -> 0.45 (P=0.453)
[2026-06-07T07:23:22.123Z] [fair-value] Posting 1 maker-safe orders. Bids: UP=0.45 (EV=0.0153) DOWN=0.51 (EV=0.0247) settlementAnchor=62114.26 predictiveComposite=62090.26
[2026-06-07T07:23:22.123Z] [fair-value] Replacing UP quote: 0.04 -> 0.45 (P=0.454)
[2026-06-07T07:23:22.123Z] [fair-value] Posting 1 maker-safe orders. Bids: UP=0.45 (EV=0.0165) DOWN=0.51 (EV=0.0235) settlementAnchor=62114.26 predictiveComposite=62090.53
[2026-06-07T07:23:22.123Z] [fair-value] Replacing UP quote: 0.04 -> 0.45 (P=0.454)
[2026-06-07T07:23:22.123Z] [fair-value] Posting 1 maker-safe orders. Bids: UP=0.45 (EV=0.0165) DOWN=0.51 (EV=0.0235) settlementAnchor=62114.26 predictiveComposite=62090.53
[2026-06-07T07:23:22.124Z] [fair-value] Replacing UP quote: 0.04 -> 0.46 (P=0.462)
[2026-06-07T07:23:22.124Z] [fair-value] Posting 1 maker-safe orders. Bids: UP=0.46 (EV=0.0150) DOWN=0.51 (EV=0.0150) settlementAnchor=62114.26 predictiveComposite=62091.47
[2026-06-07T07:23:22.124Z] [fair-value] Replacing UP quote: 0.04 -> 0.46 (P=0.462)
[2026-06-07T07:23:22.125Z] [fair-value] Posting 1 maker-safe orders. Bids: UP=0.46 (EV=0.0150) DOWN=0.51 (EV=0.0150) settlementAnchor=62114.26 predictiveComposite=62091.47
[2026-06-07T07:23:22.125Z] [fair-value] Replacing UP quote: 0.04 -> 0.46 (P=0.463)
[2026-06-07T07:23:22.125Z] [fair-value] Posting 1 maker-safe orders. Bids: UP=0.46 (EV=0.0156) DOWN=0.51 (EV=0.0144) settlementAnchor=62114.26 predictiveComposite=62091.70
[2026-06-07T07:23:22.126Z] [fair-value] Replacing UP quote: 0.04 -> 0.46 (P=0.463)
[2026-06-07T07:23:22.126Z] [fair-value] Posting 1 maker-safe orders. Bids: UP=0.46 (EV=0.0156) DOWN=0.51 (EV=0.0144) settlementAnchor=62114.26 predictiveComposite=62091.70
[2026-06-07T07:23:22.126Z] [fair-value] Replacing UP quote: 0.04 -> 0.46 (P=0.467)
[2026-06-07T07:23:22.127Z] [fair-value] Posting 1 maker-safe orders. Bids: UP=0.46 (EV=0.0192) DOWN=0.5 (EV=0.0208) settlementAnchor=62114.26 predictiveComposite=62092.41
[2026-06-07T07:23:22.127Z] [fair-value] Replacing UP quote: 0.04 -> 0.46 (P=0.467)
[2026-06-07T07:23:22.127Z] [fair-value] Posting 1 maker-safe orders. Bids: UP=0.46 (EV=0.0192) DOWN=0.5 (EV=0.0208) settlementAnchor=62114.26 predictiveComposite=62092.41
[2026-06-07T07:23:22.127Z] [fair-value] Replacing UP quote: 0.04 -> 0.46 (P=0.469)
[2026-06-07T07:23:22.127Z] [fair-value] Posting 1 maker-safe orders. Bids: UP=0.46 (EV=0.0211) DOWN=0.5 (EV=0.0189) settlementAnchor=62114.26 predictiveComposite=62093.02
[2026-06-07T07:23:22.128Z] [fair-value] Replacing UP quote: 0.04 -> 0.46 (P=0.469)
[2026-06-07T07:23:22.128Z] [fair-value] Posting 1 maker-safe orders. Bids: UP=0.46 (EV=0.0211) DOWN=0.5 (EV=0.0189) settlementAnchor=62114.26 predictiveComposite=62093.02
[2026-06-07T07:23:22.128Z] [fair-value] Replacing UP quote: 0.04 -> 0.46 (P=0.469)
[2026-06-07T07:23:22.129Z] [fair-value] Posting 1 maker-safe orders. Bids: UP=0.46 (EV=0.0211) DOWN=0.5 (EV=0.0189) settlementAnchor=62114.26 predictiveComposite=62093.03
[2026-06-07T07:23:22.131Z] [fair-value] Replacing UP quote: 0.04 -> 0.46 (P=0.469)
[2026-06-07T07:23:22.131Z] [fair-value] Posting 1 maker-safe orders. Bids: UP=0.46 (EV=0.0211) DOWN=0.5 (EV=0.0189) settlementAnchor=62114.26 predictiveComposite=62093.03
[2026-06-07T07:23:22.131Z] [fair-value] Replacing UP quote: 0.04 -> 0.46 (P=0.469)
[2026-06-07T07:23:22.131Z] [fair-value] Posting 1 maker-safe orders. Bids: UP=0.46 (EV=0.0216) DOWN=0.5 (EV=0.0184) settlementAnchor=62114.26 predictiveComposite=62093.35
[2026-06-07T07:23:22.132Z] [fair-value] Replacing UP quote: 0.04 -> 0.46 (P=0.469)
[2026-06-07T07:23:22.132Z] [fair-value] Posting 1 maker-safe orders. Bids: UP=0.46 (EV=0.0216) DOWN=0.5 (EV=0.0184) settlementAnchor=62114.26 predictiveComposite=62093.35
[2026-06-07T07:23:22.132Z] [fair-value] Replacing UP quote: 0.04 -> 0.46 (P=0.472)
[2026-06-07T07:23:22.132Z] [fair-value] Posting 1 maker-safe orders. Bids: UP=0.46 (EV=0.0243) DOWN=0.5 (EV=0.0157) settlementAnchor=62114.26 predictiveComposite=62094.06
[2026-06-07T07:23:22.133Z] [fair-value] Replacing UP quote: 0.04 -> 0.46 (P=0.472)
[2026-06-07T07:23:22.133Z] [fair-value] Posting 1 maker-safe orders. Bids: UP=0.46 (EV=0.0243) DOWN=0.5 (EV=0.0157) settlementAnchor=62114.26 predictiveComposite=62094.06
[2026-06-07T07:23:22.190Z] [fair-value] Replacing UP quote: 0.04 -> 0.46 (P=0.468)
[2026-06-07T07:23:22.191Z] [fair-value] Posting 1 maker-safe orders. Bids: UP=0.46 (EV=0.0203) DOWN=0.5 (EV=0.0197) settlementAnchor=62114.26 predictiveComposite=62090.49
[2026-06-07T07:23:22.191Z] [fair-value] Replacing UP quote: 0.04 -> 0.46 (P=0.468)
[2026-06-07T07:23:22.192Z] [fair-value] Posting 1 maker-safe orders. Bids: UP=0.46 (EV=0.0203) DOWN=0.5 (EV=0.0197) settlementAnchor=62114.26 predictiveComposite=62090.49
[2026-06-07T07:23:22.364Z] [wallet] unlockBuy [btc-updown-5m-1780817100] BUY UP @ 0.04: +$0.30 | avail=$0.50
[2026-06-07T07:23:22.912Z] [fair-value] Canceling stale DOWN quote: 0.51 (Edge: -0.1355 < 0.005)
[2026-06-07T07:23:22.912Z] [fair-value] Suppressing DOWN quote: insufficient cash price=0.36 shares=5 available=$0.5966
[2026-06-07T07:23:22.913Z] [fair-value] Posting 1 maker-safe orders. Bids: UP=0.49 (EV=0.1355) DOWN=0.36 (EV=0.0145) settlementAnchor=62114.26 predictiveComposite=62132.25
[2026-06-07T07:23:22.913Z] [fair-value] Canceling stale DOWN quote: 0.51 (Edge: -0.1355 < 0.005)
[2026-06-07T07:23:22.914Z] [fair-value] Posting 1 maker-safe orders. Bids: UP=0.49 (EV=0.1355) DOWN=0.36 (EV=0.0145) settlementAnchor=62114.26 predictiveComposite=62132.25
[2026-06-07T07:23:22.914Z] [fair-value] Canceling stale DOWN quote: 0.51 (Edge: -0.1619 < 0.005)
[2026-06-07T07:23:22.914Z] [fair-value] Suppressing DOWN quote: insufficient cash price=0.34 shares=5 available=$0.5966
[2026-06-07T07:23:22.915Z] [fair-value] Posting 1 maker-safe orders. Bids: UP=0.49 (EV=0.1619) DOWN=0.34 (EV=0.0081) settlementAnchor=62114.26 predictiveComposite=62132.06
[2026-06-07T07:23:22.915Z] [fair-value] Canceling stale DOWN quote: 0.51 (Edge: -0.1619 < 0.005)
[2026-06-07T07:23:22.916Z] [fair-value] Posting 1 maker-safe orders. Bids: UP=0.49 (EV=0.1619) DOWN=0.34 (EV=0.0081) settlementAnchor=62114.26 predictiveComposite=62132.06
[2026-06-07T07:23:22.917Z] [fair-value] Canceling stale DOWN quote: 0.51 (Edge: -0.1619 < 0.005)
[2026-06-07T07:23:22.917Z] [fair-value] Posting 1 maker-safe orders. Bids: UP=0.49 (EV=0.1619) DOWN=0.34 (EV=0.0081) settlementAnchor=62114.26 predictiveComposite=62132.06
[2026-06-07T07:23:22.917Z] [fair-value] Canceling stale DOWN quote: 0.51 (Edge: -0.1619 < 0.005)
[2026-06-07T07:23:22.918Z] [fair-value] Posting 1 maker-safe orders. Bids: UP=0.49 (EV=0.1619) DOWN=0.34 (EV=0.0081) settlementAnchor=62114.26 predictiveComposite=62132.06
[2026-06-07T07:23:22.918Z] [fair-value] Canceling stale DOWN quote: 0.51 (Edge: -0.1175 < 0.005)
[2026-06-07T07:23:22.919Z] [fair-value] Suppressing DOWN quote: insufficient cash price=0.38 shares=5 available=$0.5966
[2026-06-07T07:23:22.919Z] [fair-value] Posting 1 maker-safe orders. Bids: UP=0.49 (EV=0.1175) DOWN=0.38 (EV=0.0125) settlementAnchor=62114.26 predictiveComposite=62131.69
[2026-06-07T07:23:22.919Z] [fair-value] Canceling stale DOWN quote: 0.51 (Edge: -0.1175 < 0.005)
[2026-06-07T07:23:22.919Z] [fair-value] Posting 1 maker-safe orders. Bids: UP=0.49 (EV=0.1175) DOWN=0.38 (EV=0.0125) settlementAnchor=62114.26 predictiveComposite=62131.69
[2026-06-07T07:23:22.965Z] [fair-value] Canceling stale DOWN quote: 0.51 (Edge: -0.1194 < 0.005)
[2026-06-07T07:23:22.965Z] [fair-value] Posting 1 maker-safe orders. Bids: UP=0.49 (EV=0.1194) DOWN=0.38 (EV=0.0106) settlementAnchor=62114.26 predictiveComposite=62132.47
[2026-06-07T07:23:22.966Z] [fair-value] Canceling stale DOWN quote: 0.51 (Edge: -0.1194 < 0.005)
[2026-06-07T07:23:22.966Z] [fair-value] Posting 1 maker-safe orders. Bids: UP=0.49 (EV=0.1194) DOWN=0.38 (EV=0.0106) settlementAnchor=62114.26 predictiveComposite=62132.47
[2026-06-07T07:23:22.966Z] [fair-value] Canceling stale DOWN quote: 0.51 (Edge: -0.1194 < 0.005)
[2026-06-07T07:23:22.967Z] [fair-value] Posting 1 maker-safe orders. Bids: UP=0.49 (EV=0.1194) DOWN=0.38 (EV=0.0106) settlementAnchor=62114.26 predictiveComposite=62132.49
[2026-06-07T07:23:22.967Z] [fair-value] Canceling stale DOWN quote: 0.51 (Edge: -0.1194 < 0.005)
[2026-06-07T07:23:22.967Z] [fair-value] Posting 1 maker-safe orders. Bids: UP=0.49 (EV=0.1194) DOWN=0.38 (EV=0.0106) settlementAnchor=62114.26 predictiveComposite=62132.49
[2026-06-07T07:23:22.967Z] [fair-value] Canceling stale DOWN quote: 0.51 (Edge: -0.1194 < 0.005)
[2026-06-07T07:23:22.968Z] [fair-value] Posting 1 maker-safe orders. Bids: UP=0.49 (EV=0.1194) DOWN=0.38 (EV=0.0106) settlementAnchor=62114.26 predictiveComposite=62132.49
[2026-06-07T07:23:22.968Z] [fair-value] Canceling stale DOWN quote: 0.51 (Edge: -0.1194 < 0.005)
[2026-06-07T07:23:22.968Z] [fair-value] Posting 1 maker-safe orders. Bids: UP=0.49 (EV=0.1194) DOWN=0.38 (EV=0.0106) settlementAnchor=62114.26 predictiveComposite=62132.49
[2026-06-07T07:23:22.969Z] [fair-value] Canceling stale DOWN quote: 0.51 (Edge: -0.1194 < 0.005)
[2026-06-07T07:23:22.969Z] [fair-value] Posting 1 maker-safe orders. Bids: UP=0.49 (EV=0.1194) DOWN=0.38 (EV=0.0106) settlementAnchor=62114.26 predictiveComposite=62132.49
[2026-06-07T07:23:22.969Z] [fair-value] Canceling stale DOWN quote: 0.51 (Edge: -0.1194 < 0.005)
[2026-06-07T07:23:22.970Z] [fair-value] Posting 1 maker-safe orders. Bids: UP=0.49 (EV=0.1194) DOWN=0.38 (EV=0.0106) settlementAnchor=62114.26 predictiveComposite=62132.49
[2026-06-07T07:23:22.970Z] [fair-value] Canceling stale DOWN quote: 0.51 (Edge: -0.1400 < 0.005)
[2026-06-07T07:23:22.970Z] [fair-value] Posting 1 maker-safe orders. Bids: UP=0.49 (EV=0.1400) DOWN=0.36 (EV=0.0100) settlementAnchor=62114.26 predictiveComposite=62132.49
[2026-06-07T07:23:22.971Z] [fair-value] Canceling stale DOWN quote: 0.51 (Edge: -0.1400 < 0.005)
[2026-06-07T07:23:22.971Z] [fair-value] Posting 1 maker-safe orders. Bids: UP=0.49 (EV=0.1400) DOWN=0.36 (EV=0.0100) settlementAnchor=62114.26 predictiveComposite=62132.49
[2026-06-07T07:23:22.972Z] [fair-value] Canceling stale DOWN quote: 0.51 (Edge: -0.1368 < 0.005)
[2026-06-07T07:23:22.972Z] [fair-value] Posting 1 maker-safe orders. Bids: UP=0.49 (EV=0.1368) DOWN=0.36 (EV=0.0132) settlementAnchor=62114.26 predictiveComposite=62132.66
[2026-06-07T07:23:22.973Z] [fair-value] Canceling stale DOWN quote: 0.51 (Edge: -0.1368 < 0.005)
[2026-06-07T07:23:22.973Z] [fair-value] Posting 1 maker-safe orders. Bids: UP=0.49 (EV=0.1368) DOWN=0.36 (EV=0.0132) settlementAnchor=62114.26 predictiveComposite=62132.66
[2026-06-07T07:23:22.974Z] [fair-value] Canceling stale DOWN quote: 0.51 (Edge: -0.1369 < 0.005)
[2026-06-07T07:23:22.974Z] [fair-value] Posting 1 maker-safe orders. Bids: UP=0.49 (EV=0.1369) DOWN=0.36 (EV=0.0131) settlementAnchor=62114.26 predictiveComposite=62132.68
[2026-06-07T07:23:22.974Z] [fair-value] Canceling stale DOWN quote: 0.51 (Edge: -0.1369 < 0.005)
[2026-06-07T07:23:22.975Z] [fair-value] Posting 1 maker-safe orders. Bids: UP=0.49 (EV=0.1369) DOWN=0.36 (EV=0.0131) settlementAnchor=62114.26 predictiveComposite=62132.68
[2026-06-07T07:23:22.975Z] [fair-value] Canceling stale DOWN quote: 0.51 (Edge: -0.1367 < 0.005)
[2026-06-07T07:23:22.976Z] [fair-value] Posting 1 maker-safe orders. Bids: UP=0.49 (EV=0.1367) DOWN=0.36 (EV=0.0133) settlementAnchor=62114.26 predictiveComposite=62132.72
[2026-06-07T07:23:22.976Z] [fair-value] Canceling stale DOWN quote: 0.51 (Edge: -0.1367 < 0.005)
[2026-06-07T07:23:22.976Z] [fair-value] Posting 1 maker-safe orders. Bids: UP=0.49 (EV=0.1367) DOWN=0.36 (EV=0.0133) settlementAnchor=62114.26 predictiveComposite=62132.72
[2026-06-07T07:23:22.977Z] [fair-value] Canceling stale DOWN quote: 0.51 (Edge: -0.1288 < 0.005)
[2026-06-07T07:23:22.978Z] [fair-value] Suppressing DOWN quote: insufficient cash price=0.37 shares=5 available=$0.5966
[2026-06-07T07:23:22.978Z] [fair-value] Posting 1 maker-safe orders. Bids: UP=0.49 (EV=0.1288) DOWN=0.37 (EV=0.0112) settlementAnchor=62114.26 predictiveComposite=62133.00
[2026-06-07T07:23:22.978Z] [fair-value] Canceling stale DOWN quote: 0.51 (Edge: -0.1288 < 0.005)
[2026-06-07T07:23:22.979Z] [fair-value] Posting 1 maker-safe orders. Bids: UP=0.49 (EV=0.1288) DOWN=0.37 (EV=0.0112) settlementAnchor=62114.26 predictiveComposite=62133.00
[2026-06-07T07:23:22.984Z] [fair-value] Canceling stale DOWN quote: 0.51 (Edge: -0.0925 < 0.005)
[2026-06-07T07:23:22.984Z] [fair-value] Suppressing DOWN quote: insufficient cash price=0.40 shares=5 available=$0.5966
[2026-06-07T07:23:22.984Z] [fair-value] Posting 1 maker-safe orders. Bids: UP=0.49 (EV=0.0925) DOWN=0.4 (EV=0.0175) settlementAnchor=62114.26 predictiveComposite=62131.69
[2026-06-07T07:23:22.985Z] [fair-value] Canceling stale DOWN quote: 0.51 (Edge: -0.0925 < 0.005)
[2026-06-07T07:23:22.985Z] [fair-value] Posting 1 maker-safe orders. Bids: UP=0.49 (EV=0.0925) DOWN=0.4 (EV=0.0175) settlementAnchor=62114.26 predictiveComposite=62131.69
[2026-06-07T07:23:22.986Z] [fair-value] Canceling stale DOWN quote: 0.51 (Edge: -0.0928 < 0.005)
[2026-06-07T07:23:22.986Z] [fair-value] Posting 1 maker-safe orders. Bids: UP=0.49 (EV=0.0928) DOWN=0.4 (EV=0.0172) settlementAnchor=62114.26 predictiveComposite=62131.69
[2026-06-07T07:23:22.986Z] [fair-value] Canceling stale DOWN quote: 0.51 (Edge: -0.0928 < 0.005)
[2026-06-07T07:23:22.986Z] [fair-value] Posting 1 maker-safe orders. Bids: UP=0.49 (EV=0.0928) DOWN=0.4 (EV=0.0172) settlementAnchor=62114.26 predictiveComposite=62131.69
[2026-06-07T07:23:23.004Z] [fair-value] Canceling stale DOWN quote: 0.51 (Edge: -0.0928 < 0.005)
[2026-06-07T07:23:23.004Z] [fair-value] Posting 1 maker-safe orders. Bids: UP=0.49 (EV=0.0928) DOWN=0.4 (EV=0.0172) settlementAnchor=62114.26 predictiveComposite=62131.69
[2026-06-07T07:23:23.005Z] [fair-value] Canceling stale DOWN quote: 0.51 (Edge: -0.0928 < 0.005)
[2026-06-07T07:23:23.005Z] [fair-value] Posting 1 maker-safe orders. Bids: UP=0.49 (EV=0.0928) DOWN=0.4 (EV=0.0172) settlementAnchor=62114.26 predictiveComposite=62131.69
[2026-06-07T07:23:23.006Z] [fair-value] Canceling stale DOWN quote: 0.51 (Edge: -0.0932 < 0.005)
[2026-06-07T07:23:23.006Z] [fair-value] Posting 1 maker-safe orders. Bids: UP=0.49 (EV=0.0932) DOWN=0.4 (EV=0.0168) settlementAnchor=62114.26 predictiveComposite=62131.69
[2026-06-07T07:23:23.007Z] [fair-value] Canceling stale DOWN quote: 0.51 (Edge: -0.0932 < 0.005)
[2026-06-07T07:23:23.007Z] [fair-value] Posting 1 maker-safe orders. Bids: UP=0.49 (EV=0.0932) DOWN=0.4 (EV=0.0168) settlementAnchor=62114.26 predictiveComposite=62131.69
[2026-06-07T07:23:23.008Z] [fair-value] Canceling stale DOWN quote: 0.51 (Edge: -0.0932 < 0.005)
[2026-06-07T07:23:23.008Z] [fair-value] Posting 1 maker-safe orders. Bids: UP=0.49 (EV=0.0932) DOWN=0.4 (EV=0.0168) settlementAnchor=62114.26 predictiveComposite=62131.69
[2026-06-07T07:23:23.009Z] [fair-value] Canceling stale DOWN quote: 0.51 (Edge: -0.0932 < 0.005)
[2026-06-07T07:23:23.009Z] [fair-value] Posting 1 maker-safe orders. Bids: UP=0.49 (EV=0.0932) DOWN=0.4 (EV=0.0168) settlementAnchor=62114.26 predictiveComposite=62131.69
[2026-06-07T07:23:23.104Z] [fair-value] Canceling stale DOWN quote: 0.51 (Edge: -0.0932 < 0.005)
[2026-06-07T07:23:23.104Z] [fair-value] Posting 1 maker-safe orders. Bids: UP=0.49 (EV=0.0932) DOWN=0.4 (EV=0.0168) settlementAnchor=62114.26 predictiveComposite=62131.69
[2026-06-07T07:23:23.105Z] [fair-value] Canceling stale DOWN quote: 0.51 (Edge: -0.0932 < 0.005)
[2026-06-07T07:23:23.105Z] [fair-value] Posting 1 maker-safe orders. Bids: UP=0.49 (EV=0.0932) DOWN=0.4 (EV=0.0168) settlementAnchor=62114.26 predictiveComposite=62131.69
[2026-06-07T07:23:23.106Z] [fair-value] Canceling stale DOWN quote: 0.51 (Edge: -0.0932 < 0.005)
[2026-06-07T07:23:23.106Z] [fair-value] Posting 1 maker-safe orders. Bids: UP=0.49 (EV=0.0932) DOWN=0.4 (EV=0.0168) settlementAnchor=62114.26 predictiveComposite=62131.69
[2026-06-07T07:23:23.106Z] [fair-value] Canceling stale DOWN quote: 0.51 (Edge: -0.0932 < 0.005)
[2026-06-07T07:23:23.106Z] [fair-value] Posting 1 maker-safe orders. Bids: UP=0.49 (EV=0.0932) DOWN=0.4 (EV=0.0168) settlementAnchor=62114.26 predictiveComposite=62131.69
[2026-06-07T07:23:23.106Z] [fair-value] Canceling stale DOWN quote: 0.51 (Edge: -0.0810 < 0.005)
[2026-06-07T07:23:23.107Z] [fair-value] Suppressing DOWN quote: insufficient cash price=0.42 shares=5 available=$0.5966
[2026-06-07T07:23:23.107Z] [fair-value] Posting 1 maker-safe orders. Bids: UP=0.49 (EV=0.0810) DOWN=0.42 (EV=0.0090) settlementAnchor=62114.26 predictiveComposite=62131.25
[2026-06-07T07:23:23.107Z] [fair-value] Canceling stale DOWN quote: 0.51 (Edge: -0.0810 < 0.005)
[2026-06-07T07:23:23.107Z] [fair-value] Posting 1 maker-safe orders. Bids: UP=0.49 (EV=0.0810) DOWN=0.42 (EV=0.0090) settlementAnchor=62114.26 predictiveComposite=62131.25
[2026-06-07T07:23:23.108Z] [fair-value] Canceling stale DOWN quote: 0.51 (Edge: -0.0811 < 0.005)
[2026-06-07T07:23:23.108Z] [fair-value] Posting 1 maker-safe orders. Bids: UP=0.49 (EV=0.0811) DOWN=0.42 (EV=0.0089) settlementAnchor=62114.26 predictiveComposite=62131.13
[2026-06-07T07:23:23.108Z] [fair-value] Canceling stale DOWN quote: 0.51 (Edge: -0.0811 < 0.005)
[2026-06-07T07:23:23.108Z] [fair-value] Posting 1 maker-safe orders. Bids: UP=0.49 (EV=0.0811) DOWN=0.42 (EV=0.0089) settlementAnchor=62114.26 predictiveComposite=62131.13
[2026-06-07T07:23:23.269Z] [fair-value] Canceling stale DOWN quote: 0.51 (Edge: -0.0740 < 0.005)
[2026-06-07T07:23:23.269Z] [fair-value] Posting 1 maker-safe orders. Bids: UP=0.49 (EV=0.0740) DOWN=0.42 (EV=0.0160) settlementAnchor=62114.26 predictiveComposite=62129.30
[2026-06-07T07:23:23.269Z] [fair-value] Canceling stale DOWN quote: 0.51 (Edge: -0.0740 < 0.005)
[2026-06-07T07:23:23.270Z] [fair-value] Posting 1 maker-safe orders. Bids: UP=0.49 (EV=0.0740) DOWN=0.42 (EV=0.0160) settlementAnchor=62114.26 predictiveComposite=62129.30
[2026-06-07T07:23:23.270Z] [fair-value] Canceling stale DOWN quote: 0.51 (Edge: -0.0803 < 0.005)
[2026-06-07T07:23:23.270Z] [fair-value] Posting 1 maker-safe orders. Bids: UP=0.49 (EV=0.0803) DOWN=0.42 (EV=0.0097) settlementAnchor=62114.26 predictiveComposite=62129.30
[2026-06-07T07:23:23.270Z] [fair-value] Canceling stale DOWN quote: 0.51 (Edge: -0.0803 < 0.005)
[2026-06-07T07:23:23.271Z] [fair-value] Posting 1 maker-safe orders. Bids: UP=0.49 (EV=0.0803) DOWN=0.42 (EV=0.0097) settlementAnchor=62114.26 predictiveComposite=62129.30
[2026-06-07T07:23:23.271Z] [fair-value] Canceling stale DOWN quote: 0.51 (Edge: -0.0697 < 0.005)
[2026-06-07T07:23:23.272Z] [fair-value] Suppressing DOWN quote: insufficient cash price=0.43 shares=5 available=$0.5966
[2026-06-07T07:23:23.272Z] [fair-value] Posting 1 maker-safe orders. Bids: UP=0.49 (EV=0.0697) DOWN=0.43 (EV=0.0103) settlementAnchor=62114.26 predictiveComposite=62128.83
[2026-06-07T07:23:23.272Z] [fair-value] Canceling stale DOWN quote: 0.51 (Edge: -0.0697 < 0.005)
[2026-06-07T07:23:23.272Z] [fair-value] Posting 1 maker-safe orders. Bids: UP=0.49 (EV=0.0697) DOWN=0.43 (EV=0.0103) settlementAnchor=62114.26 predictiveComposite=62128.83
[2026-06-07T07:23:23.392Z] [fair-value] Canceling stale DOWN quote: 0.51 (Edge: -0.0400 < 0.005)
[2026-06-07T07:23:23.392Z] [fair-value] Suppressing DOWN quote: insufficient cash price=0.45 shares=5 available=$0.5966
[2026-06-07T07:23:23.392Z] [fair-value] Posting 1 maker-safe orders. Bids: UP=0.49 (EV=0.0400) DOWN=0.45 (EV=0.0200) settlementAnchor=62114.26 predictiveComposite=62121.28
[2026-06-07T07:23:23.393Z] [fair-value] Canceling stale DOWN quote: 0.51 (Edge: -0.0400 < 0.005)
[2026-06-07T07:23:23.393Z] [fair-value] Posting 1 maker-safe orders. Bids: UP=0.49 (EV=0.0400) DOWN=0.45 (EV=0.0200) settlementAnchor=62114.26 predictiveComposite=62121.28
[2026-06-07T07:23:23.435Z] [fair-value] Canceling stale DOWN quote: 0.51 (Edge: -0.0379 < 0.005)
[2026-06-07T07:23:23.436Z] [fair-value] Suppressing DOWN quote: insufficient cash price=0.46 shares=5 available=$0.5966
[2026-06-07T07:23:23.436Z] [fair-value] Posting 1 maker-safe orders. Bids: UP=0.49 (EV=0.0379) DOWN=0.46 (EV=0.0121) settlementAnchor=62114.26 predictiveComposite=62120.48
[2026-06-07T07:23:23.436Z] [fair-value] Canceling stale DOWN quote: 0.51 (Edge: -0.0379 < 0.005)
[2026-06-07T07:23:23.436Z] [fair-value] Posting 1 maker-safe orders. Bids: UP=0.49 (EV=0.0379) DOWN=0.46 (EV=0.0121) settlementAnchor=62114.26 predictiveComposite=62120.48
[2026-06-07T07:23:23.437Z] [fair-value] Canceling stale DOWN quote: 0.51 (Edge: -0.0337 < 0.005)
[2026-06-07T07:23:23.437Z] [fair-value] Posting 1 maker-safe orders. Bids: UP=0.49 (EV=0.0337) DOWN=0.46 (EV=0.0163) settlementAnchor=62114.26 predictiveComposite=62119.57
[2026-06-07T07:23:23.437Z] [fair-value] Canceling stale DOWN quote: 0.51 (Edge: -0.0337 < 0.005)
[2026-06-07T07:23:23.437Z] [fair-value] Posting 1 maker-safe orders. Bids: UP=0.49 (EV=0.0337) DOWN=0.46 (EV=0.0163) settlementAnchor=62114.26 predictiveComposite=62119.57
[2026-06-07T07:23:23.438Z] [fair-value] Canceling stale DOWN quote: 0.51 (Edge: -0.0336 < 0.005)
[2026-06-07T07:23:23.438Z] [fair-value] Posting 1 maker-safe orders. Bids: UP=0.49 (EV=0.0336) DOWN=0.46 (EV=0.0164) settlementAnchor=62114.26 predictiveComposite=62119.53
[2026-06-07T07:23:23.438Z] [fair-value] Canceling stale DOWN quote: 0.51 (Edge: -0.0336 < 0.005)
[2026-06-07T07:23:23.438Z] [fair-value] Posting 1 maker-safe orders. Bids: UP=0.49 (EV=0.0336) DOWN=0.46 (EV=0.0164) settlementAnchor=62114.26 predictiveComposite=62119.53
[2026-06-07T07:23:23.588Z] [fair-value] Canceling stale DOWN quote: 0.51 (Edge: -0.0336 < 0.005)
[2026-06-07T07:23:23.588Z] [fair-value] Posting 1 maker-safe orders. Bids: UP=0.49 (EV=0.0336) DOWN=0.46 (EV=0.0164) settlementAnchor=62114.26 predictiveComposite=62119.53
[2026-06-07T07:23:23.603Z] [fair-value] Canceling stale DOWN quote: 0.51 (Edge: -0.0336 < 0.005)
[2026-06-07T07:23:23.603Z] [fair-value] Posting 1 maker-safe orders. Bids: UP=0.49 (EV=0.0336) DOWN=0.46 (EV=0.0164) settlementAnchor=62114.26 predictiveComposite=62119.53
[2026-06-07T07:23:23.604Z] [fair-value] Canceling stale DOWN quote: 0.51 (Edge: -0.0336 < 0.005)
[2026-06-07T07:23:23.604Z] [fair-value] Posting 1 maker-safe orders. Bids: UP=0.49 (EV=0.0336) DOWN=0.46 (EV=0.0164) settlementAnchor=62114.26 predictiveComposite=62119.53
[2026-06-07T07:23:23.604Z] [fair-value] Canceling stale DOWN quote: 0.51 (Edge: -0.0336 < 0.005)
[2026-06-07T07:23:23.604Z] [fair-value] Posting 1 maker-safe orders. Bids: UP=0.49 (EV=0.0336) DOWN=0.46 (EV=0.0164) settlementAnchor=62114.26 predictiveComposite=62119.53
[2026-06-07T07:23:23.605Z] [fair-value] Canceling stale DOWN quote: 0.51 (Edge: -0.0336 < 0.005)
[2026-06-07T07:23:23.605Z] [fair-value] Posting 1 maker-safe orders. Bids: UP=0.49 (EV=0.0336) DOWN=0.46 (EV=0.0164) settlementAnchor=62114.26 predictiveComposite=62119.53
[2026-06-07T07:23:23.605Z] [fair-value] Canceling stale DOWN quote: 0.51 (Edge: -0.0339 < 0.005)
[2026-06-07T07:23:23.605Z] [fair-value] Posting 1 maker-safe orders. Bids: UP=0.49 (EV=0.0339) DOWN=0.46 (EV=0.0161) settlementAnchor=62114.26 predictiveComposite=62119.89
[2026-06-07T07:23:23.606Z] [fair-value] Canceling stale DOWN quote: 0.51 (Edge: -0.0339 < 0.005)
[2026-06-07T07:23:23.606Z] [fair-value] Posting 1 maker-safe orders. Bids: UP=0.49 (EV=0.0339) DOWN=0.46 (EV=0.0161) settlementAnchor=62114.26 predictiveComposite=62119.89
[2026-06-07T07:23:23.606Z] [fair-value] Canceling stale DOWN quote: 0.51 (Edge: -0.0341 < 0.005)
[2026-06-07T07:23:23.606Z] [fair-value] Posting 1 maker-safe orders. Bids: UP=0.49 (EV=0.0341) DOWN=0.46 (EV=0.0159) settlementAnchor=62114.26 predictiveComposite=62119.89
[2026-06-07T07:23:23.607Z] [fair-value] Canceling stale DOWN quote: 0.51 (Edge: -0.0341 < 0.005)
[2026-06-07T07:23:23.607Z] [fair-value] Posting 1 maker-safe orders. Bids: UP=0.49 (EV=0.0341) DOWN=0.46 (EV=0.0159) settlementAnchor=62114.26 predictiveComposite=62119.89
[2026-06-07T07:23:23.777Z] [fair-value] Canceling stale DOWN quote: 0.51 (Edge: -0.0351 < 0.005)
[2026-06-07T07:23:23.778Z] [fair-value] Posting 1 maker-safe orders. Bids: UP=0.49 (EV=0.0351) DOWN=0.46 (EV=0.0149) settlementAnchor=62114.26 predictiveComposite=62119.89
[2026-06-07T07:23:23.778Z] [fair-value] Canceling stale DOWN quote: 0.51 (Edge: -0.0351 < 0.005)
[2026-06-07T07:23:23.778Z] [fair-value] Posting 1 maker-safe orders. Bids: UP=0.49 (EV=0.0351) DOWN=0.46 (EV=0.0149) settlementAnchor=62114.26 predictiveComposite=62119.89
[2026-06-07T07:23:23.779Z] [fair-value] Canceling stale DOWN quote: 0.51 (Edge: -0.0351 < 0.005)
[2026-06-07T07:23:23.779Z] [fair-value] Posting 1 maker-safe orders. Bids: UP=0.49 (EV=0.0351) DOWN=0.46 (EV=0.0149) settlementAnchor=62114.26 predictiveComposite=62119.89
[2026-06-07T07:23:23.780Z] [fair-value] Canceling stale DOWN quote: 0.51 (Edge: -0.0351 < 0.005)
[2026-06-07T07:23:23.780Z] [fair-value] Posting 1 maker-safe orders. Bids: UP=0.49 (EV=0.0351) DOWN=0.46 (EV=0.0149) settlementAnchor=62114.26 predictiveComposite=62119.89
[2026-06-07T07:23:23.780Z] [fair-value] Canceling stale DOWN quote: 0.51 (Edge: -0.0351 < 0.005)
[2026-06-07T07:23:23.780Z] [fair-value] Posting 1 maker-safe orders. Bids: UP=0.49 (EV=0.0351) DOWN=0.46 (EV=0.0149) settlementAnchor=62114.26 predictiveComposite=62119.89
[2026-06-07T07:23:23.781Z] [fair-value] Canceling stale DOWN quote: 0.51 (Edge: -0.0351 < 0.005)
[2026-06-07T07:23:23.781Z] [fair-value] Posting 1 maker-safe orders. Bids: UP=0.49 (EV=0.0351) DOWN=0.46 (EV=0.0149) settlementAnchor=62114.26 predictiveComposite=62119.89
[2026-06-07T07:23:23.781Z] [fair-value] Canceling stale DOWN quote: 0.51 (Edge: -0.0351 < 0.005)
[2026-06-07T07:23:23.782Z] [fair-value] Posting 1 maker-safe orders. Bids: UP=0.49 (EV=0.0351) DOWN=0.46 (EV=0.0149) settlementAnchor=62114.26 predictiveComposite=62119.89
[2026-06-07T07:23:23.782Z] [fair-value] Canceling stale DOWN quote: 0.51 (Edge: -0.0351 < 0.005)
[2026-06-07T07:23:23.782Z] [fair-value] Posting 1 maker-safe orders. Bids: UP=0.49 (EV=0.0351) DOWN=0.46 (EV=0.0149) settlementAnchor=62114.26 predictiveComposite=62119.89
[2026-06-07T07:23:23.783Z] [fair-value] Canceling stale DOWN quote: 0.51 (Edge: -0.0351 < 0.005)
[2026-06-07T07:23:23.783Z] [fair-value] Posting 1 maker-safe orders. Bids: UP=0.49 (EV=0.0351) DOWN=0.46 (EV=0.0149) settlementAnchor=62114.26 predictiveComposite=62119.89
[2026-06-07T07:23:23.783Z] [fair-value] Canceling stale DOWN quote: 0.51 (Edge: -0.0351 < 0.005)
[2026-06-07T07:23:23.783Z] [fair-value] Posting 1 maker-safe orders. Bids: UP=0.49 (EV=0.0351) DOWN=0.46 (EV=0.0149) settlementAnchor=62114.26 predictiveComposite=62119.89
[2026-06-07T07:23:23.939Z] [fair-value] Canceling stale DOWN quote: 0.51 (Edge: -0.0349 < 0.005)
[2026-06-07T07:23:23.940Z] [fair-value] Posting 1 maker-safe orders. Bids: UP=0.49 (EV=0.0349) DOWN=0.46 (EV=0.0151) settlementAnchor=62114.26 predictiveComposite=62119.81
[2026-06-07T07:23:23.940Z] [fair-value] Canceling stale DOWN quote: 0.51 (Edge: -0.0349 < 0.005)
[2026-06-07T07:23:23.940Z] [fair-value] Posting 1 maker-safe orders. Bids: UP=0.49 (EV=0.0349) DOWN=0.46 (EV=0.0151) settlementAnchor=62114.26 predictiveComposite=62119.81
[2026-06-07T07:23:23.941Z] [fair-value] Canceling stale DOWN quote: 0.51 (Edge: -0.0349 < 0.005)
[2026-06-07T07:23:23.941Z] [fair-value] Posting 1 maker-safe orders. Bids: UP=0.49 (EV=0.0349) DOWN=0.46 (EV=0.0151) settlementAnchor=62114.26 predictiveComposite=62119.81
[2026-06-07T07:23:23.941Z] [fair-value] Canceling stale DOWN quote: 0.51 (Edge: -0.0349 < 0.005)
[2026-06-07T07:23:23.941Z] [fair-value] Posting 1 maker-safe orders. Bids: UP=0.49 (EV=0.0349) DOWN=0.46 (EV=0.0151) settlementAnchor=62114.26 predictiveComposite=62119.81
[2026-06-07T07:23:24.016Z] [wallet] buyFill(0x222c17df18621b2dd08e6e3eb47cff83282537ab452f3dd02b878bc7a5153362): balance=$0.50, 59550341... shares: 25.05 + 5 = 30.05
[2026-06-07T07:23:24.102Z] [fair-value] Suppressing UP quote: insufficient cash price=0.49 shares=5 available=$0.4966
[2026-06-07T07:23:25.388Z] [fair-value] Posting 1 maker-safe orders. Bids: UP=0.49 (EV=0.4847) DOWN=0.02 (EV=0.0053) settlementAnchor=62114.26 predictiveComposite=62119.54
[2026-06-07T07:23:25.596Z] [fair-value] Suppressing DOWN quote: insufficient cash price=0.14 shares=5 available=$0.4966
[2026-06-07T07:23:25.734Z] [wallet] lockBuy [btc-updown-5m-1780817100] BUY DOWN @ 0.02: -$0.10 | avail=$0.40
[2026-06-07T07:23:25.756Z] [fair-value] Replacing DOWN quote: 0.02 -> 0.14
[2026-06-07T07:23:25.757Z] [fair-value] Replacing DOWN quote: 0.02 -> 0.14
[2026-06-07T07:23:25.982Z] [fair-value] Replacing DOWN quote: 0.02 -> 0.14
[2026-06-07T07:23:25.982Z] [fair-value] Replacing DOWN quote: 0.02 -> 0.14
[2026-06-07T07:23:25.982Z] [fair-value] Replacing DOWN quote: 0.02 -> 0.14
[2026-06-07T07:23:25.982Z] [fair-value] Replacing DOWN quote: 0.02 -> 0.14
[2026-06-07T07:23:25.983Z] [fair-value] Replacing DOWN quote: 0.02 -> 0.14
[2026-06-07T07:23:25.983Z] [fair-value] Replacing DOWN quote: 0.02 -> 0.14
[2026-06-07T07:23:26.093Z] [wallet] unlockBuy [btc-updown-5m-1780817100] BUY DOWN @ 0.02: +$0.10 | avail=$0.50
[2026-06-07T07:23:26.262Z] [fair-value] Suppressing DOWN quote: insufficient cash price=0.28 shares=5 available=$0.4966
[2026-06-07T07:23:26.391Z] [fair-value] Suppressing DOWN quote: insufficient cash price=0.48 shares=5 available=$0.4966
[2026-06-07T07:23:26.715Z] [fair-value] Suppressing DOWN quote: insufficient cash price=0.49 shares=5 available=$0.4966
[2026-06-07T07:23:29.018Z] [fair-value] P(UP)=0.4861 Sigma=0.3277 settlement=62114.26 predictive=62111.80 Rem=390s
[2026-06-07T07:23:29.388Z] [fair-value] Suppressing UP quote: insufficient cash price=0.38 shares=5 available=$0.4966
[2026-06-07T07:23:29.388Z] [fair-value] Suppressing DOWN quote: insufficient cash price=0.51 shares=5 available=$0.4966
[2026-06-07T07:23:34.112Z] [fair-value] Posting 1 maker-safe orders. Bids: UP=0.03 (EV=0.0107) DOWN=0.51 (EV=0.4493) settlementAnchor=62114.26 predictiveComposite=62111.82
[2026-06-07T07:23:34.121Z] [fair-value] Suppressing UP quote: insufficient cash price=0.19 shares=5 available=$0.4966
[2026-06-07T07:23:34.159Z] [fair-value] Suppressing UP quote: insufficient cash price=0.32 shares=5 available=$0.4966
[2026-06-07T07:23:34.301Z] [wallet] lockBuy [btc-updown-5m-1780817100] BUY UP @ 0.03: -$0.15 | avail=$0.35
[2026-06-07T07:23:34.327Z] [fair-value] Replacing UP quote: 0.03 -> 0.42 (P=0.420)
[2026-06-07T07:23:34.327Z] [fair-value] Suppressing UP quote: insufficient cash price=0.42 shares=5 available=$0.4966
[2026-06-07T07:23:34.327Z] [fair-value] Replacing UP quote: 0.03 -> 0.42 (P=0.420)
[2026-06-07T07:23:34.328Z] [fair-value] Replacing UP quote: 0.03 -> 0.42 (P=0.420)
[2026-06-07T07:23:34.328Z] [fair-value] Replacing UP quote: 0.03 -> 0.42 (P=0.420)
[2026-06-07T07:23:34.328Z] [fair-value] Replacing UP quote: 0.03 -> 0.49 (P=0.530)
[2026-06-07T07:23:34.329Z] [fair-value] Suppressing UP quote: insufficient cash price=0.49 shares=5 available=$0.4966
[2026-06-07T07:23:34.329Z] [fair-value] Suppressing DOWN quote: insufficient cash price=0.44 shares=5 available=$0.4966
[2026-06-07T07:23:34.329Z] [fair-value] Replacing UP quote: 0.03 -> 0.49 (P=0.530)
[2026-06-07T07:23:34.387Z] [fair-value] Replacing UP quote: 0.03 -> 0.49 (P=0.524)
[2026-06-07T07:23:34.388Z] [fair-value] Suppressing DOWN quote: insufficient cash price=0.45 shares=5 available=$0.4966
[2026-06-07T07:23:34.388Z] [fair-value] Replacing UP quote: 0.03 -> 0.49 (P=0.524)
[2026-06-07T07:23:34.660Z] [wallet] unlockBuy [btc-updown-5m-1780817100] BUY UP @ 0.03: +$0.15 | avail=$0.50
[2026-06-07T07:23:35.329Z] [fair-value] Suppressing DOWN quote: insufficient cash price=0.43 shares=5 available=$0.4966
[2026-06-07T07:23:38.305Z] [fair-value] Suppressing DOWN quote: insufficient cash price=0.39 shares=5 available=$0.4966
[2026-06-07T07:23:40.248Z] [fair-value] Posting 1 maker-safe orders. Bids: UP=0.49 (EV=0.4370) DOWN=0.06 (EV=0.0130) settlementAnchor=62114.26 predictiveComposite=62125.74
[2026-06-07T07:23:40.394Z] [fair-value] Suppressing DOWN quote: insufficient cash price=0.35 shares=5 available=$0.4966
[2026-06-07T07:23:40.803Z] [wallet] lockBuy [btc-updown-5m-1780817100] BUY DOWN @ 0.06: -$0.30 | avail=$0.20
[2026-06-07T07:23:41.036Z] [fair-value] Replacing DOWN quote: 0.06 -> 0.35
[2026-06-07T07:23:41.036Z] [fair-value] Replacing DOWN quote: 0.06 -> 0.35
[2026-06-07T07:23:41.264Z] [fair-value] Replacing DOWN quote: 0.06 -> 0.35
[2026-06-07T07:23:41.265Z] [fair-value] Replacing DOWN quote: 0.06 -> 0.35
[2026-06-07T07:23:41.372Z] [wallet] unlockBuy [btc-updown-5m-1780817100] BUY DOWN @ 0.06: +$0.30 | avail=$0.50
[2026-06-07T07:23:43.388Z] [fair-value] Suppressing UP quote: insufficient cash price=0.48 shares=5 available=$0.4966
[2026-06-07T07:23:43.966Z] [fair-value] Suppressing DOWN quote: insufficient cash price=0.34 shares=5 available=$0.4966
[2026-06-07T07:23:45.374Z] [fair-value] Suppressing DOWN quote: insufficient cash price=0.43 shares=5 available=$0.4966
[2026-06-07T07:23:53.390Z] [fair-value] Suppressing UP quote: insufficient cash price=0.48 shares=5 available=$0.4966
[2026-06-07T07:23:54.533Z] [fair-value] Posting 1 maker-safe orders. Bids: UP=0.48 (EV=0.4271) DOWN=0.08 (EV=0.0129) settlementAnchor=62114.26 predictiveComposite=62142.07
[2026-06-07T07:23:54.889Z] [wallet] lockBuy [btc-updown-5m-1780817100] BUY DOWN @ 0.08: -$0.40 | avail=$0.10
[2026-06-07T07:23:54.990Z] [fair-value] Replacing DOWN quote: 0.08 -> 0.16
[2026-06-07T07:23:54.990Z] [fair-value] Suppressing DOWN quote: insufficient cash price=0.16 shares=5 available=$0.4966
[2026-06-07T07:23:54.990Z] [fair-value] Replacing DOWN quote: 0.08 -> 0.16
[2026-06-07T07:23:55.156Z] [fair-value] Replacing DOWN quote: 0.08 -> 0.15
[2026-06-07T07:23:55.156Z] [fair-value] Suppressing DOWN quote: insufficient cash price=0.15 shares=5 available=$0.4966
[2026-06-07T07:23:55.157Z] [fair-value] Replacing DOWN quote: 0.08 -> 0.15
[2026-06-07T07:23:55.323Z] [wallet] unlockBuy [btc-updown-5m-1780817100] BUY DOWN @ 0.08: +$0.40 | avail=$0.50
[2026-06-07T07:23:58.605Z] [fair-value] Posting 1 maker-safe orders. Bids: UP=0.48 (EV=0.4690) DOWN=0.04 (EV=0.0110) settlementAnchor=62114.26 predictiveComposite=62140.12
[2026-06-07T07:23:58.938Z] [wallet] lockBuy [btc-updown-5m-1780817100] BUY DOWN @ 0.04: -$0.20 | avail=$0.30
[2026-06-07T07:23:59.009Z] [fair-value] P(UP)=0.8984 Sigma=0.1043 settlement=62114.26 predictive=62142.17 Rem=360s
[2026-06-07T07:23:59.010Z] [fair-value] Replacing DOWN quote: 0.04 -> 0.08
[2026-06-07T07:23:59.010Z] [fair-value] Posting 1 maker-safe orders. Bids: UP=0.48 (EV=0.4334) DOWN=0.08 (EV=0.0066) settlementAnchor=62114.26 predictiveComposite=62142.17
[2026-06-07T07:23:59.010Z] [btc-updown-5m-1780817100] Live placement gated: waiting for 1 cancel(s) to confirm
[2026-06-07T07:23:59.011Z] [fair-value] Replacing DOWN quote: 0.04 -> 0.08
[2026-06-07T07:23:59.011Z] [fair-value] Posting 1 maker-safe orders. Bids: UP=0.48 (EV=0.4334) DOWN=0.08 (EV=0.0066) settlementAnchor=62114.26 predictiveComposite=62142.17
[2026-06-07T07:23:59.351Z] [wallet] unlockBuy [btc-updown-5m-1780817100] BUY DOWN @ 0.04: +$0.20 | avail=$0.50
[2026-06-07T07:24:03.486Z] [fair-value] Suppressing UP quote: insufficient cash price=0.48 shares=5 available=$0.4966
[2026-06-07T07:24:10.131Z] [fair-value] Suppressing DOWN quote: insufficient cash price=0.31 shares=5 available=$0.4966
[2026-06-07T07:24:10.163Z] [fair-value] Suppressing DOWN quote: insufficient cash price=0.30 shares=5 available=$0.4966
[2026-06-07T07:24:13.331Z] [fair-value] Suppressing DOWN quote: insufficient cash price=0.34 shares=5 available=$0.4966
[2026-06-07T07:24:13.387Z] [fair-value] Suppressing DOWN quote: insufficient cash price=0.39 shares=5 available=$0.4966
[2026-06-07T07:24:13.615Z] [fair-value] Suppressing UP quote: insufficient cash price=0.48 shares=5 available=$0.4966
[2026-06-07T07:24:13.615Z] [fair-value] Suppressing DOWN quote: insufficient cash price=0.38 shares=5 available=$0.4966
[2026-06-07T07:24:22.384Z] [fair-value] Suppressing DOWN quote: insufficient cash price=0.26 shares=5 available=$0.4966
[2026-06-07T07:24:22.683Z] [fair-value] Suppressing DOWN quote: insufficient cash price=0.28 shares=5 available=$0.4966
[2026-06-07T07:24:23.089Z] [fair-value] Suppressing DOWN quote: insufficient cash price=0.29 shares=5 available=$0.4966
[2026-06-07T07:24:23.090Z] [fair-value] Suppressing DOWN quote: insufficient cash price=0.30 shares=5 available=$0.4966
[2026-06-07T07:24:23.116Z] [fair-value] Suppressing DOWN quote: insufficient cash price=0.22 shares=5 available=$0.4966
[2026-06-07T07:24:23.117Z] [fair-value] Suppressing DOWN quote: insufficient cash price=0.25 shares=5 available=$0.4966
[2026-06-07T07:24:23.196Z] [fair-value] Suppressing DOWN quote: insufficient cash price=0.23 shares=5 available=$0.4966
[2026-06-07T07:24:23.418Z] [fair-value] Suppressing DOWN quote: insufficient cash price=0.20 shares=5 available=$0.4966
[2026-06-07T07:24:23.661Z] [fair-value] Suppressing UP quote: insufficient cash price=0.48 shares=5 available=$0.4966
[2026-06-07T07:24:23.661Z] [fair-value] Suppressing DOWN quote: insufficient cash price=0.12 shares=5 available=$0.4966
[2026-06-07T07:24:23.662Z] [fair-value] Suppressing DOWN quote: insufficient cash price=0.11 shares=5 available=$0.4966
[2026-06-07T07:24:24.356Z] [fair-value] Suppressing DOWN quote: insufficient cash price=0.10 shares=5 available=$0.4966
[2026-06-07T07:24:24.387Z] [fair-value] Suppressing DOWN quote: insufficient cash price=0.36 shares=5 available=$0.4966
[2026-06-07T07:24:26.387Z] [fair-value] Suppressing DOWN quote: insufficient cash price=0.39 shares=5 available=$0.4966
[2026-06-07T07:24:27.832Z] [fair-value] Suppressing DOWN quote: insufficient cash price=0.37 shares=5 available=$0.4966
[2026-06-07T07:24:27.839Z] [fair-value] Suppressing DOWN quote: insufficient cash price=0.38 shares=5 available=$0.4966
[2026-06-07T07:24:27.839Z] [fair-value] Posting 1 maker-safe orders. Bids: UP=0.48 (EV=0.4309) DOWN=0.08 (EV=0.0091) settlementAnchor=62114.26 predictiveComposite=62147.32
[2026-06-07T07:24:28.046Z] [fair-value] Suppressing DOWN quote: insufficient cash price=0.14 shares=5 available=$0.4966
[2026-06-07T07:24:28.194Z] [wallet] lockBuy [btc-updown-5m-1780817100] BUY DOWN @ 0.08: -$0.40 | avail=$0.10
[2026-06-07T07:24:28.215Z] [fair-value] Replacing DOWN quote: 0.08 -> 0.14
[2026-06-07T07:24:28.215Z] [fair-value] Replacing DOWN quote: 0.08 -> 0.14
[2026-06-07T07:24:28.388Z] [fair-value] Replacing DOWN quote: 0.08 -> 0.3
[2026-06-07T07:24:28.388Z] [fair-value] Replacing DOWN quote: 0.08 -> 0.3
[2026-06-07T07:24:28.537Z] [wallet] unlockBuy [btc-updown-5m-1780817100] BUY DOWN @ 0.08: +$0.40 | avail=$0.50
[2026-06-07T07:24:29.105Z] [fair-value] P(UP)=0.6763 Sigma=0.2959 settlement=62114.26 predictive=62141.52 Rem=330s
[2026-06-07T07:24:29.363Z] [fair-value] Suppressing DOWN quote: insufficient cash price=0.27 shares=5 available=$0.4966
[2026-06-07T07:24:29.462Z] [fair-value] Suppressing DOWN quote: insufficient cash price=0.13 shares=5 available=$0.4966
[2026-06-07T07:24:29.580Z] [fair-value] Suppressing DOWN quote: insufficient cash price=0.33 shares=5 available=$0.4966
[2026-06-07T07:24:29.743Z] [fair-value] Suppressing DOWN quote: insufficient cash price=0.32 shares=5 available=$0.4966
[2026-06-07T07:24:29.743Z] [fair-value] Suppressing DOWN quote: insufficient cash price=0.31 shares=5 available=$0.4966
[2026-06-07T07:24:30.390Z] [fair-value] Suppressing DOWN quote: insufficient cash price=0.24 shares=5 available=$0.4966
[2026-06-07T07:24:33.679Z] [fair-value] Suppressing UP quote: insufficient cash price=0.48 shares=5 available=$0.4966
[2026-06-07T07:24:37.390Z] [fair-value] Suppressing DOWN quote: insufficient cash price=0.21 shares=5 available=$0.4966
[2026-06-07T07:24:38.729Z] [fair-value] Suppressing UP quote: insufficient cash price=0.49 shares=5 available=$0.4966
[2026-06-07T07:24:40.387Z] [fair-value] Suppressing DOWN quote: insufficient cash price=0.20 shares=5 available=$0.4966
[2026-06-07T07:24:43.765Z] [fair-value] Suppressing UP quote: insufficient cash price=0.48 shares=5 available=$0.4966
[2026-06-07T07:24:53.333Z] [fair-value] Suppressing UP quote: insufficient cash price=0.49 shares=5 available=$0.4966
[2026-06-07T07:24:53.810Z] [fair-value] Suppressing UP quote: insufficient cash price=0.48 shares=5 available=$0.4966
[2026-06-07T07:24:59.047Z] [fair-value] P(UP)=1.0000 Sigma=0.0628 settlement=62114.26 predictive=62200.51 Rem=300s
[2026-06-07T07:25:00.084Z] [btc-updown-5m-1780817400] calling venue.initRound
[2026-06-07T07:25:00.159Z] [fair-value] Suppressing UP quote: insufficient cash price=0.50 shares=5 available=$0.4966
[2026-06-07T07:25:00.347Z] [btc-updown-5m-1780817400] venue.initRound returned metadata
[2026-06-07T07:25:00.405Z] [fair-value] Suppressing DOWN quote: insufficient cash price=0.17 shares=5 available=$0.4966
[2026-06-07T07:25:00.679Z] [fair-value] Suppressing UP quote: insufficient cash price=0.53 shares=5 available=$0.4966
[2026-06-07T07:25:00.939Z] [fair-value] Suppressing UP quote: insufficient cash price=0.49 shares=5 available=$0.4966
[2026-06-07T07:25:00.940Z] [fair-value] Suppressing DOWN quote: insufficient cash price=0.26 shares=5 available=$0.4966
[2026-06-07T07:25:00.940Z] [btc-updown-5m-1780817400] state: INIT → RUNNING
[2026-06-07T07:25:01.990Z] [fair-value] Suppressing UP quote: insufficient cash price=0.54 shares=5 available=$0.4966
[2026-06-07T07:25:01.991Z] [fair-value] Suppressing DOWN quote: insufficient cash price=0.19 shares=5 available=$0.4966
[2026-06-07T07:25:01.991Z] [fair-value] Suppressing DOWN quote: insufficient cash price=0.28 shares=5 available=$0.4966
[2026-06-07T07:25:02.177Z] [fair-value] Suppressing DOWN quote: insufficient cash price=0.27 shares=5 available=$0.4966
[2026-06-07T07:25:02.625Z] [fair-value] Suppressing UP quote: insufficient cash price=0.55 shares=5 available=$0.4966
[2026-06-07T07:25:03.208Z] [fair-value] Posting 1 maker-safe orders. Bids: UP=0.49 (EV=0.4054) DOWN=0.09 (EV=0.0146) settlementAnchor=62139.89 predictiveComposite=62209.89
[2026-06-07T07:25:03.394Z] [fair-value] Suppressing DOWN quote: insufficient cash price=0.35 shares=5 available=$0.4966
[2026-06-07T07:25:03.394Z] [fair-value] Suppressing DOWN quote: insufficient cash price=0.40 shares=5 available=$0.4966
[2026-06-07T07:25:03.727Z] [wallet] lockBuy [btc-updown-5m-1780817400] BUY DOWN @ 0.09: -$0.45 | avail=$0.05
[2026-06-07T07:25:03.849Z] [fair-value] Replacing DOWN quote: 0.09 -> 0.4
[2026-06-07T07:25:03.850Z] [fair-value] Replacing DOWN quote: 0.09 -> 0.4
[2026-06-07T07:25:03.959Z] [fair-value] Replacing DOWN quote: 0.09 -> 0.4
[2026-06-07T07:25:04.025Z] [fair-value] Replacing DOWN quote: 0.09 -> 0.4
[2026-06-07T07:25:04.025Z] [fair-value] Replacing DOWN quote: 0.09 -> 0.4
[2026-06-07T07:25:04.188Z] [wallet] unlockBuy [btc-updown-5m-1780817400] BUY DOWN @ 0.09: +$0.45 | avail=$0.50
[2026-06-07T07:25:04.396Z] [fair-value] Suppressing UP quote: insufficient cash price=0.56 shares=5 available=$0.4966
[2026-06-07T07:25:07.152Z] [fair-value] Posting 1 maker-safe orders. Bids: UP=0.49 (EV=0.4517) DOWN=0.05 (EV=0.0083) settlementAnchor=62139.89 predictiveComposite=62211.99
[2026-06-07T07:25:07.158Z] [fair-value] Posting 1 maker-safe orders. Bids: UP=0.56 (EV=0.3452) DOWN=0.08 (EV=0.0148) settlementAnchor=62139.89 predictiveComposite=62211.02
[2026-06-07T07:25:07.160Z] [fair-value] Suppressing DOWN quote: insufficient cash price=0.18 shares=5 available=$0.4966
[2026-06-07T07:25:07.246Z] [fair-value] Suppressing DOWN quote: insufficient cash price=0.20 shares=5 available=$0.4966
[2026-06-07T07:25:07.246Z] [fair-value] Suppressing DOWN quote: insufficient cash price=0.29 shares=5 available=$0.4966
[2026-06-07T07:25:08.286Z] [wallet] lockBuy [btc-updown-5m-1780817100] BUY DOWN @ 0.08: -$0.40 | avail=$0.10
[2026-06-07T07:25:08.344Z] [wallet] lockBuy [btc-updown-5m-1780817400] BUY DOWN @ 0.05: -$0.25 | avail=$-0.15
[2026-06-07T07:25:08.432Z] [fair-value] Replacing DOWN quote: 0.08 -> 0.2
[2026-06-07T07:25:08.697Z] [fair-value] Replacing DOWN quote: 0.08 -> 0.2
[2026-06-07T07:25:08.697Z] [fair-value] Replacing DOWN quote: 0.05 -> 0.29
[2026-06-07T07:25:08.698Z] [fair-value] Replacing DOWN quote: 0.08 -> 0.2
[2026-06-07T07:25:08.698Z] [fair-value] Replacing DOWN quote: 0.05 -> 0.29
[2026-06-07T07:25:08.949Z] [fair-value] Replacing DOWN quote: 0.08 -> 0.2
[2026-06-07T07:25:08.949Z] [fair-value] Replacing DOWN quote: 0.05 -> 0.29
[2026-06-07T07:25:08.949Z] [fair-value] Replacing DOWN quote: 0.08 -> 0.2
[2026-06-07T07:25:08.950Z] [fair-value] Replacing DOWN quote: 0.05 -> 0.29
[2026-06-07T07:25:08.950Z] [fair-value] Replacing DOWN quote: 0.08 -> 0.2
[2026-06-07T07:25:08.950Z] [fair-value] Replacing DOWN quote: 0.05 -> 0.29
[2026-06-07T07:25:08.951Z] [fair-value] Replacing DOWN quote: 0.08 -> 0.2
[2026-06-07T07:25:08.951Z] [fair-value] Replacing DOWN quote: 0.05 -> 0.29
[2026-06-07T07:25:08.951Z] [fair-value] Replacing DOWN quote: 0.08 -> 0.2
[2026-06-07T07:25:08.952Z] [fair-value] Replacing DOWN quote: 0.05 -> 0.29
[2026-06-07T07:25:08.952Z] [fair-value] Replacing DOWN quote: 0.08 -> 0.2
[2026-06-07T07:25:08.952Z] [fair-value] Replacing DOWN quote: 0.05 -> 0.29
[2026-06-07T07:25:08.953Z] [fair-value] Replacing DOWN quote: 0.08 -> 0.2
[2026-06-07T07:25:08.953Z] [fair-value] Replacing DOWN quote: 0.05 -> 0.29
[2026-06-07T07:25:08.953Z] [fair-value] Replacing DOWN quote: 0.08 -> 0.2
[2026-06-07T07:25:08.954Z] [fair-value] Replacing DOWN quote: 0.05 -> 0.29
[2026-06-07T07:25:08.955Z] [fair-value] Replacing DOWN quote: 0.08 -> 0.2
[2026-06-07T07:25:08.955Z] [fair-value] Replacing DOWN quote: 0.05 -> 0.29
[2026-06-07T07:25:08.955Z] [fair-value] Replacing DOWN quote: 0.08 -> 0.2
[2026-06-07T07:25:08.955Z] [fair-value] Replacing DOWN quote: 0.05 -> 0.29
[2026-06-07T07:25:08.956Z] [fair-value] Replacing DOWN quote: 0.08 -> 0.19
[2026-06-07T07:25:08.957Z] [fair-value] Replacing DOWN quote: 0.05 -> 0.27
[2026-06-07T07:25:08.957Z] [fair-value] Replacing DOWN quote: 0.08 -> 0.19
[2026-06-07T07:25:08.957Z] [fair-value] Replacing DOWN quote: 0.05 -> 0.27
[2026-06-07T07:25:08.958Z] [fair-value] Replacing DOWN quote: 0.08 -> 0.15
[2026-06-07T07:25:08.959Z] [fair-value] Suppressing DOWN quote: insufficient cash price=0.15 shares=5 available=$0.4966
[2026-06-07T07:25:08.959Z] [fair-value] Replacing DOWN quote: 0.05 -> 0.24
[2026-06-07T07:25:08.960Z] [fair-value] Suppressing DOWN quote: insufficient cash price=0.24 shares=5 available=$0.4966
[2026-06-07T07:25:08.960Z] [fair-value] Replacing DOWN quote: 0.08 -> 0.15
[2026-06-07T07:25:08.961Z] [fair-value] Replacing DOWN quote: 0.05 -> 0.24
[2026-06-07T07:25:08.961Z] [fair-value] Replacing DOWN quote: 0.08 -> 0.15
[2026-06-07T07:25:08.962Z] [fair-value] Replacing DOWN quote: 0.05 -> 0.25
[2026-06-07T07:25:08.962Z] [fair-value] Suppressing DOWN quote: insufficient cash price=0.25 shares=5 available=$0.4966
[2026-06-07T07:25:08.962Z] [fair-value] Replacing DOWN quote: 0.08 -> 0.15
[2026-06-07T07:25:08.962Z] [fair-value] Replacing DOWN quote: 0.05 -> 0.25
[2026-06-07T07:25:08.963Z] [fair-value] Replacing DOWN quote: 0.08 -> 0.15
[2026-06-07T07:25:08.963Z] [fair-value] Replacing DOWN quote: 0.05 -> 0.25
[2026-06-07T07:25:08.963Z] [fair-value] Replacing DOWN quote: 0.08 -> 0.15
[2026-06-07T07:25:08.963Z] [fair-value] Replacing DOWN quote: 0.05 -> 0.25
[2026-06-07T07:25:08.964Z] [fair-value] Replacing DOWN quote: 0.08 -> 0.15
[2026-06-07T07:25:08.965Z] [fair-value] Replacing DOWN quote: 0.05 -> 0.25
[2026-06-07T07:25:08.965Z] [fair-value] Replacing DOWN quote: 0.08 -> 0.15
[2026-06-07T07:25:08.965Z] [fair-value] Replacing DOWN quote: 0.05 -> 0.25
[2026-06-07T07:25:09.020Z] [fair-value] Replacing DOWN quote: 0.05 -> 0.25
[2026-06-07T07:25:09.117Z] [wallet] unlockBuy [btc-updown-5m-1780817100] BUY DOWN @ 0.08: +$0.40 | avail=$0.25
[2026-06-07T07:25:09.231Z] [fair-value] Canceling stale DOWN quote: 0.05 (Edge: -0.0400 < 0.005)
[2026-06-07T07:25:09.231Z] [fair-value] Canceling stale DOWN quote: 0.05 (Edge: -0.0400 < 0.005)
[2026-06-07T07:25:09.309Z] [wallet] unlockBuy [btc-updown-5m-1780817400] BUY DOWN @ 0.05: +$0.25 | avail=$0.50
[2026-06-07T07:25:09.625Z] [fair-value] Suppressing UP quote: insufficient cash price=0.57 shares=5 available=$0.4966
[2026-06-07T07:25:10.626Z] [fair-value] Suppressing UP quote: insufficient cash price=0.58 shares=5 available=$0.4966
[2026-06-07T07:25:11.025Z] [fair-value] Suppressing UP quote: insufficient cash price=0.49 shares=5 available=$0.4966
[2026-06-07T07:25:18.146Z] [fair-value] Suppressing DOWN quote: insufficient cash price=0.12 shares=5 available=$0.4966
[2026-06-07T07:25:18.146Z] [fair-value] Suppressing DOWN quote: insufficient cash price=0.22 shares=5 available=$0.4966
[2026-06-07T07:25:18.464Z] [fair-value] Suppressing UP quote: insufficient cash price=0.56 shares=5 available=$0.4966
[2026-06-07T07:25:18.465Z] [fair-value] Suppressing DOWN quote: insufficient cash price=0.17 shares=5 available=$0.4966
[2026-06-07T07:25:18.465Z] [fair-value] Suppressing DOWN quote: insufficient cash price=0.26 shares=5 available=$0.4966
[2026-06-07T07:25:19.108Z] [fair-value] Suppressing DOWN quote: insufficient cash price=0.16 shares=5 available=$0.4966
[2026-06-07T07:25:19.612Z] [fair-value] Suppressing UP quote: insufficient cash price=0.55 shares=5 available=$0.4966
[2026-06-07T07:25:19.613Z] [fair-value] Suppressing DOWN quote: insufficient cash price=0.28 shares=5 available=$0.4966
[2026-06-07T07:25:19.613Z] [fair-value] Suppressing DOWN quote: insufficient cash price=0.35 shares=5 available=$0.4966
[2026-06-07T07:25:19.614Z] [fair-value] Suppressing DOWN quote: insufficient cash price=0.25 shares=5 available=$0.4966
[2026-06-07T07:25:19.614Z] [fair-value] Suppressing DOWN quote: insufficient cash price=0.33 shares=5 available=$0.4966
[2026-06-07T07:25:19.736Z] [fair-value] Suppressing DOWN quote: insufficient cash price=0.26 shares=5 available=$0.4966
[2026-06-07T07:25:19.737Z] [fair-value] Suppressing DOWN quote: insufficient cash price=0.24 shares=5 available=$0.4966
[2026-06-07T07:25:19.737Z] [fair-value] Suppressing DOWN quote: insufficient cash price=0.32 shares=5 available=$0.4966
[2026-06-07T07:25:20.037Z] [fair-value] Suppressing UP quote: insufficient cash price=0.54 shares=5 available=$0.4966
[2026-06-07T07:25:20.038Z] [fair-value] Suppressing DOWN quote: insufficient cash price=0.31 shares=5 available=$0.4966
[2026-06-07T07:25:20.038Z] [fair-value] Suppressing DOWN quote: insufficient cash price=0.37 shares=5 available=$0.4966
[2026-06-07T07:25:20.102Z] [fair-value] Suppressing DOWN quote: insufficient cash price=0.32 shares=5 available=$0.4966
[2026-06-07T07:25:20.102Z] [fair-value] Suppressing DOWN quote: insufficient cash price=0.38 shares=5 available=$0.4966
[2026-06-07T07:25:20.213Z] [fair-value] Suppressing UP quote: insufficient cash price=0.50 shares=5 available=$0.4966
[2026-06-07T07:25:20.214Z] [fair-value] Suppressing DOWN quote: insufficient cash price=0.30 shares=5 available=$0.4966
[2026-06-07T07:25:20.214Z] [fair-value] Suppressing DOWN quote: insufficient cash price=0.36 shares=5 available=$0.4966
[2026-06-07T07:25:20.395Z] [fair-value] Suppressing DOWN quote: insufficient cash price=0.34 shares=5 available=$0.4966
[2026-06-07T07:25:20.395Z] [fair-value] Suppressing DOWN quote: insufficient cash price=0.39 shares=5 available=$0.4966
[2026-06-07T07:25:21.072Z] [fair-value] Suppressing UP quote: insufficient cash price=0.49 shares=5 available=$0.4966
[2026-06-07T07:25:21.387Z] [fair-value] Suppressing DOWN quote: insufficient cash price=0.37 shares=5 available=$0.4966
[2026-06-07T07:25:21.387Z] [fair-value] Suppressing DOWN quote: insufficient cash price=0.41 shares=5 available=$0.4966
[2026-06-07T07:25:21.481Z] [fair-value] Suppressing UP quote: insufficient cash price=0.49 shares=5 available=$0.4966
[2026-06-07T07:25:22.063Z] [fair-value] Suppressing DOWN quote: insufficient cash price=0.35 shares=5 available=$0.4966
[2026-06-07T07:25:22.064Z] [fair-value] Suppressing DOWN quote: insufficient cash price=0.40 shares=5 available=$0.4966
[2026-06-07T07:25:22.288Z] [fair-value] Suppressing DOWN quote: insufficient cash price=0.20 shares=5 available=$0.4966
[2026-06-07T07:25:22.288Z] [fair-value] Suppressing DOWN quote: insufficient cash price=0.29 shares=5 available=$0.4966
[2026-06-07T07:25:22.436Z] [fair-value] Suppressing DOWN quote: insufficient cash price=0.28 shares=5 available=$0.4966
[2026-06-07T07:25:22.437Z] [fair-value] Suppressing DOWN quote: insufficient cash price=0.29 shares=5 available=$0.4966
[2026-06-07T07:25:22.437Z] [fair-value] Suppressing DOWN quote: insufficient cash price=0.27 shares=5 available=$0.4966
[2026-06-07T07:25:22.437Z] [fair-value] Suppressing DOWN quote: insufficient cash price=0.34 shares=5 available=$0.4966
[2026-06-07T07:25:23.443Z] [fair-value] Suppressing UP quote: insufficient cash price=0.58 shares=5 available=$0.4966
[2026-06-07T07:25:23.521Z] [fair-value] Suppressing UP quote: insufficient cash price=0.59 shares=5 available=$0.4966
[2026-06-07T07:25:24.967Z] [fair-value] Suppressing DOWN quote: insufficient cash price=0.23 shares=5 available=$0.4966
[2026-06-07T07:25:24.968Z] [fair-value] Suppressing DOWN quote: insufficient cash price=0.31 shares=5 available=$0.4966
[2026-06-07T07:25:26.805Z] [fair-value] Suppressing UP quote: insufficient cash price=0.60 shares=5 available=$0.4966
[2026-06-07T07:25:27.183Z] [fair-value] Suppressing UP quote: insufficient cash price=0.61 shares=5 available=$0.4966
[2026-06-07T07:25:27.973Z] [fair-value] Suppressing DOWN quote: insufficient cash price=0.22 shares=5 available=$0.4966
[2026-06-07T07:25:27.973Z] [fair-value] Suppressing DOWN quote: insufficient cash price=0.30 shares=5 available=$0.4966
[2026-06-07T07:25:28.728Z] [fair-value] Posting 1 maker-safe orders. Bids: UP=0.49 (EV=0.4361) DOWN=0.06 (EV=0.0139) settlementAnchor=62139.89 predictiveComposite=62209.26
[2026-06-07T07:25:29.014Z] [fair-value] P(UP)=0.9823 Sigma=0.1810 settlement=62139.89 predictive=62209.26 Rem=270s
[2026-06-07T07:25:29.015Z] [fair-value] P(UP)=0.9262 Sigma=0.1810 settlement=62139.89 predictive=62209.26 Rem=570s
[2026-06-07T07:25:29.015Z] [fair-value] Posting 1 maker-safe orders. Bids: UP=0.59 (EV=0.3480) DOWN=0.05 (EV=0.0120) settlementAnchor=62139.89 predictiveComposite=62209.57
[2026-06-07T07:25:29.017Z] [fair-value] Suppressing DOWN quote: insufficient cash price=0.15 shares=5 available=$0.4966
[2026-06-07T07:25:29.297Z] [wallet] lockBuy [btc-updown-5m-1780817100] BUY DOWN @ 0.05: -$0.25 | avail=$0.25
[2026-06-07T07:25:29.304Z] [wallet] lockBuy [btc-updown-5m-1780817400] BUY DOWN @ 0.06: -$0.30 | avail=$-0.05
[2026-06-07T07:25:29.357Z] [fair-value] Replacing DOWN quote: 0.06 -> 0.16
[2026-06-07T07:25:29.358Z] [fair-value] Suppressing DOWN quote: insufficient cash price=0.16 shares=5 available=$0.4966
[2026-06-07T07:25:29.358Z] [fair-value] Replacing DOWN quote: 0.06 -> 0.16
[2026-06-07T07:25:29.516Z] [fair-value] Replacing DOWN quote: 0.06 -> 0.16
[2026-06-07T07:25:29.517Z] [fair-value] Replacing DOWN quote: 0.06 -> 0.16
[2026-06-07T07:25:29.782Z] [wallet] unlockBuy [btc-updown-5m-1780817400] BUY DOWN @ 0.06: +$0.30 | avail=$0.25
[2026-06-07T07:25:29.784Z] [fair-value] Suppressing UP quote: insufficient cash price=0.57 shares=5 available=$0.4966
[2026-06-07T07:25:29.785Z] [fair-value] Canceling stale DOWN quote: 0.05 (Edge: -0.0320 < 0.005)
[2026-06-07T07:25:29.786Z] [fair-value] Posting 1 maker-safe orders. Bids: UP=0.49 (EV=0.4096) DOWN=0.09 (EV=0.0104) settlementAnchor=62139.89 predictiveComposite=62209.26
[2026-06-07T07:25:29.787Z] [btc-updown-5m-1780817400] Retry stopped: wallet balance too low to place buy
[2026-06-07T07:25:29.787Z] [fair-value] Canceling stale DOWN quote: 0.05 (Edge: -0.0320 < 0.005)
[2026-06-07T07:25:29.787Z] [fair-value] Posting 1 maker-safe orders. Bids: UP=0.49 (EV=0.4096) DOWN=0.09 (EV=0.0104) settlementAnchor=62139.89 predictiveComposite=62209.26
[2026-06-07T07:25:29.788Z] [btc-updown-5m-1780817400] Retry stopped: wallet balance too low to place buy
[2026-06-07T07:25:29.789Z] [fair-value] Canceling stale DOWN quote: 0.05 (Edge: -0.0204 < 0.005)
[2026-06-07T07:25:29.789Z] [fair-value] Posting 1 maker-safe orders. Bids: UP=0.57 (EV=0.4004) DOWN=0.02 (EV=0.0096) settlementAnchor=62139.89 predictiveComposite=62209.00
[2026-06-07T07:25:29.789Z] [btc-updown-5m-1780817100] Live placement gated: waiting for 1 cancel(s) to confirm
[2026-06-07T07:25:29.790Z] [fair-value] Suppressing DOWN quote: insufficient cash price=0.11 shares=5 available=$0.4966
[2026-06-07T07:25:29.790Z] [fair-value] Canceling stale DOWN quote: 0.05 (Edge: -0.0204 < 0.005)
[2026-06-07T07:25:29.790Z] [fair-value] Posting 1 maker-safe orders. Bids: UP=0.57 (EV=0.4004) DOWN=0.02 (EV=0.0096) settlementAnchor=62139.89 predictiveComposite=62209.00
[2026-06-07T07:25:30.555Z] [fair-value] Canceling stale DOWN quote: 0.05 (Edge: -0.0196 < 0.005)
[2026-06-07T07:25:30.555Z] [fair-value] Suppressing UP quote: insufficient cash price=0.56 shares=5 available=$0.4966
[2026-06-07T07:25:30.556Z] [fair-value] Posting 1 maker-safe orders. Bids: UP=0.56 (EV=0.4096) DOWN=0.02 (EV=0.0104) settlementAnchor=62139.89 predictiveComposite=62208.62
[2026-06-07T07:25:30.556Z] [fair-value] Canceling stale DOWN quote: 0.05 (Edge: -0.0196 < 0.005)
[2026-06-07T07:25:30.556Z] [fair-value] Posting 1 maker-safe orders. Bids: UP=0.56 (EV=0.4096) DOWN=0.02 (EV=0.0104) settlementAnchor=62139.89 predictiveComposite=62208.62
[2026-06-07T07:25:30.557Z] [fair-value] Canceling stale DOWN quote: 0.05 (Edge: -0.0196 < 0.005)
[2026-06-07T07:25:30.557Z] [fair-value] Posting 1 maker-safe orders. Bids: UP=0.56 (EV=0.4096) DOWN=0.02 (EV=0.0104) settlementAnchor=62139.89 predictiveComposite=62208.62
[2026-06-07T07:25:30.669Z] [fair-value] Canceling stale DOWN quote: 0.05 (Edge: -0.0197 < 0.005)
[2026-06-07T07:25:30.669Z] [fair-value] Posting 1 maker-safe orders. Bids: UP=0.56 (EV=0.4097) DOWN=0.02 (EV=0.0103) settlementAnchor=62139.89 predictiveComposite=62208.63
[2026-06-07T07:25:30.670Z] [fair-value] Canceling stale DOWN quote: 0.05 (Edge: -0.0197 < 0.005)
[2026-06-07T07:25:30.670Z] [fair-value] Posting 1 maker-safe orders. Bids: UP=0.56 (EV=0.4097) DOWN=0.02 (EV=0.0103) settlementAnchor=62139.89 predictiveComposite=62208.63
[2026-06-07T07:25:30.695Z] [wallet] unlockBuy [btc-updown-5m-1780817100] BUY DOWN @ 0.05: +$0.25 | avail=$0.50
[2026-06-07T07:25:31.069Z] [fair-value] Posting 1 maker-safe orders. Bids: UP=0.56 (EV=0.4098) DOWN=0.02 (EV=0.0102) settlementAnchor=62139.89 predictiveComposite=62208.63
[2026-06-07T07:25:31.176Z] [fair-value] Suppressing UP quote: insufficient cash price=0.49 shares=5 available=$0.4966
[2026-06-07T07:25:31.585Z] [wallet] lockBuy [btc-updown-5m-1780817100] BUY DOWN @ 0.02: -$0.10 | avail=$0.40
[2026-06-07T07:25:33.334Z] [fair-value] Canceling stale DOWN quote: 0.02 (Edge: -0.0100 < 0.005)
[2026-06-07T07:25:33.335Z] [fair-value] Canceling stale DOWN quote: 0.02 (Edge: -0.0100 < 0.005)
[2026-06-07T07:25:33.335Z] [fair-value] Canceling stale DOWN quote: 0.02 (Edge: -0.0100 < 0.005)
[2026-06-07T07:25:33.335Z] [fair-value] Canceling stale DOWN quote: 0.02 (Edge: -0.0100 < 0.005)
[2026-06-07T07:25:33.564Z] [fair-value] Canceling stale DOWN quote: 0.02 (Edge: -0.0100 < 0.005)
[2026-06-07T07:25:33.713Z] [fair-value] Canceling stale DOWN quote: 0.02 (Edge: -0.0100 < 0.005)
[2026-06-07T07:25:33.714Z] [fair-value] Canceling stale DOWN quote: 0.02 (Edge: -0.0100 < 0.005)
[2026-06-07T07:25:33.823Z] [fair-value] Canceling stale DOWN quote: 0.02 (Edge: -0.0100 < 0.005)
[2026-06-07T07:25:33.823Z] [fair-value] Canceling stale DOWN quote: 0.02 (Edge: -0.0100 < 0.005)
[2026-06-07T07:25:33.824Z] [fair-value] Canceling stale DOWN quote: 0.02 (Edge: -0.0100 < 0.005)
[2026-06-07T07:25:33.824Z] [fair-value] Canceling stale DOWN quote: 0.02 (Edge: -0.0100 < 0.005)
[2026-06-07T07:25:34.275Z] [wallet] unlockBuy [btc-updown-5m-1780817100] BUY DOWN @ 0.02: +$0.10 | avail=$0.50
[2026-06-07T07:25:34.567Z] [fair-value] Suppressing UP quote: insufficient cash price=0.59 shares=5 available=$0.4966
[2026-06-07T07:25:34.728Z] [fair-value] Posting 1 maker-safe orders. Bids: UP=0.49 (EV=0.4647) DOWN=0.03 (EV=0.0153) settlementAnchor=62139.89 predictiveComposite=62212.92
[2026-06-07T07:25:35.178Z] [fair-value] Suppressing UP quote: insufficient cash price=0.58 shares=5 available=$0.4966
[2026-06-07T07:25:35.587Z] [wallet] lockBuy [btc-updown-5m-1780817400] BUY DOWN @ 0.03: -$0.15 | avail=$0.35
[2026-06-07T07:25:35.766Z] [fair-value] Canceling stale DOWN quote: 0.03 (Edge: -0.0111 < 0.005)
[2026-06-07T07:25:35.766Z] [fair-value] Canceling stale DOWN quote: 0.03 (Edge: -0.0111 < 0.005)
[2026-06-07T07:25:36.145Z] [fair-value] Canceling stale DOWN quote: 0.03 (Edge: -0.0111 < 0.005)
[2026-06-07T07:25:36.145Z] [fair-value] Canceling stale DOWN quote: 0.03 (Edge: -0.0111 < 0.005)
[2026-06-07T07:25:36.146Z] [fair-value] Canceling stale DOWN quote: 0.03 (Edge: -0.0111 < 0.005)
[2026-06-07T07:25:36.146Z] [fair-value] Canceling stale DOWN quote: 0.03 (Edge: -0.0111 < 0.005)
[2026-06-07T07:25:36.201Z] [fair-value] Canceling stale DOWN quote: 0.03 (Edge: -0.0111 < 0.005)
[2026-06-07T07:25:36.489Z] [wallet] unlockBuy [btc-updown-5m-1780817400] BUY DOWN @ 0.03: +$0.15 | avail=$0.50
[2026-06-07T07:25:37.215Z] [fair-value] Suppressing UP quote: insufficient cash price=0.61 shares=5 available=$0.4966
[2026-06-07T07:25:41.230Z] [fair-value] Suppressing UP quote: insufficient cash price=0.49 shares=5 available=$0.4966
[2026-06-07T07:25:41.459Z] [fair-value] Suppressing UP quote: insufficient cash price=0.62 shares=5 available=$0.4966
[2026-06-07T07:25:41.460Z] [fair-value] Suppressing DOWN quote: insufficient cash price=0.11 shares=5 available=$0.4966
[2026-06-07T07:25:41.460Z] [fair-value] Suppressing DOWN quote: insufficient cash price=0.21 shares=5 available=$0.4966
[2026-06-07T07:25:42.285Z] [fair-value] Suppressing UP quote: insufficient cash price=0.64 shares=5 available=$0.4966
[2026-06-07T07:25:43.220Z] [fair-value] Suppressing DOWN quote: insufficient cash price=0.10 shares=5 available=$0.4966
[2026-06-07T07:25:43.221Z] [fair-value] Suppressing DOWN quote: insufficient cash price=0.20 shares=5 available=$0.4966
[2026-06-07T07:25:43.393Z] [fair-value] Suppressing UP quote: insufficient cash price=0.60 shares=5 available=$0.4966
[2026-06-07T07:25:43.452Z] [fair-value] Posting 1 maker-safe orders. Bids: UP=0.6 (EV=0.3059) DOWN=0.08 (EV=0.0141) settlementAnchor=62139.89 predictiveComposite=62217.55
[2026-06-07T07:25:43.454Z] [fair-value] Suppressing DOWN quote: insufficient cash price=0.19 shares=5 available=$0.4966
[2026-06-07T07:25:43.458Z] [fair-value] Suppressing DOWN quote: insufficient cash price=0.17 shares=5 available=$0.4966
[2026-06-07T07:25:43.459Z] [fair-value] Suppressing DOWN quote: insufficient cash price=0.27 shares=5 available=$0.4966
[2026-06-07T07:25:43.459Z] [fair-value] Suppressing DOWN quote: insufficient cash price=0.25 shares=5 available=$0.4966
[2026-06-07T07:25:43.459Z] [fair-value] Suppressing DOWN quote: insufficient cash price=0.33 shares=5 available=$0.4966
[2026-06-07T07:25:43.617Z] [fair-value] Suppressing DOWN quote: insufficient cash price=0.27 shares=5 available=$0.4966
[2026-06-07T07:25:43.617Z] [fair-value] Suppressing DOWN quote: insufficient cash price=0.34 shares=5 available=$0.4966
[2026-06-07T07:25:44.226Z] [wallet] lockBuy [btc-updown-5m-1780817100] BUY DOWN @ 0.08: -$0.40 | avail=$0.10
[2026-06-07T07:25:44.229Z] [fair-value] Replacing DOWN quote: 0.08 -> 0.27
[2026-06-07T07:25:44.230Z] [fair-value] Replacing DOWN quote: 0.08 -> 0.27
[2026-06-07T07:25:44.562Z] [fair-value] Replacing DOWN quote: 0.08 -> 0.27
[2026-06-07T07:25:44.563Z] [fair-value] Replacing DOWN quote: 0.08 -> 0.27
[2026-06-07T07:25:44.590Z] [fair-value] Replacing DOWN quote: 0.08 -> 0.27
[2026-06-07T07:25:44.590Z] [fair-value] Replacing DOWN quote: 0.08 -> 0.27
[2026-06-07T07:25:44.616Z] [fair-value] Replacing DOWN quote: 0.08 -> 0.27
[2026-06-07T07:25:44.923Z] [wallet] unlockBuy [btc-updown-5m-1780817100] BUY DOWN @ 0.08: +$0.40 | avail=$0.50
[2026-06-07T07:25:45.804Z] [fair-value] Suppressing DOWN quote: insufficient cash price=0.26 shares=5 available=$0.4966
[2026-06-07T07:25:45.804Z] [fair-value] Suppressing DOWN quote: insufficient cash price=0.24 shares=5 available=$0.4966
[2026-06-07T07:25:45.804Z] [fair-value] Suppressing DOWN quote: insufficient cash price=0.32 shares=5 available=$0.4966
[2026-06-07T07:25:46.484Z] [fair-value] Suppressing UP quote: insufficient cash price=0.67 shares=5 available=$0.4966
[2026-06-07T07:25:47.472Z] [fair-value] Suppressing UP quote: insufficient cash price=0.68 shares=5 available=$0.4966
[2026-06-07T07:25:47.820Z] [fair-value] Suppressing UP quote: insufficient cash price=0.69 shares=5 available=$0.4966
[2026-06-07T07:25:48.843Z] [fair-value] Suppressing UP quote: insufficient cash price=0.70 shares=5 available=$0.4966
[2026-06-07T07:25:50.289Z] [fair-value] Suppressing UP quote: insufficient cash price=0.66 shares=5 available=$0.4966
[2026-06-07T07:25:51.294Z] [fair-value] Suppressing UP quote: insufficient cash price=0.49 shares=5 available=$0.4966
[2026-06-07T07:25:57.924Z] [fair-value] Suppressing UP quote: insufficient cash price=0.69 shares=5 available=$0.4966
[2026-06-07T07:25:58.964Z] [fair-value] Suppressing UP quote: insufficient cash price=0.70 shares=5 available=$0.4966
[2026-06-07T07:25:59.224Z] [fair-value] P(UP)=1.0000 Sigma=0.0004 settlement=62139.89 predictive=62231.67 Rem=240s
[2026-06-07T07:25:59.224Z] [fair-value] P(UP)=1.0000 Sigma=0.0004 settlement=62139.89 predictive=62231.67 Rem=540s
[2026-06-07T07:26:01.288Z] [fair-value] Suppressing UP quote: insufficient cash price=0.64 shares=5 available=$0.4966
[2026-06-07T07:26:01.366Z] [fair-value] Suppressing UP quote: insufficient cash price=0.49 shares=5 available=$0.4966
[2026-06-07T07:26:01.377Z] [fair-value] Suppressing DOWN quote: insufficient cash price=0.13 shares=5 available=$0.4966
[2026-06-07T07:26:01.377Z] [fair-value] Suppressing DOWN quote: insufficient cash price=0.24 shares=5 available=$0.4966
[2026-06-07T07:26:02.599Z] [fair-value] Suppressing UP quote: insufficient cash price=0.66 shares=5 available=$0.4966
[2026-06-07T07:26:02.660Z] [fair-value] Suppressing UP quote: insufficient cash price=0.67 shares=5 available=$0.4966
[2026-06-07T07:26:04.901Z] [fair-value] Suppressing UP quote: insufficient cash price=0.68 shares=5 available=$0.4966
[2026-06-07T07:26:11.386Z] [fair-value] Suppressing UP quote: insufficient cash price=0.49 shares=5 available=$0.4966
[2026-06-07T07:26:14.422Z] [fair-value] Suppressing UP quote: insufficient cash price=0.66 shares=5 available=$0.4966
[2026-06-07T07:26:14.621Z] [fair-value] Suppressing UP quote: insufficient cash price=0.65 shares=5 available=$0.4966
[2026-06-07T07:26:17.386Z] [fair-value] Suppressing UP quote: insufficient cash price=0.67 shares=5 available=$0.4966
[2026-06-07T07:26:17.874Z] [fair-value] Suppressing UP quote: insufficient cash price=0.68 shares=5 available=$0.4966
[2026-06-07T07:26:20.390Z] [fair-value] Suppressing UP quote: insufficient cash price=0.69 shares=5 available=$0.4966
[2026-06-07T07:26:21.388Z] [fair-value] Suppressing UP quote: insufficient cash price=0.49 shares=5 available=$0.4966
[2026-06-07T07:26:21.887Z] [fair-value] Suppressing UP quote: insufficient cash price=0.70 shares=5 available=$0.4966
[2026-06-07T07:26:26.627Z] [fair-value] Posting 1 maker-safe orders. Bids: UP=0.49 (EV=0.4313) DOWN=0.07 (EV=0.0087) settlementAnchor=62139.89 predictiveComposite=62231.07
[2026-06-07T07:26:26.966Z] [wallet] lockBuy [btc-updown-5m-1780817400] BUY DOWN @ 0.07: -$0.35 | avail=$0.15
[2026-06-07T07:26:28.342Z] [fair-value] Posting 1 maker-safe orders. Bids: UP=0.7 (EV=0.2085) DOWN=0.08 (EV=0.0115) settlementAnchor=62139.89 predictiveComposite=62231.36
[2026-06-07T07:26:28.343Z] [btc-updown-5m-1780817100] Retry stopped: wallet balance too low to place buy
[2026-06-07T07:26:28.343Z] [fair-value] Replacing DOWN quote: 0.07 -> 0.19
[2026-06-07T07:26:28.343Z] [fair-value] Suppressing DOWN quote: insufficient cash price=0.19 shares=5 available=$0.4966
[2026-06-07T07:26:28.344Z] [fair-value] Posting 1 maker-safe orders. Bids: UP=0.7 (EV=0.2085) DOWN=0.08 (EV=0.0115) settlementAnchor=62139.89 predictiveComposite=62231.36
[2026-06-07T07:26:28.345Z] [btc-updown-5m-1780817100] Retry stopped: wallet balance too low to place buy
[2026-06-07T07:26:28.345Z] [fair-value] Replacing DOWN quote: 0.07 -> 0.19
[2026-06-07T07:26:28.390Z] [fair-value] Suppressing DOWN quote: insufficient cash price=0.14 shares=5 available=$0.4966
[2026-06-07T07:26:28.391Z] [fair-value] Replacing DOWN quote: 0.07 -> 0.25
[2026-06-07T07:26:28.391Z] [fair-value] Suppressing DOWN quote: insufficient cash price=0.25 shares=5 available=$0.4966
[2026-06-07T07:26:28.391Z] [fair-value] Replacing DOWN quote: 0.07 -> 0.25
[2026-06-07T07:26:28.549Z] [fair-value] Replacing DOWN quote: 0.07 -> 0.25
[2026-06-07T07:26:28.676Z] [wallet] unlockBuy [btc-updown-5m-1780817400] BUY DOWN @ 0.07: +$0.35 | avail=$0.50
[2026-06-07T07:26:28.822Z] [fair-value] Suppressing UP quote: insufficient cash price=0.74 shares=5 available=$0.4966
[2026-06-07T07:26:29.041Z] [fair-value] P(UP)=0.8413 Sigma=0.5995 settlement=62139.89 predictive=62236.37 Rem=210s
[2026-06-07T07:26:29.041Z] [fair-value] P(UP)=0.7395 Sigma=0.5995 settlement=62139.89 predictive=62236.37 Rem=510s
[2026-06-07T07:26:29.203Z] [fair-value] Suppressing DOWN quote: insufficient cash price=0.13 shares=5 available=$0.4966
[2026-06-07T07:26:29.204Z] [fair-value] Suppressing DOWN quote: insufficient cash price=0.21 shares=5 available=$0.4966
[2026-06-07T07:26:29.204Z] [fair-value] Suppressing DOWN quote: insufficient cash price=0.30 shares=5 available=$0.4966
[2026-06-07T07:26:29.388Z] [fair-value] Suppressing DOWN quote: insufficient cash price=0.31 shares=5 available=$0.4966
[2026-06-07T07:26:30.387Z] [fair-value] Suppressing DOWN quote: insufficient cash price=0.20 shares=5 available=$0.4966
[2026-06-07T07:26:31.554Z] [fair-value] Suppressing UP quote: insufficient cash price=0.49 shares=5 available=$0.4966
[2026-06-07T07:26:32.813Z] [fair-value] Suppressing DOWN quote: insufficient cash price=0.18 shares=5 available=$0.4966
[2026-06-07T07:26:32.813Z] [fair-value] Suppressing DOWN quote: insufficient cash price=0.28 shares=5 available=$0.4966
[2026-06-07T07:26:34.389Z] [fair-value] Suppressing UP quote: insufficient cash price=0.73 shares=5 available=$0.4966
[2026-06-07T07:26:35.389Z] [fair-value] Suppressing UP quote: insufficient cash price=0.72 shares=5 available=$0.4966
[2026-06-07T07:26:36.340Z] [fair-value] Suppressing UP quote: insufficient cash price=0.67 shares=5 available=$0.4966
[2026-06-07T07:26:36.396Z] [fair-value] Posting 1 maker-safe orders. Bids: UP=0.67 (EV=0.2879) DOWN=0.03 (EV=0.0121) settlementAnchor=62139.89 predictiveComposite=62230.12
[2026-06-07T07:26:36.397Z] [fair-value] Suppressing DOWN quote: insufficient cash price=0.14 shares=5 available=$0.4966
[2026-06-07T07:26:36.736Z] [wallet] lockBuy [btc-updown-5m-1780817100] BUY DOWN @ 0.03: -$0.15 | avail=$0.35
[2026-06-07T07:26:36.995Z] [fair-value] Suppressing UP quote: insufficient cash price=0.69 shares=5 available=$0.4966
[2026-06-07T07:26:37.292Z] [fair-value] Suppressing UP quote: insufficient cash price=0.70 shares=5 available=$0.4966
[2026-06-07T07:26:37.292Z] [fair-value] Suppressing DOWN quote: insufficient cash price=0.13 shares=5 available=$0.4966
[2026-06-07T07:26:37.939Z] [fair-value] Suppressing UP quote: insufficient cash price=0.71 shares=5 available=$0.4966
[2026-06-07T07:26:39.484Z] [fair-value] Canceling stale DOWN quote: 0.03 (Edge: -0.0200 < 0.005)
[2026-06-07T07:26:39.485Z] [fair-value] Canceling stale DOWN quote: 0.03 (Edge: -0.0200 < 0.005)
[2026-06-07T07:26:39.485Z] [fair-value] Canceling stale DOWN quote: 0.03 (Edge: -0.0200 < 0.005)
[2026-06-07T07:26:39.485Z] [fair-value] Posting 1 maker-safe orders. Bids: UP=0.49 (EV=0.4423) DOWN=0.06 (EV=0.0077) settlementAnchor=62139.89 predictiveComposite=62232.38
[2026-06-07T07:26:39.487Z] [fair-value] Canceling stale DOWN quote: 0.03 (Edge: -0.0200 < 0.005)
[2026-06-07T07:26:39.519Z] [fair-value] Canceling stale DOWN quote: 0.03 (Edge: -0.0200 < 0.005)
[2026-06-07T07:26:39.520Z] [fair-value] Canceling stale DOWN quote: 0.03 (Edge: -0.0200 < 0.005)
[2026-06-07T07:26:39.520Z] [fair-value] Canceling stale DOWN quote: 0.03 (Edge: -0.0200 < 0.005)
[2026-06-07T07:26:39.521Z] [fair-value] Canceling stale DOWN quote: 0.03 (Edge: -0.0200 < 0.005)
[2026-06-07T07:26:39.521Z] [fair-value] Replacing DOWN quote: 0.03 -> 0.05
[2026-06-07T07:26:39.522Z] [fair-value] Posting 1 maker-safe orders. Bids: UP=0.71 (EV=0.2309) DOWN=0.05 (EV=0.0091) settlementAnchor=62139.89 predictiveComposite=62231.26
[2026-06-07T07:26:39.522Z] [btc-updown-5m-1780817100] Live placement gated: waiting for 1 cancel(s) to confirm
[2026-06-07T07:26:39.522Z] [fair-value] Suppressing DOWN quote: insufficient cash price=0.16 shares=5 available=$0.4966
[2026-06-07T07:26:39.523Z] [fair-value] Replacing DOWN quote: 0.03 -> 0.05
[2026-06-07T07:26:39.523Z] [fair-value] Posting 1 maker-safe orders. Bids: UP=0.71 (EV=0.2309) DOWN=0.05 (EV=0.0091) settlementAnchor=62139.89 predictiveComposite=62231.26
[2026-06-07T07:26:39.524Z] [fair-value] Replacing DOWN quote: 0.03 -> 0.05
[2026-06-07T07:26:39.524Z] [fair-value] Posting 1 maker-safe orders. Bids: UP=0.71 (EV=0.2309) DOWN=0.05 (EV=0.0091) settlementAnchor=62139.89 predictiveComposite=62231.25
[2026-06-07T07:26:39.525Z] [fair-value] Replacing DOWN quote: 0.03 -> 0.05
[2026-06-07T07:26:39.525Z] [fair-value] Posting 1 maker-safe orders. Bids: UP=0.71 (EV=0.2309) DOWN=0.05 (EV=0.0091) settlementAnchor=62139.89 predictiveComposite=62231.25
[2026-06-07T07:26:39.633Z] [fair-value] Replacing DOWN quote: 0.03 -> 0.05
[2026-06-07T07:26:39.633Z] [fair-value] Posting 1 maker-safe orders. Bids: UP=0.71 (EV=0.2304) DOWN=0.05 (EV=0.0096) settlementAnchor=62139.89 predictiveComposite=62231.02
[2026-06-07T07:26:39.634Z] [fair-value] Replacing DOWN quote: 0.03 -> 0.05
[2026-06-07T07:26:39.634Z] [fair-value] Posting 1 maker-safe orders. Bids: UP=0.71 (EV=0.2304) DOWN=0.05 (EV=0.0096) settlementAnchor=62139.89 predictiveComposite=62231.02
[2026-06-07T07:26:39.635Z] [fair-value] Replacing DOWN quote: 0.03 -> 0.07
[2026-06-07T07:26:39.635Z] [fair-value] Posting 1 maker-safe orders. Bids: UP=0.71 (EV=0.2102) DOWN=0.07 (EV=0.0098) settlementAnchor=62139.89 predictiveComposite=62230.63
[2026-06-07T07:26:39.635Z] [fair-value] Suppressing DOWN quote: insufficient cash price=0.18 shares=5 available=$0.4966
[2026-06-07T07:26:39.636Z] [fair-value] Replacing DOWN quote: 0.03 -> 0.07
[2026-06-07T07:26:39.636Z] [fair-value] Posting 1 maker-safe orders. Bids: UP=0.71 (EV=0.2102) DOWN=0.07 (EV=0.0098) settlementAnchor=62139.89 predictiveComposite=62230.63
[2026-06-07T07:26:39.636Z] [fair-value] Replacing DOWN quote: 0.03 -> 0.12
[2026-06-07T07:26:39.636Z] [fair-value] Suppressing DOWN quote: insufficient cash price=0.12 shares=5 available=$0.4966
[2026-06-07T07:26:39.637Z] [fair-value] Suppressing DOWN quote: insufficient cash price=0.23 shares=5 available=$0.4966
[2026-06-07T07:26:39.637Z] [fair-value] Replacing DOWN quote: 0.03 -> 0.12
[2026-06-07T07:26:39.637Z] [fair-value] Replacing DOWN quote: 0.03 -> 0.12
[2026-06-07T07:26:39.638Z] [fair-value] Replacing DOWN quote: 0.03 -> 0.12
[2026-06-07T07:26:39.638Z] [fair-value] Replacing DOWN quote: 0.03 -> 0.12
[2026-06-07T07:26:39.638Z] [fair-value] Replacing DOWN quote: 0.03 -> 0.12
[2026-06-07T07:26:39.638Z] [fair-value] Replacing DOWN quote: 0.03 -> 0.12
[2026-06-07T07:26:39.639Z] [fair-value] Replacing DOWN quote: 0.03 -> 0.12
[2026-06-07T07:26:39.639Z] [fair-value] Replacing DOWN quote: 0.03 -> 0.12
[2026-06-07T07:26:39.639Z] [fair-value] Replacing DOWN quote: 0.03 -> 0.12
[2026-06-07T07:26:39.639Z] [fair-value] Replacing DOWN quote: 0.03 -> 0.12
[2026-06-07T07:26:39.640Z] [fair-value] Suppressing DOWN quote: insufficient cash price=0.24 shares=5 available=$0.4966
[2026-06-07T07:26:39.640Z] [fair-value] Replacing DOWN quote: 0.03 -> 0.12
[2026-06-07T07:26:39.640Z] [fair-value] Replacing DOWN quote: 0.03 -> 0.12
[2026-06-07T07:26:39.640Z] [fair-value] Replacing DOWN quote: 0.03 -> 0.12
[2026-06-07T07:26:39.669Z] [wallet] unlockBuy [btc-updown-5m-1780817100] BUY DOWN @ 0.03: +$0.15 | avail=$0.50
[2026-06-07T07:26:39.698Z] [fair-value] Suppressing DOWN quote: insufficient cash price=0.10 shares=5 available=$0.4966
[2026-06-07T07:26:39.698Z] [fair-value] Suppressing DOWN quote: insufficient cash price=0.22 shares=5 available=$0.4966
[2026-06-07T07:26:39.801Z] [fair-value] Suppressing DOWN quote: insufficient cash price=0.21 shares=5 available=$0.4966
[2026-06-07T07:26:39.802Z] [fair-value] Posting 1 maker-safe orders. Bids: UP=0.71 (EV=0.1828) DOWN=0.09 (EV=0.0172) settlementAnchor=62139.89 predictiveComposite=62227.41
[2026-06-07T07:26:39.837Z] [wallet] lockBuy [btc-updown-5m-1780817400] BUY DOWN @ 0.06: -$0.30 | avail=$0.20
[2026-06-07T07:26:39.970Z] [fair-value] Suppressing UP quote: insufficient cash price=0.64 shares=5 available=$0.4966
[2026-06-07T07:26:39.970Z] [fair-value] Canceling stale DOWN quote: 0.06 (Edge: -0.0500 < 0.005)
[2026-06-07T07:26:39.971Z] [fair-value] Canceling stale DOWN quote: 0.06 (Edge: -0.0500 < 0.005)
[2026-06-07T07:26:39.971Z] [fair-value] Canceling stale DOWN quote: 0.06 (Edge: -0.0500 < 0.005)
[2026-06-07T07:26:39.971Z] [fair-value] Canceling stale DOWN quote: 0.06 (Edge: -0.0500 < 0.005)
[2026-06-07T07:26:39.971Z] [fair-value] Canceling stale DOWN quote: 0.06 (Edge: -0.0500 < 0.005)
[2026-06-07T07:26:39.972Z] [fair-value] Canceling stale DOWN quote: 0.06 (Edge: -0.0500 < 0.005)
[2026-06-07T07:26:39.972Z] [fair-value] Suppressing DOWN quote: insufficient cash price=0.24 shares=5 available=$0.4966
[2026-06-07T07:26:39.972Z] [fair-value] Replacing DOWN quote: 0.06 -> 0.33
[2026-06-07T07:26:39.972Z] [fair-value] Suppressing DOWN quote: insufficient cash price=0.33 shares=5 available=$0.4966
[2026-06-07T07:26:39.973Z] [fair-value] Replacing DOWN quote: 0.06 -> 0.33
[2026-06-07T07:26:39.973Z] [fair-value] Replacing DOWN quote: 0.06 -> 0.33
[2026-06-07T07:26:39.973Z] [fair-value] Replacing DOWN quote: 0.06 -> 0.33
[2026-06-07T07:26:39.974Z] [fair-value] Suppressing DOWN quote: insufficient cash price=0.26 shares=5 available=$0.4966
[2026-06-07T07:26:39.974Z] [fair-value] Replacing DOWN quote: 0.06 -> 0.34
[2026-06-07T07:26:39.974Z] [fair-value] Suppressing DOWN quote: insufficient cash price=0.34 shares=5 available=$0.4966
[2026-06-07T07:26:39.974Z] [fair-value] Replacing DOWN quote: 0.06 -> 0.34
[2026-06-07T07:26:39.974Z] [fair-value] Replacing DOWN quote: 0.06 -> 0.34
[2026-06-07T07:26:39.975Z] [fair-value] Replacing DOWN quote: 0.06 -> 0.34
[2026-06-07T07:26:39.975Z] [fair-value] Replacing DOWN quote: 0.06 -> 0.34
[2026-06-07T07:26:39.975Z] [fair-value] Replacing DOWN quote: 0.06 -> 0.34
[2026-06-07T07:26:39.975Z] [fair-value] Replacing DOWN quote: 0.06 -> 0.34
[2026-06-07T07:26:39.976Z] [fair-value] Replacing DOWN quote: 0.06 -> 0.34
[2026-06-07T07:26:39.976Z] [fair-value] Replacing DOWN quote: 0.06 -> 0.34
[2026-06-07T07:26:39.976Z] [fair-value] Replacing DOWN quote: 0.06 -> 0.34
[2026-06-07T07:26:39.976Z] [fair-value] Replacing DOWN quote: 0.06 -> 0.34
[2026-06-07T07:26:39.976Z] [fair-value] Replacing DOWN quote: 0.06 -> 0.34
[2026-06-07T07:26:39.976Z] [fair-value] Replacing DOWN quote: 0.06 -> 0.35
[2026-06-07T07:26:39.976Z] [fair-value] Suppressing DOWN quote: insufficient cash price=0.35 shares=5 available=$0.4966
[2026-06-07T07:26:39.977Z] [fair-value] Replacing DOWN quote: 0.06 -> 0.35
[2026-06-07T07:26:39.977Z] [fair-value] Suppressing DOWN quote: insufficient cash price=0.27 shares=5 available=$0.4966
[2026-06-07T07:26:39.977Z] [fair-value] Replacing DOWN quote: 0.06 -> 0.35
[2026-06-07T07:26:39.977Z] [fair-value] Replacing DOWN quote: 0.06 -> 0.35
[2026-06-07T07:26:39.977Z] [fair-value] Replacing DOWN quote: 0.06 -> 0.35
[2026-06-07T07:26:39.977Z] [fair-value] Replacing DOWN quote: 0.06 -> 0.35
[2026-06-07T07:26:39.977Z] [fair-value] Replacing DOWN quote: 0.06 -> 0.34
[2026-06-07T07:26:39.978Z] [fair-value] Replacing DOWN quote: 0.06 -> 0.34
[2026-06-07T07:26:40.018Z] [fair-value] Replacing DOWN quote: 0.06 -> 0.34
[2026-06-07T07:26:40.018Z] [fair-value] Replacing DOWN quote: 0.06 -> 0.34
[2026-06-07T07:26:40.019Z] [fair-value] Suppressing DOWN quote: insufficient cash price=0.31 shares=5 available=$0.4966
[2026-06-07T07:26:40.019Z] [fair-value] Replacing DOWN quote: 0.06 -> 0.37
[2026-06-07T07:26:40.019Z] [fair-value] Suppressing DOWN quote: insufficient cash price=0.37 shares=5 available=$0.4966
[2026-06-07T07:26:40.019Z] [fair-value] Replacing DOWN quote: 0.06 -> 0.37
[2026-06-07T07:26:40.020Z] [fair-value] Replacing DOWN quote: 0.06 -> 0.37
[2026-06-07T07:26:40.020Z] [fair-value] Replacing DOWN quote: 0.06 -> 0.37
[2026-06-07T07:26:40.132Z] [wallet] unlockBuy [btc-updown-5m-1780817400] BUY DOWN @ 0.06: +$0.30 | avail=$0.50
[2026-06-07T07:26:40.219Z] [wallet] lockBuy [btc-updown-5m-1780817100] BUY DOWN @ 0.09: -$0.45 | avail=$0.05
[2026-06-07T07:26:40.390Z] [fair-value] Replacing DOWN quote: 0.09 -> 0.32
[2026-06-07T07:26:40.390Z] [fair-value] Suppressing DOWN quote: insufficient cash price=0.32 shares=5 available=$0.4966
[2026-06-07T07:26:40.390Z] [fair-value] Suppressing DOWN quote: insufficient cash price=0.38 shares=5 available=$0.4966
[2026-06-07T07:26:40.391Z] [fair-value] Replacing DOWN quote: 0.09 -> 0.32
[2026-06-07T07:26:40.430Z] [fair-value] Replacing DOWN quote: 0.09 -> 0.32
[2026-06-07T07:26:40.430Z] [fair-value] Replacing DOWN quote: 0.09 -> 0.32
[2026-06-07T07:26:40.475Z] [fair-value] Replacing DOWN quote: 0.09 -> 0.32
[2026-06-07T07:26:40.476Z] [fair-value] Replacing DOWN quote: 0.09 -> 0.32
[2026-06-07T07:26:40.476Z] [fair-value] Replacing DOWN quote: 0.09 -> 0.32
[2026-06-07T07:26:40.476Z] [fair-value] Replacing DOWN quote: 0.09 -> 0.32
[2026-06-07T07:26:40.477Z] [fair-value] Replacing DOWN quote: 0.09 -> 0.33
[2026-06-07T07:26:40.477Z] [fair-value] Suppressing DOWN quote: insufficient cash price=0.33 shares=5 available=$0.4966
[2026-06-07T07:26:40.477Z] [fair-value] Suppressing DOWN quote: insufficient cash price=0.39 shares=5 available=$0.4966
[2026-06-07T07:26:40.477Z] [fair-value] Replacing DOWN quote: 0.09 -> 0.33
[2026-06-07T07:26:40.600Z] [fair-value] Replacing DOWN quote: 0.09 -> 0.3
[2026-06-07T07:26:40.601Z] [fair-value] Suppressing DOWN quote: insufficient cash price=0.30 shares=5 available=$0.4966
[2026-06-07T07:26:40.601Z] [fair-value] Replacing DOWN quote: 0.09 -> 0.3
[2026-06-07T07:26:40.601Z] [fair-value] Replacing DOWN quote: 0.09 -> 0.3
[2026-06-07T07:26:40.602Z] [fair-value] Replacing DOWN quote: 0.09 -> 0.3
[2026-06-07T07:26:40.602Z] [fair-value] Replacing DOWN quote: 0.09 -> 0.29
[2026-06-07T07:26:40.602Z] [fair-value] Suppressing DOWN quote: insufficient cash price=0.29 shares=5 available=$0.4966
[2026-06-07T07:26:40.602Z] [fair-value] Suppressing DOWN quote: insufficient cash price=0.36 shares=5 available=$0.4966
[2026-06-07T07:26:40.603Z] [fair-value] Replacing DOWN quote: 0.09 -> 0.29
[2026-06-07T07:26:40.713Z] [wallet] unlockBuy [btc-updown-5m-1780817100] BUY DOWN @ 0.09: +$0.45 | avail=$0.50
[2026-06-07T07:26:40.767Z] [fair-value] Suppressing DOWN quote: insufficient cash price=0.28 shares=5 available=$0.4966
[2026-06-07T07:26:41.636Z] [fair-value] Suppressing UP quote: insufficient cash price=0.49 shares=5 available=$0.4966
[2026-06-07T07:26:42.387Z] [fair-value] Suppressing DOWN quote: insufficient cash price=0.17 shares=5 available=$0.4966
[2026-06-07T07:26:42.387Z] [fair-value] Suppressing DOWN quote: insufficient cash price=0.27 shares=5 available=$0.4966
[2026-06-07T07:26:42.478Z] [fair-value] Suppressing DOWN quote: insufficient cash price=0.16 shares=5 available=$0.4966
[2026-06-07T07:26:43.391Z] [fair-value] Suppressing DOWN quote: insufficient cash price=0.15 shares=5 available=$0.4966
[2026-06-07T07:26:43.391Z] [fair-value] Suppressing DOWN quote: insufficient cash price=0.26 shares=5 available=$0.4966
[2026-06-07T07:26:43.900Z] [fair-value] Posting 1 maker-safe orders. Bids: UP=0.49 (EV=0.4737) DOWN=0.02 (EV=0.0163) settlementAnchor=62139.89 predictiveComposite=62226.21
[2026-06-07T07:26:44.261Z] [wallet] lockBuy [btc-updown-5m-1780817400] BUY DOWN @ 0.02: -$0.10 | avail=$0.40
[2026-06-07T07:26:44.663Z] [fair-value] Canceling stale DOWN quote: 0.02 (Edge: -0.0100 < 0.005)
[2026-06-07T07:26:44.664Z] [fair-value] Canceling stale DOWN quote: 0.02 (Edge: -0.0100 < 0.005)
[2026-06-07T07:26:44.841Z] [fair-value] Canceling stale DOWN quote: 0.02 (Edge: -0.0100 < 0.005)
[2026-06-07T07:26:44.841Z] [fair-value] Canceling stale DOWN quote: 0.02 (Edge: -0.0100 < 0.005)
[2026-06-07T07:26:44.988Z] [wallet] unlockBuy [btc-updown-5m-1780817400] BUY DOWN @ 0.02: +$0.10 | avail=$0.50
[2026-06-07T07:26:49.998Z] [fair-value] Suppressing UP quote: insufficient cash price=0.64 shares=5 available=$0.4966
[2026-06-07T07:26:50.747Z] [fair-value] Suppressing UP quote: insufficient cash price=0.61 shares=5 available=$0.4966
[2026-06-07T07:26:51.070Z] [fair-value] Suppressing UP quote: insufficient cash price=0.62 shares=5 available=$0.4966
[2026-06-07T07:26:51.114Z] [fair-value] Suppressing UP quote: insufficient cash price=0.63 shares=5 available=$0.4966
[2026-06-07T07:26:51.676Z] [fair-value] Suppressing UP quote: insufficient cash price=0.49 shares=5 available=$0.4966
[2026-06-07T07:26:56.705Z] [fair-value] Suppressing UP quote: insufficient cash price=0.65 shares=5 available=$0.4966
[2026-06-07T07:26:56.915Z] [fair-value] Suppressing UP quote: insufficient cash price=0.66 shares=5 available=$0.4966
[2026-06-07T07:26:59.122Z] [fair-value] P(UP)=1.0000 Sigma=0.0004 settlement=62139.89 predictive=62225.38 Rem=180s
[2026-06-07T07:26:59.204Z] [fair-value] P(UP)=1.0000 Sigma=0.0005 settlement=62139.89 predictive=62225.38 Rem=480s
[2026-06-07T07:27:01.692Z] [fair-value] Suppressing UP quote: insufficient cash price=0.49 shares=5 available=$0.4966
[2026-06-07T07:27:02.149Z] [fair-value] Suppressing UP quote: insufficient cash price=0.67 shares=5 available=$0.4966
[2026-06-07T07:27:04.971Z] [fair-value] Suppressing UP quote: insufficient cash price=0.63 shares=5 available=$0.4966
[2026-06-07T07:27:06.092Z] [fair-value] Suppressing UP quote: insufficient cash price=0.57 shares=5 available=$0.4966
[2026-06-07T07:27:06.173Z] [fair-value] Suppressing UP quote: insufficient cash price=0.56 shares=5 available=$0.4966
[2026-06-07T07:27:06.388Z] [fair-value] Suppressing DOWN quote: insufficient cash price=0.13 shares=5 available=$0.4966
[2026-06-07T07:27:06.388Z] [fair-value] Suppressing DOWN quote: insufficient cash price=0.25 shares=5 available=$0.4966
[2026-06-07T07:27:09.094Z] [fair-value] Suppressing DOWN quote: insufficient cash price=0.12 shares=5 available=$0.4966
[2026-06-07T07:27:09.933Z] [fair-value] Suppressing DOWN quote: insufficient cash price=0.11 shares=5 available=$0.4966
[2026-06-07T07:27:09.933Z] [fair-value] Suppressing DOWN quote: insufficient cash price=0.23 shares=5 available=$0.4966
[2026-06-07T07:27:09.934Z] [fair-value] Suppressing DOWN quote: insufficient cash price=0.24 shares=5 available=$0.4966
[2026-06-07T07:27:10.118Z] [fair-value] Suppressing UP quote: insufficient cash price=0.50 shares=5 available=$0.4966
[2026-06-07T07:27:10.271Z] [fair-value] Suppressing UP quote: insufficient cash price=0.49 shares=5 available=$0.4966
[2026-06-07T07:27:10.389Z] [fair-value] Suppressing DOWN quote: insufficient cash price=0.19 shares=5 available=$0.4966
[2026-06-07T07:27:10.389Z] [fair-value] Suppressing DOWN quote: insufficient cash price=0.30 shares=5 available=$0.4966
[2026-06-07T07:27:10.966Z] [fair-value] Suppressing UP quote: insufficient cash price=0.51 shares=5 available=$0.4966
[2026-06-07T07:27:10.966Z] [fair-value] Suppressing DOWN quote: insufficient cash price=0.18 shares=5 available=$0.4966
[2026-06-07T07:27:11.232Z] [fair-value] Suppressing UP quote: insufficient cash price=0.53 shares=5 available=$0.4966
[2026-06-07T07:27:11.387Z] [fair-value] Suppressing DOWN quote: insufficient cash price=0.29 shares=5 available=$0.4966
[2026-06-07T07:27:11.795Z] [fair-value] Suppressing UP quote: insufficient cash price=0.49 shares=5 available=$0.4966
[2026-06-07T07:27:12.246Z] [fair-value] Suppressing DOWN quote: insufficient cash price=0.17 shares=5 available=$0.4966
[2026-06-07T07:27:12.982Z] [fair-value] Suppressing DOWN quote: insufficient cash price=0.20 shares=5 available=$0.4966
[2026-06-07T07:27:12.982Z] [fair-value] Suppressing DOWN quote: insufficient cash price=0.31 shares=5 available=$0.4966
[2026-06-07T07:27:13.122Z] [fair-value] Suppressing DOWN quote: insufficient cash price=0.12 shares=5 available=$0.4966
[2026-06-07T07:27:13.123Z] [fair-value] Suppressing DOWN quote: insufficient cash price=0.26 shares=5 available=$0.4966
[2026-06-07T07:27:13.898Z] [fair-value] Suppressing UP quote: insufficient cash price=0.52 shares=5 available=$0.4966
[2026-06-07T07:27:14.891Z] [fair-value] Suppressing DOWN quote: insufficient cash price=0.10 shares=5 available=$0.4966
[2026-06-07T07:27:15.240Z] [fair-value] Suppressing UP quote: insufficient cash price=0.48 shares=5 available=$0.4966
[2026-06-07T07:27:16.124Z] [fair-value] Suppressing UP quote: insufficient cash price=0.47 shares=5 available=$0.4966
[2026-06-07T07:27:16.868Z] [fair-value] Suppressing UP quote: insufficient cash price=0.46 shares=5 available=$0.4966
[2026-06-07T07:27:17.389Z] [fair-value] Suppressing DOWN quote: insufficient cash price=0.25 shares=5 available=$0.4966
[2026-06-07T07:27:17.389Z] [fair-value] Suppressing DOWN quote: insufficient cash price=0.34 shares=5 available=$0.4966
[2026-06-07T07:27:17.606Z] [fair-value] Suppressing UP quote: insufficient cash price=0.43 shares=5 available=$0.4966
[2026-06-07T07:27:17.770Z] [fair-value] Suppressing UP quote: insufficient cash price=0.40 shares=5 available=$0.4966
[2026-06-07T07:27:19.387Z] [fair-value] Suppressing DOWN quote: insufficient cash price=0.26 shares=5 available=$0.4966
[2026-06-07T07:27:19.387Z] [fair-value] Suppressing DOWN quote: insufficient cash price=0.35 shares=5 available=$0.4966
[2026-06-07T07:27:20.635Z] [fair-value] Suppressing DOWN quote: insufficient cash price=0.23 shares=5 available=$0.4966
[2026-06-07T07:27:21.840Z] [fair-value] Suppressing UP quote: insufficient cash price=0.49 shares=5 available=$0.4966
[2026-06-07T07:27:22.646Z] [fair-value] Suppressing UP quote: insufficient cash price=0.42 shares=5 available=$0.4966
[2026-06-07T07:27:23.190Z] [fair-value] Suppressing UP quote: insufficient cash price=0.41 shares=5 available=$0.4966
[2026-06-07T07:27:24.312Z] [fair-value] Suppressing UP quote: insufficient cash price=0.39 shares=5 available=$0.4966
[2026-06-07T07:27:25.995Z] [fair-value] Suppressing UP quote: insufficient cash price=0.38 shares=5 available=$0.4966
[2026-06-07T07:27:27.388Z] [fair-value] Suppressing UP quote: insufficient cash price=0.37 shares=5 available=$0.4966
[2026-06-07T07:27:29.117Z] [fair-value] P(UP)=1.0000 Sigma=0.0424 settlement=62139.89 predictive=62189.49 Rem=150s
[2026-06-07T07:27:29.117Z] [fair-value] P(UP)=1.0000 Sigma=0.0424 settlement=62139.89 predictive=62189.49 Rem=450s
[2026-06-07T07:27:29.236Z] [fair-value] Suppressing UP quote: insufficient cash price=0.35 shares=5 available=$0.4966
[2026-06-07T07:27:29.385Z] [fair-value] Posting 1 maker-safe orders. Bids: UP=0.49 (EV=0.4136) DOWN=0.09 (EV=0.0064) settlementAnchor=62139.89 predictiveComposite=62186.68
[2026-06-07T07:27:29.732Z] [wallet] lockBuy [btc-updown-5m-1780817400] BUY DOWN @ 0.09: -$0.45 | avail=$0.05
[2026-06-07T07:27:29.861Z] [fair-value] Suppressing UP quote: insufficient cash price=0.34 shares=5 available=$0.4966
[2026-06-07T07:27:31.190Z] [fair-value] Canceling stale DOWN quote: 0.09 (Edge: -0.0029 < 0.005)
[2026-06-07T07:27:31.191Z] [fair-value] Posting 1 maker-safe orders. Bids: UP=0.49 (EV=0.4229) DOWN=0.08 (EV=0.0071) settlementAnchor=62139.89 predictiveComposite=62186.68
[2026-06-07T07:27:31.192Z] [btc-updown-5m-1780817400] Live placement gated: waiting for 1 cancel(s) to confirm
[2026-06-07T07:27:31.192Z] [fair-value] Canceling stale DOWN quote: 0.09 (Edge: -0.0029 < 0.005)
[2026-06-07T07:27:31.192Z] [fair-value] Posting 1 maker-safe orders. Bids: UP=0.49 (EV=0.4229) DOWN=0.08 (EV=0.0071) settlementAnchor=62139.89 predictiveComposite=62186.68
[2026-06-07T07:27:31.193Z] [fair-value] Canceling stale DOWN quote: 0.09 (Edge: -0.0029 < 0.005)
[2026-06-07T07:27:31.193Z] [fair-value] Posting 1 maker-safe orders. Bids: UP=0.49 (EV=0.4229) DOWN=0.08 (EV=0.0071) settlementAnchor=62139.89 predictiveComposite=62186.68
[2026-06-07T07:27:31.193Z] [fair-value] Canceling stale DOWN quote: 0.09 (Edge: -0.0029 < 0.005)
[2026-06-07T07:27:31.194Z] [fair-value] Posting 1 maker-safe orders. Bids: UP=0.49 (EV=0.4229) DOWN=0.08 (EV=0.0071) settlementAnchor=62139.89 predictiveComposite=62186.68
[2026-06-07T07:27:31.194Z] [fair-value] Canceling stale DOWN quote: 0.09 (Edge: -0.0029 < 0.005)
[2026-06-07T07:27:31.194Z] [fair-value] Posting 1 maker-safe orders. Bids: UP=0.49 (EV=0.4229) DOWN=0.08 (EV=0.0071) settlementAnchor=62139.89 predictiveComposite=62186.68
[2026-06-07T07:27:31.195Z] [fair-value] Canceling stale DOWN quote: 0.09 (Edge: -0.0029 < 0.005)
[2026-06-07T07:27:31.195Z] [fair-value] Posting 1 maker-safe orders. Bids: UP=0.49 (EV=0.4229) DOWN=0.08 (EV=0.0071) settlementAnchor=62139.89 predictiveComposite=62186.68
[2026-06-07T07:27:31.390Z] [fair-value] Canceling stale DOWN quote: 0.09 (Edge: -0.0029 < 0.005)
[2026-06-07T07:27:31.391Z] [fair-value] Posting 1 maker-safe orders. Bids: UP=0.49 (EV=0.4229) DOWN=0.08 (EV=0.0071) settlementAnchor=62139.89 predictiveComposite=62186.68
[2026-06-07T07:27:31.391Z] [fair-value] Canceling stale DOWN quote: 0.09 (Edge: -0.0029 < 0.005)
[2026-06-07T07:27:31.391Z] [fair-value] Posting 1 maker-safe orders. Bids: UP=0.49 (EV=0.4229) DOWN=0.08 (EV=0.0071) settlementAnchor=62139.89 predictiveComposite=62186.68
[2026-06-07T07:27:31.907Z] [fair-value] Canceling stale DOWN quote: 0.09 (Edge: -0.0030 < 0.005)
[2026-06-07T07:27:31.908Z] [fair-value] Suppressing UP quote: insufficient cash price=0.49 shares=5 available=$0.4966
[2026-06-07T07:27:31.908Z] [fair-value] Posting 1 maker-safe orders. Bids: UP=0.49 (EV=0.4230) DOWN=0.08 (EV=0.0070) settlementAnchor=62139.89 predictiveComposite=62186.68
[2026-06-07T07:27:31.950Z] [wallet] unlockBuy [btc-updown-5m-1780817400] BUY DOWN @ 0.09: +$0.45 | avail=$0.50
[2026-06-07T07:27:31.958Z] [fair-value] Posting 1 maker-safe orders. Bids: UP=0.49 (EV=0.4230) DOWN=0.08 (EV=0.0070) settlementAnchor=62139.89 predictiveComposite=62186.68
[2026-06-07T07:27:32.288Z] [wallet] lockBuy [btc-updown-5m-1780817400] BUY DOWN @ 0.08: -$0.40 | avail=$0.10
[2026-06-07T07:27:32.926Z] [fair-value] Canceling stale DOWN quote: 0.08 (Edge: -0.0700 < 0.005)
[2026-06-07T07:27:32.926Z] [fair-value] Canceling stale DOWN quote: 0.08 (Edge: -0.0700 < 0.005)
[2026-06-07T07:27:33.093Z] [fair-value] Canceling stale DOWN quote: 0.08 (Edge: -0.0700 < 0.005)
[2026-06-07T07:27:33.094Z] [fair-value] Canceling stale DOWN quote: 0.08 (Edge: -0.0700 < 0.005)
[2026-06-07T07:27:33.257Z] [wallet] unlockBuy [btc-updown-5m-1780817400] BUY DOWN @ 0.08: +$0.40 | avail=$0.50
[2026-06-07T07:27:33.388Z] [fair-value] Suppressing UP quote: insufficient cash price=0.36 shares=5 available=$0.4966
[2026-06-07T07:27:37.418Z] [fair-value] Suppressing DOWN quote: insufficient cash price=0.18 shares=5 available=$0.4966
[2026-06-07T07:27:37.418Z] [fair-value] Suppressing DOWN quote: insufficient cash price=0.30 shares=5 available=$0.4966
[2026-06-07T07:27:37.862Z] [fair-value] Suppressing DOWN quote: insufficient cash price=0.17 shares=5 available=$0.4966
[2026-06-07T07:27:39.310Z] [fair-value] Suppressing UP quote: insufficient cash price=0.35 shares=5 available=$0.4966
[2026-06-07T07:27:40.157Z] [fair-value] Suppressing UP quote: insufficient cash price=0.37 shares=5 available=$0.4966
[2026-06-07T07:27:41.964Z] [fair-value] Suppressing UP quote: insufficient cash price=0.49 shares=5 available=$0.4966
[2026-06-07T07:27:45.391Z] [fair-value] Suppressing UP quote: insufficient cash price=0.49 shares=5 available=$0.4966
[2026-06-07T07:27:45.391Z] [fair-value] Posting 1 maker-safe orders. Bids: UP=0.49 (EV=0.4665) DOWN=0.03 (EV=0.0135) settlementAnchor=62139.89 predictiveComposite=62197.11
[2026-06-07T07:27:45.392Z] [fair-value] Suppressing DOWN quote: insufficient cash price=0.17 shares=5 available=$0.4966
[2026-06-07T07:27:45.756Z] [wallet] lockBuy [btc-updown-5m-1780817100] BUY DOWN @ 0.03: -$0.15 | avail=$0.35
[2026-06-07T07:27:45.788Z] [fair-value] Suppressing UP quote: insufficient cash price=0.54 shares=5 available=$0.4966
[2026-06-07T07:27:48.160Z] [fair-value] Canceling stale DOWN quote: 0.03 (Edge: 0.0022 < 0.005)
[2026-06-07T07:27:48.160Z] [fair-value] Posting 1 maker-safe orders. Bids: UP=0.54 (EV=0.4278) DOWN=0.02 (EV=0.0122) settlementAnchor=62139.89 predictiveComposite=62197.43
[2026-06-07T07:27:48.161Z] [btc-updown-5m-1780817100] Live placement gated: waiting for 1 cancel(s) to confirm
[2026-06-07T07:27:48.161Z] [fair-value] Suppressing DOWN quote: insufficient cash price=0.15 shares=5 available=$0.4966
[2026-06-07T07:27:48.162Z] [fair-value] Canceling stale DOWN quote: 0.03 (Edge: 0.0022 < 0.005)
[2026-06-07T07:27:48.162Z] [fair-value] Posting 1 maker-safe orders. Bids: UP=0.54 (EV=0.4278) DOWN=0.02 (EV=0.0122) settlementAnchor=62139.89 predictiveComposite=62197.43
[2026-06-07T07:27:48.163Z] [fair-value] Replacing DOWN quote: 0.03 -> 0.08
[2026-06-07T07:27:48.163Z] [fair-value] Posting 1 maker-safe orders. Bids: UP=0.54 (EV=0.3726) DOWN=0.08 (EV=0.0074) settlementAnchor=62139.89 predictiveComposite=62198.07
[2026-06-07T07:27:48.163Z] [fair-value] Suppressing DOWN quote: insufficient cash price=0.22 shares=5 available=$0.4966
[2026-06-07T07:27:48.163Z] [fair-value] Replacing DOWN quote: 0.03 -> 0.08
[2026-06-07T07:27:48.164Z] [fair-value] Posting 1 maker-safe orders. Bids: UP=0.54 (EV=0.3726) DOWN=0.08 (EV=0.0074) settlementAnchor=62139.89 predictiveComposite=62198.07
[2026-06-07T07:27:48.164Z] [fair-value] Replacing DOWN quote: 0.03 -> 0.08
[2026-06-07T07:27:48.164Z] [fair-value] Posting 1 maker-safe orders. Bids: UP=0.54 (EV=0.3726) DOWN=0.08 (EV=0.0074) settlementAnchor=62139.89 predictiveComposite=62198.08
[2026-06-07T07:27:48.165Z] [fair-value] Replacing DOWN quote: 0.03 -> 0.08
[2026-06-07T07:27:48.165Z] [fair-value] Posting 1 maker-safe orders. Bids: UP=0.54 (EV=0.3726) DOWN=0.08 (EV=0.0074) settlementAnchor=62139.89 predictiveComposite=62198.08
[2026-06-07T07:27:48.166Z] [fair-value] Replacing DOWN quote: 0.03 -> 0.09
[2026-06-07T07:27:48.166Z] [fair-value] Posting 1 maker-safe orders. Bids: UP=0.54 (EV=0.3587) DOWN=0.09 (EV=0.0113) settlementAnchor=62139.89 predictiveComposite=62198.37
[2026-06-07T07:27:48.166Z] [fair-value] Suppressing DOWN quote: insufficient cash price=0.23 shares=5 available=$0.4966
[2026-06-07T07:27:48.166Z] [fair-value] Replacing DOWN quote: 0.03 -> 0.09
[2026-06-07T07:27:48.167Z] [fair-value] Posting 1 maker-safe orders. Bids: UP=0.54 (EV=0.3587) DOWN=0.09 (EV=0.0113) settlementAnchor=62139.89 predictiveComposite=62198.37
[2026-06-07T07:27:48.167Z] [fair-value] Replacing DOWN quote: 0.03 -> 0.09
[2026-06-07T07:27:48.167Z] [fair-value] Posting 1 maker-safe orders. Bids: UP=0.54 (EV=0.3583) DOWN=0.09 (EV=0.0117) settlementAnchor=62139.89 predictiveComposite=62198.42
[2026-06-07T07:27:48.168Z] [fair-value] Replacing DOWN quote: 0.03 -> 0.09
[2026-06-07T07:27:48.168Z] [fair-value] Posting 1 maker-safe orders. Bids: UP=0.54 (EV=0.3583) DOWN=0.09 (EV=0.0117) settlementAnchor=62139.89 predictiveComposite=62198.42
[2026-06-07T07:27:48.387Z] [fair-value] Replacing DOWN quote: 0.03 -> 0.09
[2026-06-07T07:27:48.388Z] [fair-value] Posting 1 maker-safe orders. Bids: UP=0.54 (EV=0.3585) DOWN=0.09 (EV=0.0115) settlementAnchor=62139.89 predictiveComposite=62198.42
[2026-06-07T07:27:48.388Z] [fair-value] Replacing DOWN quote: 0.03 -> 0.09
[2026-06-07T07:27:48.388Z] [fair-value] Posting 1 maker-safe orders. Bids: UP=0.54 (EV=0.3585) DOWN=0.09 (EV=0.0115) settlementAnchor=62139.89 predictiveComposite=62198.42
[2026-06-07T07:27:48.445Z] [fair-value] Replacing DOWN quote: 0.03 -> 0.09
[2026-06-07T07:27:48.445Z] [fair-value] Posting 1 maker-safe orders. Bids: UP=0.54 (EV=0.3585) DOWN=0.09 (EV=0.0115) settlementAnchor=62139.89 predictiveComposite=62198.42
[2026-06-07T07:27:48.446Z] [fair-value] Replacing DOWN quote: 0.03 -> 0.09
[2026-06-07T07:27:48.446Z] [fair-value] Posting 1 maker-safe orders. Bids: UP=0.54 (EV=0.3585) DOWN=0.09 (EV=0.0115) settlementAnchor=62139.89 predictiveComposite=62198.42
[2026-06-07T07:27:48.498Z] [wallet] unlockBuy [btc-updown-5m-1780817100] BUY DOWN @ 0.03: +$0.15 | avail=$0.50
[2026-06-07T07:27:48.500Z] [fair-value] Posting 1 maker-safe orders. Bids: UP=0.54 (EV=0.3586) DOWN=0.09 (EV=0.0114) settlementAnchor=62139.89 predictiveComposite=62198.42
[2026-06-07T07:27:48.846Z] [wallet] lockBuy [btc-updown-5m-1780817100] BUY DOWN @ 0.09: -$0.45 | avail=$0.05
[2026-06-07T07:27:49.039Z] [fair-value] Canceling stale DOWN quote: 0.09 (Edge: -0.0527 < 0.005)
[2026-06-07T07:27:49.040Z] [fair-value] Posting 1 maker-safe orders. Bids: UP=0.54 (EV=0.4227) DOWN=0.03 (EV=0.0073) settlementAnchor=62139.89 predictiveComposite=62198.42
[2026-06-07T07:27:49.040Z] [fair-value] Suppressing DOWN quote: insufficient cash price=0.16 shares=5 available=$0.4966
[2026-06-07T07:27:49.040Z] [fair-value] Canceling stale DOWN quote: 0.09 (Edge: -0.0527 < 0.005)
[2026-06-07T07:27:49.041Z] [fair-value] Posting 1 maker-safe orders. Bids: UP=0.54 (EV=0.4227) DOWN=0.03 (EV=0.0073) settlementAnchor=62139.89 predictiveComposite=62198.42
[2026-06-07T07:27:49.358Z] [wallet] unlockBuy [btc-updown-5m-1780817100] BUY DOWN @ 0.09: +$0.45 | avail=$0.50
[2026-06-07T07:27:49.387Z] [fair-value] Posting 1 maker-safe orders. Bids: UP=0.54 (EV=0.4231) DOWN=0.03 (EV=0.0069) settlementAnchor=62139.89 predictiveComposite=62198.42
[2026-06-07T07:27:49.727Z] [wallet] lockBuy [btc-updown-5m-1780817100] BUY DOWN @ 0.03: -$0.15 | avail=$0.35
[2026-06-07T07:27:50.803Z] [fair-value] Canceling stale DOWN quote: 0.03 (Edge: -0.0200 < 0.005)
[2026-06-07T07:27:50.803Z] [fair-value] Suppressing UP quote: insufficient cash price=0.51 shares=5 available=$0.4966
[2026-06-07T07:27:50.804Z] [fair-value] Posting 1 maker-safe orders. Bids: UP=0.49 (EV=0.4595) DOWN=0.04 (EV=0.0105) settlementAnchor=62139.89 predictiveComposite=62197.01
[2026-06-07T07:27:50.805Z] [fair-value] Canceling stale DOWN quote: 0.03 (Edge: -0.0200 < 0.005)
[2026-06-07T07:27:50.977Z] [fair-value] Canceling stale DOWN quote: 0.03 (Edge: -0.0200 < 0.005)
[2026-06-07T07:27:50.978Z] [fair-value] Suppressing UP quote: insufficient cash price=0.50 shares=5 available=$0.4966
[2026-06-07T07:27:50.978Z] [fair-value] Canceling stale DOWN quote: 0.03 (Edge: -0.0200 < 0.005)
[2026-06-07T07:27:50.979Z] [fair-value] Canceling stale DOWN quote: 0.03 (Edge: -0.0200 < 0.005)
[2026-06-07T07:27:50.979Z] [fair-value] Canceling stale DOWN quote: 0.03 (Edge: -0.0200 < 0.005)
[2026-06-07T07:27:51.136Z] [wallet] unlockBuy [btc-updown-5m-1780817100] BUY DOWN @ 0.03: +$0.15 | avail=$0.50
[2026-06-07T07:27:51.152Z] [wallet] lockBuy [btc-updown-5m-1780817400] BUY DOWN @ 0.04: -$0.20 | avail=$0.30
[2026-06-07T07:27:51.153Z] [fair-value] Canceling stale DOWN quote: 0.04 (Edge: -0.0300 < 0.005)
[2026-06-07T07:27:51.154Z] [fair-value] Canceling stale DOWN quote: 0.04 (Edge: -0.0300 < 0.005)
[2026-06-07T07:27:51.300Z] [wallet] unlockBuy [btc-updown-5m-1780817400] BUY DOWN @ 0.04: +$0.20 | avail=$0.50
[2026-06-07T07:27:51.908Z] [fair-value] Suppressing UP quote: insufficient cash price=0.45 shares=5 available=$0.4966
[2026-06-07T07:27:51.997Z] [fair-value] Suppressing UP quote: insufficient cash price=0.49 shares=5 available=$0.4966
[2026-06-07T07:27:55.753Z] [fair-value] Suppressing UP quote: insufficient cash price=0.44 shares=5 available=$0.4966
[2026-06-07T07:27:55.930Z] [fair-value] Suppressing UP quote: insufficient cash price=0.48 shares=5 available=$0.4966
[2026-06-07T07:27:59.080Z] [fair-value] P(UP)=1.0000 Sigma=0.0581 settlement=62139.89 predictive=62198.36 Rem=420s
[2026-06-07T07:27:59.196Z] [fair-value] P(UP)=1.0000 Sigma=0.0581 settlement=62139.89 predictive=62198.37 Rem=120s
[2026-06-07T07:28:00.386Z] [fair-value] Suppressing UP quote: insufficient cash price=0.55 shares=5 available=$0.4966
[2026-06-07T07:28:01.388Z] [fair-value] Suppressing UP quote: insufficient cash price=0.53 shares=5 available=$0.4966
[2026-06-07T07:28:02.085Z] [fair-value] Suppressing UP quote: insufficient cash price=0.49 shares=5 available=$0.4966
[2026-06-07T07:28:05.386Z] [fair-value] Suppressing UP quote: insufficient cash price=0.54 shares=5 available=$0.4966
[2026-06-07T07:28:10.386Z] [fair-value] Suppressing UP quote: insufficient cash price=0.47 shares=5 available=$0.4966
[2026-06-07T07:28:11.385Z] [fair-value] Suppressing UP quote: insufficient cash price=0.46 shares=5 available=$0.4966
[2026-06-07T07:28:12.133Z] [fair-value] Suppressing UP quote: insufficient cash price=0.49 shares=5 available=$0.4966
[2026-06-07T07:28:15.386Z] [fair-value] Suppressing UP quote: insufficient cash price=0.50 shares=5 available=$0.4966
[2026-06-07T07:28:20.916Z] [fair-value] Suppressing UP quote: insufficient cash price=0.49 shares=5 available=$0.4966
[2026-06-07T07:28:22.163Z] [fair-value] Suppressing UP quote: insufficient cash price=0.49 shares=5 available=$0.4966
[2026-06-07T07:28:26.393Z] [fair-value] Suppressing UP quote: insufficient cash price=0.50 shares=5 available=$0.4966
[2026-06-07T07:28:29.158Z] [fair-value] P(UP)=1.0000 Sigma=0.0093 settlement=62139.89 predictive=62197.60 Rem=90s
[2026-06-07T07:28:29.158Z] [fair-value] P(UP)=1.0000 Sigma=0.0093 settlement=62139.89 predictive=62197.60 Rem=390s
[2026-06-07T07:28:29.389Z] [fair-value] Suppressing DOWN quote: insufficient cash price=0.29 shares=5 available=$0.4966
[2026-06-07T07:28:29.389Z] [fair-value] Suppressing DOWN quote: insufficient cash price=0.39 shares=5 available=$0.4966
[2026-06-07T07:28:29.634Z] [fair-value] Suppressing UP quote: insufficient cash price=0.42 shares=5 available=$0.4966
[2026-06-07T07:28:29.756Z] [fair-value] Suppressing UP quote: insufficient cash price=0.37 shares=5 available=$0.4966
[2026-06-07T07:28:30.355Z] [fair-value] Suppressing UP quote: insufficient cash price=0.35 shares=5 available=$0.4966
[2026-06-07T07:28:30.386Z] [fair-value] Suppressing DOWN quote: insufficient cash price=0.30 shares=5 available=$0.4966
[2026-06-07T07:28:31.378Z] [fair-value] Suppressing UP quote: insufficient cash price=0.34 shares=5 available=$0.4966
[2026-06-07T07:28:31.379Z] [fair-value] Suppressing DOWN quote: insufficient cash price=0.40 shares=5 available=$0.4966
[2026-06-07T07:28:31.380Z] [fair-value] Suppressing DOWN quote: insufficient cash price=0.31 shares=5 available=$0.4966
[2026-06-07T07:28:31.380Z] [fair-value] Suppressing DOWN quote: insufficient cash price=0.15 shares=5 available=$0.4966
[2026-06-07T07:28:31.381Z] [fair-value] Suppressing DOWN quote: insufficient cash price=0.13 shares=5 available=$0.4966
[2026-06-07T07:28:31.381Z] [fair-value] Suppressing DOWN quote: insufficient cash price=0.30 shares=5 available=$0.4966
[2026-06-07T07:28:31.381Z] [fair-value] Suppressing DOWN quote: insufficient cash price=0.14 shares=5 available=$0.4966
[2026-06-07T07:28:31.382Z] [fair-value] Suppressing DOWN quote: insufficient cash price=0.29 shares=5 available=$0.4966
[2026-06-07T07:28:31.390Z] [fair-value] Suppressing DOWN quote: insufficient cash price=0.39 shares=5 available=$0.4966
[2026-06-07T07:28:31.390Z] [fair-value] Suppressing DOWN quote: insufficient cash price=0.44 shares=5 available=$0.4966
[2026-06-07T07:28:31.439Z] [fair-value] Suppressing UP quote: insufficient cash price=0.32 shares=5 available=$0.4966
[2026-06-07T07:28:31.440Z] [fair-value] Suppressing DOWN quote: insufficient cash price=0.43 shares=5 available=$0.4966
[2026-06-07T07:28:31.495Z] [fair-value] Suppressing UP quote: insufficient cash price=0.28 shares=5 available=$0.4966
[2026-06-07T07:28:34.677Z] [fair-value] Suppressing UP quote: insufficient cash price=0.23 shares=5 available=$0.4966
[2026-06-07T07:28:34.677Z] [fair-value] Suppressing UP quote: insufficient cash price=0.49 shares=5 available=$0.4966
[2026-06-07T07:28:35.031Z] [fair-value] Suppressing DOWN quote: insufficient cash price=0.32 shares=5 available=$0.4966
[2026-06-07T07:28:35.031Z] [fair-value] Suppressing DOWN quote: insufficient cash price=0.41 shares=5 available=$0.4966
[2026-06-07T07:28:35.652Z] [fair-value] Suppressing DOWN quote: insufficient cash price=0.15 shares=5 available=$0.4966
[2026-06-07T07:28:35.652Z] [fair-value] Suppressing DOWN quote: insufficient cash price=0.31 shares=5 available=$0.4966
[2026-06-07T07:28:35.994Z] [fair-value] Suppressing UP quote: insufficient cash price=0.25 shares=5 available=$0.4966
[2026-06-07T07:28:36.374Z] [fair-value] Suppressing UP quote: insufficient cash price=0.26 shares=5 available=$0.4966
[2026-06-07T07:28:36.374Z] [fair-value] Suppressing DOWN quote: insufficient cash price=0.32 shares=5 available=$0.4966
[2026-06-07T07:28:37.025Z] [fair-value] Suppressing DOWN quote: insufficient cash price=0.16 shares=5 available=$0.4966
[2026-06-07T07:28:38.918Z] [fair-value] Suppressing UP quote: insufficient cash price=0.27 shares=5 available=$0.4966
[2026-06-07T07:28:41.131Z] [fair-value] Suppressing UP quote: insufficient cash price=0.29 shares=5 available=$0.4966
[2026-06-07T07:28:41.628Z] [fair-value] Suppressing UP quote: insufficient cash price=0.32 shares=5 available=$0.4966
[2026-06-07T07:28:44.843Z] [fair-value] Suppressing UP quote: insufficient cash price=0.31 shares=5 available=$0.4966
[2026-06-07T07:28:44.878Z] [fair-value] Suppressing UP quote: insufficient cash price=0.49 shares=5 available=$0.4966
[2026-06-07T07:28:45.256Z] [fair-value] Posting 1 maker-safe orders. Bids: UP=0.49 (EV=0.4547) DOWN=0.04 (EV=0.0153) settlementAnchor=62139.89 predictiveComposite=62177.01
[2026-06-07T07:28:45.593Z] [wallet] lockBuy [btc-updown-5m-1780817400] BUY DOWN @ 0.04: -$0.20 | avail=$0.30
[2026-06-07T07:28:45.667Z] [fair-value] Replacing DOWN quote: 0.04 -> 0.08
[2026-06-07T07:28:45.667Z] [fair-value] Posting 1 maker-safe orders. Bids: UP=0.49 (EV=0.4215) DOWN=0.08 (EV=0.0085) settlementAnchor=62139.89 predictiveComposite=62178.16
[2026-06-07T07:28:45.668Z] [btc-updown-5m-1780817400] Live placement gated: waiting for 1 cancel(s) to confirm
[2026-06-07T07:28:45.668Z] [fair-value] Replacing DOWN quote: 0.04 -> 0.08
[2026-06-07T07:28:45.668Z] [fair-value] Posting 1 maker-safe orders. Bids: UP=0.49 (EV=0.4215) DOWN=0.08 (EV=0.0085) settlementAnchor=62139.89 predictiveComposite=62178.16
[2026-06-07T07:28:45.988Z] [wallet] unlockBuy [btc-updown-5m-1780817400] BUY DOWN @ 0.04: +$0.20 | avail=$0.50
[2026-06-07T07:28:46.008Z] [fair-value] Posting 1 maker-safe orders. Bids: UP=0.49 (EV=0.4164) DOWN=0.08 (EV=0.0136) settlementAnchor=62139.89 predictiveComposite=62177.62
[2026-06-07T07:28:46.355Z] [wallet] lockBuy [btc-updown-5m-1780817400] BUY DOWN @ 0.08: -$0.40 | avail=$0.10
[2026-06-07T07:28:46.386Z] [fair-value] Canceling stale DOWN quote: 0.08 (Edge: -0.0099 < 0.005)
[2026-06-07T07:28:46.386Z] [fair-value] Posting 1 maker-safe orders. Bids: UP=0.49 (EV=0.4399) DOWN=0.06 (EV=0.0101) settlementAnchor=62139.89 predictiveComposite=62177.62
[2026-06-07T07:28:46.386Z] [fair-value] Canceling stale DOWN quote: 0.08 (Edge: -0.0099 < 0.005)
[2026-06-07T07:28:46.387Z] [fair-value] Posting 1 maker-safe orders. Bids: UP=0.49 (EV=0.4399) DOWN=0.06 (EV=0.0101) settlementAnchor=62139.89 predictiveComposite=62177.62
[2026-06-07T07:28:46.582Z] [fair-value] Canceling stale DOWN quote: 0.08 (Edge: -0.0252 < 0.005)
[2026-06-07T07:28:46.582Z] [fair-value] Posting 1 maker-safe orders. Bids: UP=0.49 (EV=0.4552) DOWN=0.04 (EV=0.0148) settlementAnchor=62139.89 predictiveComposite=62177.62
[2026-06-07T07:28:46.583Z] [fair-value] Canceling stale DOWN quote: 0.08 (Edge: -0.0252 < 0.005)
[2026-06-07T07:28:46.583Z] [fair-value] Posting 1 maker-safe orders. Bids: UP=0.49 (EV=0.4552) DOWN=0.04 (EV=0.0148) settlementAnchor=62139.89 predictiveComposite=62177.62
[2026-06-07T07:28:46.709Z] [wallet] unlockBuy [btc-updown-5m-1780817400] BUY DOWN @ 0.08: +$0.40 | avail=$0.50
[2026-06-07T07:28:46.757Z] [fair-value] Posting 1 maker-safe orders. Bids: UP=0.49 (EV=0.4552) DOWN=0.04 (EV=0.0148) settlementAnchor=62139.89 predictiveComposite=62177.61
[2026-06-07T07:28:47.097Z] [wallet] lockBuy [btc-updown-5m-1780817400] BUY DOWN @ 0.04: -$0.20 | avail=$0.30
[2026-06-07T07:28:47.204Z] [fair-value] Canceling stale DOWN quote: 0.04 (Edge: -0.0276 < 0.005)
[2026-06-07T07:28:47.204Z] [fair-value] Canceling stale DOWN quote: 0.04 (Edge: -0.0276 < 0.005)
[2026-06-07T07:28:47.205Z] [fair-value] Canceling stale DOWN quote: 0.04 (Edge: -0.0276 < 0.005)
[2026-06-07T07:28:47.205Z] [fair-value] Canceling stale DOWN quote: 0.04 (Edge: -0.0276 < 0.005)
[2026-06-07T07:28:47.312Z] [fair-value] Canceling stale DOWN quote: 0.04 (Edge: -0.0276 < 0.005)
[2026-06-07T07:28:47.321Z] [fair-value] Canceling stale DOWN quote: 0.04 (Edge: -0.0275 < 0.005)
[2026-06-07T07:28:47.321Z] [fair-value] Canceling stale DOWN quote: 0.04 (Edge: -0.0275 < 0.005)
[2026-06-07T07:28:47.387Z] [fair-value] Canceling stale DOWN quote: 0.04 (Edge: -0.0300 < 0.005)
[2026-06-07T07:28:47.387Z] [fair-value] Canceling stale DOWN quote: 0.04 (Edge: -0.0300 < 0.005)
[2026-06-07T07:28:47.528Z] [wallet] unlockBuy [btc-updown-5m-1780817400] BUY DOWN @ 0.04: +$0.20 | avail=$0.50
[2026-06-07T07:28:48.882Z] [fair-value] Suppressing UP quote: insufficient cash price=0.28 shares=5 available=$0.4966
[2026-06-07T07:28:51.759Z] [fair-value] Suppressing UP quote: insufficient cash price=0.27 shares=5 available=$0.4966
[2026-06-07T07:28:51.891Z] [fair-value] Suppressing UP quote: insufficient cash price=0.24 shares=5 available=$0.4966
[2026-06-07T07:28:52.155Z] [fair-value] Suppressing DOWN quote: insufficient cash price=0.14 shares=5 available=$0.4966
[2026-06-07T07:28:52.897Z] [fair-value] Suppressing UP quote: insufficient cash price=0.23 shares=5 available=$0.4966
[2026-06-07T07:28:53.385Z] [fair-value] Suppressing DOWN quote: insufficient cash price=0.18 shares=5 available=$0.4966
[2026-06-07T07:28:54.508Z] [fair-value] Suppressing UP quote: insufficient cash price=0.22 shares=5 available=$0.4966
[2026-06-07T07:28:55.358Z] [fair-value] Suppressing UP quote: insufficient cash price=0.49 shares=5 available=$0.4966
[2026-06-07T07:28:55.815Z] [fair-value] Posting 1 maker-safe orders. Bids: UP=0.49 (EV=0.4722) DOWN=0.03 (EV=0.0078) settlementAnchor=62139.89 predictiveComposite=62176.01
[2026-06-07T07:28:56.197Z] [wallet] lockBuy [btc-updown-5m-1780817400] BUY DOWN @ 0.03: -$0.15 | avail=$0.35
[2026-06-07T07:28:57.558Z] [fair-value] Canceling stale DOWN quote: 0.03 (Edge: 0.0035 < 0.005)
[2026-06-07T07:28:57.559Z] [fair-value] Posting 1 maker-safe orders. Bids: UP=0.49 (EV=0.4765) DOWN=0.02 (EV=0.0135) settlementAnchor=62139.89 predictiveComposite=62176.01
[2026-06-07T07:28:57.559Z] [btc-updown-5m-1780817400] Live placement gated: waiting for 1 cancel(s) to confirm
[2026-06-07T07:28:57.559Z] [fair-value] Canceling stale DOWN quote: 0.03 (Edge: 0.0035 < 0.005)
[2026-06-07T07:28:57.560Z] [fair-value] Posting 1 maker-safe orders. Bids: UP=0.49 (EV=0.4765) DOWN=0.02 (EV=0.0135) settlementAnchor=62139.89 predictiveComposite=62176.01
[2026-06-07T07:28:57.726Z] [fair-value] Canceling stale DOWN quote: 0.03 (Edge: -0.0200 < 0.005)
[2026-06-07T07:28:57.726Z] [fair-value] Canceling stale DOWN quote: 0.03 (Edge: -0.0200 < 0.005)
[2026-06-07T07:28:57.881Z] [wallet] unlockBuy [btc-updown-5m-1780817400] BUY DOWN @ 0.03: +$0.15 | avail=$0.50
[2026-06-07T07:28:59.161Z] [fair-value] P(UP)=1.0000 Sigma=0.0005 settlement=62139.89 predictive=62176.01 Rem=60s
[2026-06-07T07:28:59.161Z] [fair-value] P(UP)=1.0000 Sigma=0.0005 settlement=62139.89 predictive=62176.01 Rem=360s
[2026-06-07T07:29:02.965Z] [fair-value] Suppressing UP quote: insufficient cash price=0.23 shares=5 available=$0.4966
[2026-06-07T07:29:04.973Z] [fair-value] Suppressing UP quote: insufficient cash price=0.12 shares=5 available=$0.4966
[2026-06-07T07:29:05.386Z] [fair-value] Suppressing UP quote: insufficient cash price=0.18 shares=5 available=$0.4966
[2026-06-07T07:29:05.386Z] [fair-value] Suppressing UP quote: insufficient cash price=0.49 shares=5 available=$0.4966
[2026-06-07T07:29:05.490Z] [fair-value] Suppressing UP quote: insufficient cash price=0.20 shares=5 available=$0.4966
[2026-06-07T07:29:07.185Z] [fair-value] Suppressing UP quote: insufficient cash price=0.24 shares=5 available=$0.4966
[2026-06-07T07:29:07.390Z] [fair-value] Suppressing DOWN quote: insufficient cash price=0.18 shares=5 available=$0.4966
[2026-06-07T07:29:11.930Z] [fair-value] Suppressing DOWN quote: insufficient cash price=0.17 shares=5 available=$0.4966
[2026-06-07T07:29:11.931Z] [fair-value] Suppressing DOWN quote: insufficient cash price=0.22 shares=5 available=$0.4966
[2026-06-07T07:29:11.960Z] [fair-value] Suppressing DOWN quote: insufficient cash price=0.21 shares=5 available=$0.4966
[2026-06-07T07:29:12.390Z] [fair-value] Suppressing DOWN quote: insufficient cash price=0.19 shares=5 available=$0.4966
[2026-06-07T07:29:14.834Z] [fair-value] Suppressing DOWN quote: insufficient cash price=0.20 shares=5 available=$0.4966
[2026-06-07T07:29:15.387Z] [fair-value] Suppressing UP quote: insufficient cash price=0.49 shares=5 available=$0.4966
[2026-06-07T07:29:15.387Z] [fair-value] Suppressing DOWN quote: insufficient cash price=0.14 shares=5 available=$0.4966
[2026-06-07T07:29:16.814Z] [fair-value] Suppressing UP quote: insufficient cash price=0.27 shares=5 available=$0.4966
[2026-06-07T07:29:17.063Z] [fair-value] Suppressing UP quote: insufficient cash price=0.32 shares=5 available=$0.4966
[2026-06-07T07:29:17.064Z] [fair-value] Posting 1 maker-safe orders. Bids: UP=0.49 (EV=0.4175) DOWN=0.08 (EV=0.0125) settlementAnchor=62139.89 predictiveComposite=62183.07
[2026-06-07T07:29:17.386Z] [fair-value] Suppressing UP quote: insufficient cash price=0.55 shares=5 available=$0.4966
[2026-06-07T07:29:17.386Z] [fair-value] Suppressing DOWN quote: insufficient cash price=0.12 shares=5 available=$0.4966
[2026-06-07T07:29:17.387Z] [fair-value] Suppressing DOWN quote: insufficient cash price=0.34 shares=5 available=$0.4966
[2026-06-07T07:29:17.427Z] [wallet] lockBuy [btc-updown-5m-1780817400] BUY DOWN @ 0.08: -$0.40 | avail=$0.10
[2026-06-07T07:29:17.511Z] [fair-value] Replacing DOWN quote: 0.08 -> 0.34
[2026-06-07T07:29:17.667Z] [wallet] unlockBuy [btc-updown-5m-1780817400] BUY DOWN @ 0.08: +$0.40 | avail=$0.50
[2026-06-07T07:29:17.742Z] [fair-value] Suppressing UP quote: insufficient cash price=0.63 shares=5 available=$0.4966
[2026-06-07T07:29:18.061Z] [fair-value] Suppressing UP quote: insufficient cash price=0.65 shares=5 available=$0.4966
[2026-06-07T07:29:18.389Z] [fair-value] Suppressing DOWN quote: insufficient cash price=0.33 shares=5 available=$0.4966
[2026-06-07T07:29:18.599Z] [fair-value] Suppressing UP quote: insufficient cash price=0.61 shares=5 available=$0.4966
[2026-06-07T07:29:19.078Z] [fair-value] Suppressing UP quote: insufficient cash price=0.62 shares=5 available=$0.4966
[2026-06-07T07:29:19.280Z] [fair-value] Suppressing DOWN quote: insufficient cash price=0.11 shares=5 available=$0.4966
[2026-06-07T07:29:21.785Z] [fair-value] Suppressing DOWN quote: insufficient cash price=0.10 shares=5 available=$0.4966
[2026-06-07T07:29:21.962Z] [fair-value] Suppressing UP quote: insufficient cash price=0.68 shares=5 available=$0.4966
[2026-06-07T07:29:22.093Z] [fair-value] Suppressing UP quote: insufficient cash price=0.69 shares=5 available=$0.4966
[2026-06-07T07:29:22.387Z] [fair-value] Suppressing UP quote: insufficient cash price=0.73 shares=5 available=$0.4966
[2026-06-07T07:29:22.387Z] [fair-value] Posting 1 maker-safe orders. Bids: UP=0.49 (EV=0.4096) DOWN=0.09 (EV=0.0104) settlementAnchor=62139.89 predictiveComposite=62206.83
[2026-06-07T07:29:22.592Z] [fair-value] Suppressing UP quote: insufficient cash price=0.75 shares=5 available=$0.4966
[2026-06-07T07:29:22.730Z] [wallet] lockBuy [btc-updown-5m-1780817400] BUY DOWN @ 0.09: -$0.45 | avail=$0.05
[2026-06-07T07:29:23.059Z] [fair-value] Canceling stale DOWN quote: 0.09 (Edge: 0.0046 < 0.005)
[2026-06-07T07:29:23.060Z] [fair-value] Posting 1 maker-safe orders. Bids: UP=0.49 (EV=0.4154) DOWN=0.08 (EV=0.0146) settlementAnchor=62139.89 predictiveComposite=62207.76
[2026-06-07T07:29:23.060Z] [btc-updown-5m-1780817400] Live placement gated: waiting for 1 cancel(s) to confirm
[2026-06-07T07:29:23.060Z] [fair-value] Canceling stale DOWN quote: 0.09 (Edge: 0.0046 < 0.005)
[2026-06-07T07:29:23.060Z] [fair-value] Posting 1 maker-safe orders. Bids: UP=0.49 (EV=0.4154) DOWN=0.08 (EV=0.0146) settlementAnchor=62139.89 predictiveComposite=62207.76
[2026-06-07T07:29:23.061Z] [fair-value] Canceling stale DOWN quote: 0.09 (Edge: 0.0046 < 0.005)
[2026-06-07T07:29:23.061Z] [fair-value] Posting 1 maker-safe orders. Bids: UP=0.49 (EV=0.4154) DOWN=0.08 (EV=0.0146) settlementAnchor=62139.89 predictiveComposite=62207.76
[2026-06-07T07:29:23.062Z] [fair-value] Canceling stale DOWN quote: 0.09 (Edge: 0.0046 < 0.005)
[2026-06-07T07:29:23.062Z] [fair-value] Posting 1 maker-safe orders. Bids: UP=0.49 (EV=0.4154) DOWN=0.08 (EV=0.0146) settlementAnchor=62139.89 predictiveComposite=62207.76
[2026-06-07T07:29:23.062Z] [fair-value] Replacing DOWN quote: 0.09 -> 0.15
[2026-06-07T07:29:23.062Z] [fair-value] Suppressing DOWN quote: insufficient cash price=0.15 shares=5 available=$0.4966
[2026-06-07T07:29:23.063Z] [fair-value] Replacing DOWN quote: 0.09 -> 0.15
[2026-06-07T07:29:23.063Z] [fair-value] Replacing DOWN quote: 0.09 -> 0.15
[2026-06-07T07:29:23.063Z] [fair-value] Replacing DOWN quote: 0.09 -> 0.15
[2026-06-07T07:29:23.223Z] [wallet] unlockBuy [btc-updown-5m-1780817400] BUY DOWN @ 0.09: +$0.45 | avail=$0.50
[2026-06-07T07:29:24.185Z] [fair-value] Posting 1 maker-safe orders. Bids: UP=0.49 (EV=0.4366) DOWN=0.06 (EV=0.0134) settlementAnchor=62139.89 predictiveComposite=62209.03
[2026-06-07T07:29:24.523Z] [wallet] lockBuy [btc-updown-5m-1780817400] BUY DOWN @ 0.06: -$0.30 | avail=$0.20
[2026-06-07T07:29:25.181Z] [fair-value] Canceling stale DOWN quote: 0.06 (Edge: -0.0500 < 0.005)
[2026-06-07T07:29:25.182Z] [fair-value] Canceling stale DOWN quote: 0.06 (Edge: -0.0500 < 0.005)
[2026-06-07T07:29:25.360Z] [fair-value] Suppressing UP quote: insufficient cash price=0.70 shares=5 available=$0.4966
[2026-06-07T07:29:25.360Z] [fair-value] Canceling stale DOWN quote: 0.06 (Edge: -0.0500 < 0.005)
[2026-06-07T07:29:25.361Z] [fair-value] Canceling stale DOWN quote: 0.06 (Edge: -0.0500 < 0.005)
[2026-06-07T07:29:25.385Z] [fair-value] Canceling stale DOWN quote: 0.06 (Edge: -0.0500 < 0.005)
[2026-06-07T07:29:25.386Z] [fair-value] Canceling stale DOWN quote: 0.06 (Edge: -0.0500 < 0.005)
[2026-06-07T07:29:25.504Z] [wallet] unlockBuy [btc-updown-5m-1780817400] BUY DOWN @ 0.06: +$0.30 | avail=$0.50
[2026-06-07T07:29:25.537Z] [fair-value] Suppressing UP quote: insufficient cash price=0.49 shares=5 available=$0.4966
[2026-06-07T07:29:27.176Z] [fair-value] Suppressing UP quote: insufficient cash price=0.71 shares=5 available=$0.4966
[2026-06-07T07:29:27.383Z] [fair-value] Suppressing UP quote: insufficient cash price=0.74 shares=5 available=$0.4966
[2026-06-07T07:29:27.847Z] [fair-value] Suppressing UP quote: insufficient cash price=0.76 shares=5 available=$0.4966
[2026-06-07T07:29:29.071Z] [fair-value] P(UP)=1.0000 Sigma=0.0007 settlement=62139.89 predictive=62209.01 Rem=30s
[2026-06-07T07:29:29.071Z] [fair-value] P(UP)=1.0000 Sigma=0.0007 settlement=62139.89 predictive=62209.01 Rem=330s
[2026-06-07T07:29:30.136Z] [fair-value] Suppressing UP quote: insufficient cash price=0.72 shares=5 available=$0.4966
[2026-06-07T07:29:31.141Z] [fair-value] Suppressing UP quote: insufficient cash price=0.80 shares=5 available=$0.4966
[2026-06-07T07:29:32.067Z] [fair-value] Suppressing UP quote: insufficient cash price=0.82 shares=5 available=$0.4966
[2026-06-07T07:29:32.975Z] [fair-value] Suppressing UP quote: insufficient cash price=0.83 shares=5 available=$0.4966
[2026-06-07T07:29:33.870Z] [fair-value] Suppressing UP quote: insufficient cash price=0.85 shares=5 available=$0.4966
[2026-06-07T07:29:34.152Z] [fair-value] Suppressing UP quote: insufficient cash price=0.88 shares=5 available=$0.4966
[2026-06-07T07:29:34.389Z] [fair-value] Suppressing DOWN quote: insufficient cash price=0.13 shares=5 available=$0.4966
[2026-06-07T07:29:35.593Z] [fair-value] Suppressing UP quote: insufficient cash price=0.49 shares=5 available=$0.4966
[2026-06-07T07:29:37.386Z] [fair-value] Suppressing UP quote: insufficient cash price=0.89 shares=5 available=$0.4966
[2026-06-07T07:29:38.722Z] [fair-value] Suppressing UP quote: insufficient cash price=0.90 shares=5 available=$0.4966
[2026-06-07T07:29:40.200Z] [fair-value] Suppressing UP quote: insufficient cash price=0.91 shares=5 available=$0.4966
[2026-06-07T07:29:40.502Z] [fair-value] Suppressing UP quote: insufficient cash price=0.92 shares=5 available=$0.4966
[2026-06-07T07:29:42.818Z] [fair-value] Suppressing UP quote: insufficient cash price=0.94 shares=5 available=$0.4966
[2026-06-07T07:29:45.700Z] [fair-value] Suppressing UP quote: insufficient cash price=0.49 shares=5 available=$0.4966
[2026-06-07T07:29:45.905Z] [fair-value] Suppressing UP quote: insufficient cash price=0.95 shares=5 available=$0.4966
[2026-06-07T07:29:46.038Z] [fair-value] Suppressing UP quote: insufficient cash price=0.96 shares=5 available=$0.4966
[2026-06-07T07:29:47.385Z] [fair-value] Suppressing UP quote: insufficient cash price=0.97 shares=5 available=$0.4966
[2026-06-07T07:29:53.250Z] [fair-value] Suppressing DOWN quote: insufficient cash price=0.19 shares=5 available=$0.4966
[2026-06-07T07:29:55.754Z] [fair-value] Suppressing UP quote: insufficient cash price=0.49 shares=5 available=$0.4966
[2026-06-07T07:29:58.021Z] [fair-value] Suppressing UP quote: insufficient cash price=0.48 shares=5 available=$0.4966
[2026-06-07T07:29:58.484Z] [fair-value] Posting 1 maker-safe orders. Bids: UP=0.48 (EV=0.4559) DOWN=0.05 (EV=0.0141) settlementAnchor=62139.89 predictiveComposite=62223.59
[2026-06-07T07:29:58.778Z] [fair-value] Suppressing UP quote: insufficient cash price=0.47 shares=5 available=$0.4966
[2026-06-07T07:29:58.855Z] [wallet] lockBuy [btc-updown-5m-1780817400] BUY DOWN @ 0.05: -$0.25 | avail=$0.25
[2026-06-07T07:29:59.193Z] [fair-value] P(UP)=1.0000 Sigma=0.2969 settlement=62139.89 predictive=62223.45 Rem=0s
[2026-06-07T07:29:59.193Z] [fair-value] P(UP)=0.9285 Sigma=0.2969 settlement=62139.89 predictive=62223.45 Rem=300s
[2026-06-07T07:30:00.037Z] [btc-updown-5m-1780817100] state: RUNNING → STOPPING
[2026-06-07T07:30:00.037Z] [btc-updown-5m-1780817100] Market closed — transitioning to STOPPING
[2026-06-07T07:30:00.038Z] [btc-updown-5m-1780817700] calling venue.initRound
[2026-06-07T07:30:00.673Z] [btc-updown-5m-1780817700] venue.initRound returned metadata
[2026-06-07T07:30:00.714Z] [fair-value] Replacing DOWN quote: 0.05 -> 0.32
[2026-06-07T07:30:00.715Z] [fair-value] Suppressing DOWN quote: insufficient cash price=0.32 shares=5 available=$0.4966
[2026-06-07T07:30:00.715Z] [fair-value] Replacing DOWN quote: 0.05 -> 0.32
[2026-06-07T07:30:00.715Z] [fair-value] Replacing DOWN quote: 0.05 -> 0.32
[2026-06-07T07:30:00.715Z] [fair-value] Replacing DOWN quote: 0.05 -> 0.32
[2026-06-07T07:30:00.716Z] [fair-value] Replacing DOWN quote: 0.05 -> 0.33
[2026-06-07T07:30:00.716Z] [fair-value] Suppressing DOWN quote: insufficient cash price=0.33 shares=5 available=$0.4966
[2026-06-07T07:30:00.716Z] [fair-value] Replacing DOWN quote: 0.05 -> 0.33
[2026-06-07T07:30:00.717Z] [fair-value] Replacing DOWN quote: 0.05 -> 0.13
[2026-06-07T07:30:00.717Z] [fair-value] Suppressing DOWN quote: insufficient cash price=0.13 shares=5 available=$0.4966
[2026-06-07T07:30:00.717Z] [fair-value] Replacing DOWN quote: 0.05 -> 0.13
[2026-06-07T07:30:00.785Z] [fair-value] Replacing DOWN quote: 0.05 -> 0.13
[2026-06-07T07:30:01.033Z] [wallet] unlockBuy [btc-updown-5m-1780817400] BUY DOWN @ 0.05: +$0.25 | avail=$0.50
[2026-06-07T07:30:01.273Z] [fair-value] Posting 1 maker-safe orders. Bids: UP=0.48 (EV=0.4441) DOWN=0.07 (EV=0.0059) settlementAnchor=62199.34 predictiveComposite=62223.46
[2026-06-07T07:30:01.612Z] [wallet] lockBuy [btc-updown-5m-1780817400] BUY DOWN @ 0.07: -$0.35 | avail=$0.15
[2026-06-07T07:30:01.702Z] [fair-value] Suppressing UP quote: insufficient cash price=0.49 shares=5 available=$0.4966
[2026-06-07T07:30:01.702Z] [fair-value] Suppressing DOWN quote: insufficient cash price=0.14 shares=5 available=$0.4966
[2026-06-07T07:30:01.702Z] [btc-updown-5m-1780817700] state: INIT → RUNNING
[2026-06-07T07:30:01.785Z] [fair-value] Canceling stale DOWN quote: 0.07 (Edge: 0.0039 < 0.005)
[2026-06-07T07:30:01.785Z] [fair-value] Suppressing UP quote: insufficient cash price=0.46 shares=5 available=$0.4966
[2026-06-07T07:30:01.786Z] [fair-value] Posting 1 maker-safe orders. Bids: UP=0.46 (EV=0.4661) DOWN=0.06 (EV=0.0139) settlementAnchor=62199.34 predictiveComposite=62223.45
[2026-06-07T07:30:01.786Z] [btc-updown-5m-1780817400] Live placement gated: waiting for 1 cancel(s) to confirm
[2026-06-07T07:30:01.924Z] [fair-value] Canceling stale DOWN quote: 0.07 (Edge: 0.0038 < 0.005)
[2026-06-07T07:30:01.924Z] [fair-value] Suppressing UP quote: insufficient cash price=0.44 shares=5 available=$0.4966
[2026-06-07T07:30:01.924Z] [fair-value] Posting 1 maker-safe orders. Bids: UP=0.44 (EV=0.4862) DOWN=0.06 (EV=0.0138) settlementAnchor=62199.34 predictiveComposite=62223.46
[2026-06-07T07:30:01.925Z] [fair-value] Canceling stale DOWN quote: 0.07 (Edge: 0.0038 < 0.005)
[2026-06-07T07:30:01.925Z] [fair-value] Posting 1 maker-safe orders. Bids: UP=0.44 (EV=0.4862) DOWN=0.06 (EV=0.0138) settlementAnchor=62199.34 predictiveComposite=62223.46
[2026-06-07T07:30:01.926Z] [fair-value] Canceling stale DOWN quote: 0.07 (Edge: 0.0038 < 0.005)
[2026-06-07T07:30:01.926Z] [fair-value] Posting 1 maker-safe orders. Bids: UP=0.44 (EV=0.4862) DOWN=0.06 (EV=0.0138) settlementAnchor=62199.34 predictiveComposite=62223.46
[2026-06-07T07:30:01.927Z] [fair-value] Canceling stale DOWN quote: 0.07 (Edge: 0.0038 < 0.005)
[2026-06-07T07:30:01.927Z] [fair-value] Posting 1 maker-safe orders. Bids: UP=0.44 (EV=0.4862) DOWN=0.06 (EV=0.0138) settlementAnchor=62199.34 predictiveComposite=62223.46
[2026-06-07T07:30:01.927Z] [fair-value] Canceling stale DOWN quote: 0.07 (Edge: 0.0042 < 0.005)
[2026-06-07T07:30:01.928Z] [fair-value] Posting 1 maker-safe orders. Bids: UP=0.44 (EV=0.4858) DOWN=0.06 (EV=0.0142) settlementAnchor=62199.34 predictiveComposite=62223.46
[2026-06-07T07:30:01.928Z] [fair-value] Canceling stale DOWN quote: 0.07 (Edge: 0.0042 < 0.005)
[2026-06-07T07:30:01.928Z] [fair-value] Posting 1 maker-safe orders. Bids: UP=0.44 (EV=0.4858) DOWN=0.06 (EV=0.0142) settlementAnchor=62199.34 predictiveComposite=62223.46
[2026-06-07T07:30:01.953Z] [wallet] unlockBuy [btc-updown-5m-1780817400] BUY DOWN @ 0.07: +$0.35 | avail=$0.50
[2026-06-07T07:30:02.245Z] [fair-value] Posting 1 maker-safe orders. Bids: UP=0.46 (EV=0.4650) DOWN=0.06 (EV=0.0150) settlementAnchor=62199.34 predictiveComposite=62224.06
[2026-06-07T07:30:02.450Z] [fair-value] Suppressing DOWN quote: insufficient cash price=0.15 shares=5 available=$0.4966
[2026-06-07T07:30:02.589Z] [wallet] lockBuy [btc-updown-5m-1780817400] BUY DOWN @ 0.06: -$0.30 | avail=$0.20
[2026-06-07T07:30:04.172Z] [fair-value] Canceling stale DOWN quote: 0.06 (Edge: -0.0500 < 0.005)
[2026-06-07T07:30:04.172Z] [fair-value] Canceling stale DOWN quote: 0.06 (Edge: -0.0500 < 0.005)
[2026-06-07T07:30:04.173Z] [fair-value] Canceling stale DOWN quote: 0.06 (Edge: -0.0500 < 0.005)
[2026-06-07T07:30:04.173Z] [fair-value] Canceling stale DOWN quote: 0.06 (Edge: -0.0500 < 0.005)
[2026-06-07T07:30:04.174Z] [fair-value] Canceling stale DOWN quote: 0.06 (Edge: -0.0500 < 0.005)
[2026-06-07T07:30:04.174Z] [fair-value] Canceling stale DOWN quote: 0.06 (Edge: -0.0500 < 0.005)
[2026-06-07T07:30:04.174Z] [fair-value] Canceling stale DOWN quote: 0.06 (Edge: -0.0500 < 0.005)
[2026-06-07T07:30:04.174Z] [fair-value] Canceling stale DOWN quote: 0.06 (Edge: -0.0500 < 0.005)
[2026-06-07T07:30:04.175Z] [fair-value] Replacing DOWN quote: 0.06 -> 0.4
[2026-06-07T07:30:04.175Z] [fair-value] Suppressing DOWN quote: insufficient cash price=0.40 shares=5 available=$0.4966
[2026-06-07T07:30:04.175Z] [fair-value] Suppressing DOWN quote: insufficient cash price=0.43 shares=5 available=$0.4966
[2026-06-07T07:30:04.175Z] [fair-value] Replacing DOWN quote: 0.06 -> 0.4
[2026-06-07T07:30:04.176Z] [fair-value] Replacing DOWN quote: 0.06 -> 0.41
[2026-06-07T07:30:04.176Z] [fair-value] Suppressing DOWN quote: insufficient cash price=0.41 shares=5 available=$0.4966
[2026-06-07T07:30:04.176Z] [fair-value] Replacing DOWN quote: 0.06 -> 0.41
[2026-06-07T07:30:04.177Z] [fair-value] Replacing DOWN quote: 0.06 -> 0.41
[2026-06-07T07:30:04.177Z] [fair-value] Replacing DOWN quote: 0.06 -> 0.41
[2026-06-07T07:30:04.177Z] [fair-value] Replacing DOWN quote: 0.06 -> 0.41
[2026-06-07T07:30:04.177Z] [fair-value] Replacing DOWN quote: 0.06 -> 0.41
[2026-06-07T07:30:04.178Z] [fair-value] Replacing DOWN quote: 0.06 -> 0.41
[2026-06-07T07:30:04.178Z] [fair-value] Replacing DOWN quote: 0.06 -> 0.41
[2026-06-07T07:30:04.334Z] [wallet] unlockBuy [btc-updown-5m-1780817400] BUY DOWN @ 0.06: +$0.30 | avail=$0.50
[2026-06-07T07:30:05.385Z] [fair-value] Suppressing UP quote: insufficient cash price=0.45 shares=5 available=$0.4966
[2026-06-07T07:30:06.833Z] [fair-value] Suppressing DOWN quote: insufficient cash price=0.37 shares=5 available=$0.4966
[2026-06-07T07:30:07.385Z] [fair-value] Suppressing DOWN quote: insufficient cash price=0.14 shares=5 available=$0.4966
[2026-06-07T07:30:07.386Z] [fair-value] Suppressing DOWN quote: insufficient cash price=0.22 shares=5 available=$0.4966
[2026-06-07T07:30:08.129Z] [fair-value] Posting 1 maker-safe orders. Bids: UP=0.47 (EV=0.4916) DOWN=0.03 (EV=0.0084) settlementAnchor=62199.34 predictiveComposite=62222.95
[2026-06-07T07:30:08.130Z] [fair-value] Suppressing DOWN quote: insufficient cash price=0.10 shares=5 available=$0.4966
[2026-06-07T07:30:08.134Z] [fair-value] Suppressing DOWN quote: insufficient cash price=0.10 shares=5 available=$0.4966
[2026-06-07T07:30:08.134Z] [fair-value] Suppressing DOWN quote: insufficient cash price=0.18 shares=5 available=$0.4966
[2026-06-07T07:30:08.476Z] [wallet] lockBuy [btc-updown-5m-1780817400] BUY DOWN @ 0.03: -$0.15 | avail=$0.35
[2026-06-07T07:30:08.619Z] [fair-value] Replacing DOWN quote: 0.03 -> 0.09
[2026-06-07T07:30:08.620Z] [fair-value] Posting 1 maker-safe orders. Bids: UP=0.47 (EV=0.4257) DOWN=0.09 (EV=0.0143) settlementAnchor=62199.34 predictiveComposite=62223.20
[2026-06-07T07:30:08.620Z] [btc-updown-5m-1780817400] Live placement gated: waiting for 1 cancel(s) to confirm
[2026-06-07T07:30:08.621Z] [fair-value] Replacing DOWN quote: 0.03 -> 0.09
[2026-06-07T07:30:08.621Z] [fair-value] Posting 1 maker-safe orders. Bids: UP=0.47 (EV=0.4257) DOWN=0.09 (EV=0.0143) settlementAnchor=62199.34 predictiveComposite=62223.20
[2026-06-07T07:30:08.793Z] [fair-value] Suppressing UP quote: insufficient cash price=0.47 shares=5 available=$0.4966
[2026-06-07T07:30:08.794Z] [fair-value] Replacing DOWN quote: 0.03 -> 0.09
[2026-06-07T07:30:08.794Z] [fair-value] Posting 1 maker-safe orders. Bids: UP=0.47 (EV=0.4257) DOWN=0.09 (EV=0.0143) settlementAnchor=62199.34 predictiveComposite=62223.20
[2026-06-07T07:30:08.794Z] [fair-value] Replacing DOWN quote: 0.03 -> 0.09
[2026-06-07T07:30:08.795Z] [fair-value] Posting 1 maker-safe orders. Bids: UP=0.47 (EV=0.4257) DOWN=0.09 (EV=0.0143) settlementAnchor=62199.34 predictiveComposite=62223.20
[2026-06-07T07:30:08.844Z] [fair-value] Replacing DOWN quote: 0.03 -> 0.09
[2026-06-07T07:30:08.844Z] [fair-value] Posting 1 maker-safe orders. Bids: UP=0.47 (EV=0.4257) DOWN=0.09 (EV=0.0143) settlementAnchor=62199.34 predictiveComposite=62223.20
[2026-06-07T07:30:08.937Z] [wallet] unlockBuy [btc-updown-5m-1780817400] BUY DOWN @ 0.03: +$0.15 | avail=$0.50
[2026-06-07T07:30:09.385Z] [fair-value] Posting 1 maker-safe orders. Bids: UP=0.47 (EV=0.4804) DOWN=0.04 (EV=0.0096) settlementAnchor=62199.34 predictiveComposite=62222.94
[2026-06-07T07:30:09.386Z] [fair-value] Suppressing DOWN quote: insufficient cash price=0.11 shares=5 available=$0.4966
[2026-06-07T07:30:09.561Z] [wallet] lockBuy [btc-updown-5m-1780817400] BUY DOWN @ 0.04: -$0.20 | avail=$0.30
[2026-06-07T07:30:11.206Z] [fair-value] Canceling stale DOWN quote: 0.04 (Edge: -0.0300 < 0.005)
[2026-06-07T07:30:11.206Z] [fair-value] Canceling stale DOWN quote: 0.04 (Edge: -0.0300 < 0.005)
[2026-06-07T07:30:11.207Z] [fair-value] Canceling stale DOWN quote: 0.04 (Edge: -0.0300 < 0.005)
[2026-06-07T07:30:11.207Z] [fair-value] Canceling stale DOWN quote: 0.04 (Edge: -0.0300 < 0.005)
[2026-06-07T07:30:11.207Z] [fair-value] Canceling stale DOWN quote: 0.04 (Edge: -0.0300 < 0.005)
[2026-06-07T07:30:11.207Z] [fair-value] Canceling stale DOWN quote: 0.04 (Edge: -0.0300 < 0.005)
[2026-06-07T07:30:11.208Z] [fair-value] Canceling stale DOWN quote: 0.04 (Edge: -0.0300 < 0.005)
[2026-06-07T07:30:11.208Z] [fair-value] Canceling stale DOWN quote: 0.04 (Edge: -0.0300 < 0.005)
[2026-06-07T07:30:11.209Z] [fair-value] Canceling stale DOWN quote: 0.04 (Edge: -0.0300 < 0.005)
[2026-06-07T07:30:11.209Z] [fair-value] Canceling stale DOWN quote: 0.04 (Edge: -0.0300 < 0.005)
[2026-06-07T07:30:11.336Z] [fair-value] Canceling stale DOWN quote: 0.04 (Edge: -0.0300 < 0.005)
[2026-06-07T07:30:11.337Z] [fair-value] Canceling stale DOWN quote: 0.04 (Edge: -0.0300 < 0.005)
[2026-06-07T07:30:11.384Z] [fair-value] Replacing DOWN quote: 0.04 -> 0.27
[2026-06-07T07:30:11.385Z] [fair-value] Suppressing DOWN quote: insufficient cash price=0.27 shares=5 available=$0.4966
[2026-06-07T07:30:11.385Z] [fair-value] Suppressing DOWN quote: insufficient cash price=0.33 shares=5 available=$0.4966
[2026-06-07T07:30:11.385Z] [fair-value] Replacing DOWN quote: 0.04 -> 0.27
[2026-06-07T07:30:11.503Z] [fair-value] Suppressing UP quote: insufficient cash price=0.42 shares=5 available=$0.4966
[2026-06-07T07:30:11.503Z] [fair-value] Replacing DOWN quote: 0.04 -> 0.27
[2026-06-07T07:30:11.503Z] [fair-value] Replacing DOWN quote: 0.04 -> 0.27
[2026-06-07T07:30:11.504Z] [fair-value] Replacing DOWN quote: 0.04 -> 0.27
[2026-06-07T07:30:11.504Z] [fair-value] Replacing DOWN quote: 0.04 -> 0.27
[2026-06-07T07:30:11.536Z] [wallet] unlockBuy [btc-updown-5m-1780817400] BUY DOWN @ 0.04: +$0.20 | avail=$0.50
[2026-06-07T07:30:11.799Z] [fair-value] Suppressing UP quote: insufficient cash price=0.49 shares=5 available=$0.4966
[2026-06-07T07:30:11.865Z] [fair-value] Suppressing UP quote: insufficient cash price=0.43 shares=5 available=$0.4966
[2026-06-07T07:30:12.833Z] [fair-value] Suppressing DOWN quote: insufficient cash price=0.28 shares=5 available=$0.4966
[2026-06-07T07:30:12.833Z] [fair-value] Suppressing DOWN quote: insufficient cash price=0.34 shares=5 available=$0.4966
[2026-06-07T07:30:12.834Z] [fair-value] Suppressing DOWN quote: insufficient cash price=0.33 shares=5 available=$0.4966
[2026-06-07T07:30:13.293Z] [fair-value] Suppressing DOWN quote: insufficient cash price=0.38 shares=5 available=$0.4966
[2026-06-07T07:30:13.386Z] [fair-value] Suppressing DOWN quote: insufficient cash price=0.37 shares=5 available=$0.4966
[2026-06-07T07:30:13.386Z] [fair-value] Suppressing DOWN quote: insufficient cash price=0.41 shares=5 available=$0.4966
[2026-06-07T07:30:13.460Z] [fair-value] Suppressing DOWN quote: insufficient cash price=0.34 shares=5 available=$0.4966
[2026-06-07T07:30:15.387Z] [fair-value] Suppressing DOWN quote: insufficient cash price=0.39 shares=5 available=$0.4966
[2026-06-07T07:30:15.450Z] [fair-value] Suppressing DOWN quote: insufficient cash price=0.35 shares=5 available=$0.4966
[2026-06-07T07:30:17.183Z] [fair-value] Suppressing DOWN quote: insufficient cash price=0.30 shares=5 available=$0.4966
[2026-06-07T07:30:17.183Z] [fair-value] Suppressing DOWN quote: insufficient cash price=0.35 shares=5 available=$0.4966
[2026-06-07T07:30:17.351Z] [fair-value] Suppressing UP quote: insufficient cash price=0.44 shares=5 available=$0.4966
[2026-06-07T07:30:17.543Z] [fair-value] Suppressing UP quote: insufficient cash price=0.45 shares=5 available=$0.4966
[2026-06-07T07:30:17.544Z] [fair-value] Suppressing DOWN quote: insufficient cash price=0.43 shares=5 available=$0.4966
[2026-06-07T07:30:17.544Z] [fair-value] Suppressing DOWN quote: insufficient cash price=0.45 shares=5 available=$0.4966
[2026-06-07T07:30:17.900Z] [fair-value] Suppressing UP quote: insufficient cash price=0.46 shares=5 available=$0.4966
[2026-06-07T07:30:18.021Z] [fair-value] Suppressing DOWN quote: insufficient cash price=0.44 shares=5 available=$0.4966
[2026-06-07T07:30:18.640Z] [fair-value] Suppressing DOWN quote: insufficient cash price=0.45 shares=5 available=$0.4966
[2026-06-07T07:30:18.640Z] [fair-value] Suppressing DOWN quote: insufficient cash price=0.46 shares=5 available=$0.4966
[2026-06-07T07:30:18.641Z] [fair-value] Suppressing DOWN quote: insufficient cash price=0.42 shares=5 available=$0.4966
[2026-06-07T07:30:18.971Z] [fair-value] Suppressing UP quote: insufficient cash price=0.40 shares=5 available=$0.4966
[2026-06-07T07:30:19.034Z] [fair-value] Suppressing DOWN quote: insufficient cash price=0.40 shares=5 available=$0.4966
[2026-06-07T07:30:19.461Z] [fair-value] Suppressing UP quote: insufficient cash price=0.39 shares=5 available=$0.4966
[2026-06-07T07:30:21.870Z] [fair-value] Suppressing UP quote: insufficient cash price=0.49 shares=5 available=$0.4966
[2026-06-07T07:30:23.386Z] [fair-value] Suppressing UP quote: insufficient cash price=0.43 shares=5 available=$0.4966
[2026-06-07T07:30:24.384Z] [fair-value] Suppressing DOWN quote: insufficient cash price=0.40 shares=5 available=$0.4966
[2026-06-07T07:30:24.385Z] [fair-value] Suppressing DOWN quote: insufficient cash price=0.43 shares=5 available=$0.4966
[2026-06-07T07:30:25.449Z] [fair-value] Suppressing DOWN quote: insufficient cash price=0.32 shares=5 available=$0.4966
[2026-06-07T07:30:25.449Z] [fair-value] Suppressing DOWN quote: insufficient cash price=0.37 shares=5 available=$0.4966
[2026-06-07T07:30:25.725Z] [fair-value] Posting 1 maker-safe orders. Bids: UP=0.44 (EV=0.4981) DOWN=0.05 (EV=0.0119) settlementAnchor=62199.34 predictiveComposite=62209.81
[2026-06-07T07:30:25.727Z] [fair-value] Suppressing DOWN quote: insufficient cash price=0.13 shares=5 available=$0.4966
[2026-06-07T07:30:25.902Z] [fair-value] Suppressing DOWN quote: insufficient cash price=0.12 shares=5 available=$0.4966
[2026-06-07T07:30:25.902Z] [fair-value] Suppressing DOWN quote: insufficient cash price=0.11 shares=5 available=$0.4966
[2026-06-07T07:30:26.077Z] [wallet] lockBuy [btc-updown-5m-1780817400] BUY DOWN @ 0.05: -$0.25 | avail=$0.25
[2026-06-07T07:30:26.091Z] [fair-value] Canceling stale DOWN quote: 0.05 (Edge: 0.0044 < 0.005)
[2026-06-07T07:30:26.092Z] [fair-value] Posting 1 maker-safe orders. Bids: UP=0.45 (EV=0.4956) DOWN=0.04 (EV=0.0144) settlementAnchor=62199.34 predictiveComposite=62210.97
[2026-06-07T07:30:26.092Z] [btc-updown-5m-1780817400] Live placement gated: waiting for 1 cancel(s) to confirm
[2026-06-07T07:30:26.092Z] [fair-value] Canceling stale DOWN quote: 0.05 (Edge: 0.0044 < 0.005)
[2026-06-07T07:30:26.093Z] [fair-value] Posting 1 maker-safe orders. Bids: UP=0.45 (EV=0.4956) DOWN=0.04 (EV=0.0144) settlementAnchor=62199.34 predictiveComposite=62210.97
[2026-06-07T07:30:26.247Z] [wallet] unlockBuy [btc-updown-5m-1780817400] BUY DOWN @ 0.05: +$0.25 | avail=$0.50
[2026-06-07T07:30:26.387Z] [fair-value] Posting 1 maker-safe orders. Bids: UP=0.45 (EV=0.4957) DOWN=0.04 (EV=0.0143) settlementAnchor=62199.34 predictiveComposite=62210.97
[2026-06-07T07:30:26.576Z] [fair-value] Suppressing DOWN quote: insufficient cash price=0.16 shares=5 available=$0.4966
[2026-06-07T07:30:26.730Z] [wallet] lockBuy [btc-updown-5m-1780817400] BUY DOWN @ 0.04: -$0.20 | avail=$0.30
[2026-06-07T07:30:26.745Z] [fair-value] Replacing DOWN quote: 0.04 -> 0.08
[2026-06-07T07:30:26.745Z] [fair-value] Posting 1 maker-safe orders. Bids: UP=0.45 (EV=0.4644) DOWN=0.08 (EV=0.0056) settlementAnchor=62199.34 predictiveComposite=62211.60
[2026-06-07T07:30:26.746Z] [fair-value] Replacing DOWN quote: 0.04 -> 0.08
[2026-06-07T07:30:26.746Z] [fair-value] Posting 1 maker-safe orders. Bids: UP=0.45 (EV=0.4644) DOWN=0.08 (EV=0.0056) settlementAnchor=62199.34 predictiveComposite=62211.60
[2026-06-07T07:30:26.950Z] [fair-value] Replacing DOWN quote: 0.04 -> 0.08
[2026-06-07T07:30:26.950Z] [fair-value] Posting 1 maker-safe orders. Bids: UP=0.45 (EV=0.4644) DOWN=0.08 (EV=0.0056) settlementAnchor=62199.34 predictiveComposite=62211.60
[2026-06-07T07:30:27.067Z] [wallet] unlockBuy [btc-updown-5m-1780817400] BUY DOWN @ 0.04: +$0.20 | avail=$0.50
[2026-06-07T07:30:27.163Z] [fair-value] Posting 1 maker-safe orders. Bids: UP=0.45 (EV=0.4650) DOWN=0.07 (EV=0.0150) settlementAnchor=62199.34 predictiveComposite=62211.63
[2026-06-07T07:30:27.352Z] [wallet] lockBuy [btc-updown-5m-1780817400] BUY DOWN @ 0.07: -$0.35 | avail=$0.15
[2026-06-07T07:30:27.385Z] [fair-value] Suppressing UP quote: insufficient cash price=0.49 shares=5 available=$0.4966
[2026-06-07T07:30:27.385Z] [fair-value] Replacing DOWN quote: 0.07 -> 0.3
[2026-06-07T07:30:27.386Z] [fair-value] Suppressing DOWN quote: insufficient cash price=0.30 shares=5 available=$0.4966
[2026-06-07T07:30:27.386Z] [fair-value] Suppressing DOWN quote: insufficient cash price=0.35 shares=5 available=$0.4966
[2026-06-07T07:30:27.386Z] [fair-value] Replacing DOWN quote: 0.07 -> 0.3
[2026-06-07T07:30:27.536Z] [wallet] unlockBuy [btc-updown-5m-1780817400] BUY DOWN @ 0.07: +$0.35 | avail=$0.50
[2026-06-07T07:30:27.785Z] [fair-value] Suppressing UP quote: insufficient cash price=0.50 shares=5 available=$0.4966
[2026-06-07T07:30:28.385Z] [fair-value] Suppressing DOWN quote: insufficient cash price=0.33 shares=5 available=$0.4966
[2026-06-07T07:30:28.386Z] [fair-value] Suppressing DOWN quote: insufficient cash price=0.38 shares=5 available=$0.4966
[2026-06-07T07:30:29.015Z] [fair-value] P(UP)=0.6569 Sigma=0.2553 settlement=62199.34 predictive=62218.17 Rem=270s
[2026-06-07T07:30:29.015Z] [fair-value] P(UP)=0.6095 Sigma=0.2553 settlement=62199.34 predictive=62218.17 Rem=570s
[2026-06-07T07:30:30.631Z] [fair-value] Suppressing DOWN quote: insufficient cash price=0.27 shares=5 available=$0.4966
[2026-06-07T07:30:30.631Z] [fair-value] Suppressing DOWN quote: insufficient cash price=0.33 shares=5 available=$0.4966
[2026-06-07T07:30:30.631Z] [fair-value] Suppressing DOWN quote: insufficient cash price=0.34 shares=5 available=$0.4966
[2026-06-07T07:30:30.983Z] [fair-value] Suppressing UP quote: insufficient cash price=0.53 shares=5 available=$0.4966
[2026-06-07T07:30:31.147Z] [fair-value] Suppressing UP quote: insufficient cash price=0.54 shares=5 available=$0.4966
[2026-06-07T07:30:31.147Z] [fair-value] Posting 1 maker-safe orders. Bids: UP=0.54 (EV=0.4226) DOWN=0.03 (EV=0.0074) settlementAnchor=62199.34 predictiveComposite=62220.05
[2026-06-07T07:30:31.149Z] [fair-value] Suppressing DOWN quote: insufficient cash price=0.10 shares=5 available=$0.4966
[2026-06-07T07:30:31.384Z] [fair-value] Suppressing UP quote: insufficient cash price=0.55 shares=5 available=$0.4966
[2026-06-07T07:30:31.385Z] [fair-value] Suppressing DOWN quote: insufficient cash price=0.19 shares=5 available=$0.4966
[2026-06-07T07:30:31.385Z] [fair-value] Suppressing DOWN quote: insufficient cash price=0.27 shares=5 available=$0.4966
[2026-06-07T07:30:31.480Z] [wallet] lockBuy [btc-updown-5m-1780817400] BUY DOWN @ 0.03: -$0.15 | avail=$0.35
[2026-06-07T07:30:31.525Z] [fair-value] Replacing DOWN quote: 0.03 -> 0.19
[2026-06-07T07:30:31.526Z] [fair-value] Replacing DOWN quote: 0.03 -> 0.19
[2026-06-07T07:30:31.843Z] [wallet] unlockBuy [btc-updown-5m-1780817400] BUY DOWN @ 0.03: +$0.15 | avail=$0.50
[2026-06-07T07:30:31.928Z] [fair-value] Suppressing UP quote: insufficient cash price=0.49 shares=5 available=$0.4966
[2026-06-07T07:30:32.384Z] [fair-value] Suppressing DOWN quote: insufficient cash price=0.20 shares=5 available=$0.4966
[2026-06-07T07:30:32.385Z] [fair-value] Suppressing DOWN quote: insufficient cash price=0.28 shares=5 available=$0.4966
[2026-06-07T07:30:33.972Z] [fair-value] Suppressing DOWN quote: insufficient cash price=0.18 shares=5 available=$0.4966
[2026-06-07T07:30:34.525Z] [fair-value] Suppressing UP quote: insufficient cash price=0.56 shares=5 available=$0.4966
[2026-06-07T07:30:34.525Z] [fair-value] Suppressing DOWN quote: insufficient cash price=0.26 shares=5 available=$0.4966
[2026-06-07T07:30:35.195Z] [fair-value] Suppressing DOWN quote: insufficient cash price=0.17 shares=5 available=$0.4966
[2026-06-07T07:30:35.195Z] [fair-value] Suppressing DOWN quote: insufficient cash price=0.25 shares=5 available=$0.4966
[2026-06-07T07:30:35.369Z] [fair-value] Posting 1 maker-safe orders. Bids: UP=0.49 (EV=0.4468) DOWN=0.05 (EV=0.0132) settlementAnchor=62199.34 predictiveComposite=62226.21
[2026-06-07T07:30:35.535Z] [wallet] lockBuy [btc-updown-5m-1780817700] BUY DOWN @ 0.05: -$0.25 | avail=$0.25
[2026-06-07T07:30:35.961Z] [fair-value] Canceling stale DOWN quote: 0.05 (Edge: -0.0400 < 0.005)
[2026-06-07T07:30:35.961Z] [fair-value] Canceling stale DOWN quote: 0.05 (Edge: -0.0400 < 0.005)
[2026-06-07T07:30:36.286Z] [wallet] unlockBuy [btc-updown-5m-1780817700] BUY DOWN @ 0.05: +$0.25 | avail=$0.50
[2026-06-07T07:30:36.385Z] [fair-value] Suppressing DOWN quote: insufficient cash price=0.15 shares=5 available=$0.4966
[2026-06-07T07:30:36.385Z] [fair-value] Suppressing DOWN quote: insufficient cash price=0.24 shares=5 available=$0.4966
[2026-06-07T07:30:36.962Z] [fair-value] Suppressing UP quote: insufficient cash price=0.58 shares=5 available=$0.4966
[2026-06-07T07:30:39.199Z] [fair-value] Suppressing UP quote: insufficient cash price=0.59 shares=5 available=$0.4966
[2026-06-07T07:30:39.199Z] [fair-value] Suppressing DOWN quote: insufficient cash price=0.16 shares=5 available=$0.4966
[2026-06-07T07:30:41.140Z] [fair-value] Posting 1 maker-safe orders. Bids: UP=0.59 (EV=0.3732) DOWN=0.03 (EV=0.0068) settlementAnchor=62199.34 predictiveComposite=62231.10
[2026-06-07T07:30:41.383Z] [fair-value] Suppressing DOWN quote: insufficient cash price=0.12 shares=5 available=$0.4966
[2026-06-07T07:30:41.475Z] [wallet] lockBuy [btc-updown-5m-1780817400] BUY DOWN @ 0.03: -$0.15 | avail=$0.35
[2026-06-07T07:30:41.586Z] [fair-value] Canceling stale DOWN quote: 0.03 (Edge: -0.0200 < 0.005)
[2026-06-07T07:30:41.587Z] [fair-value] Posting 1 maker-safe orders. Bids: UP=0.49 (EV=0.4784) DOWN=0.02 (EV=0.0116) settlementAnchor=62199.34 predictiveComposite=62233.32
[2026-06-07T07:30:41.588Z] [fair-value] Canceling stale DOWN quote: 0.03 (Edge: -0.0200 < 0.005)
[2026-06-07T07:30:41.922Z] [wallet] unlockBuy [btc-updown-5m-1780817400] BUY DOWN @ 0.03: +$0.15 | avail=$0.50
[2026-06-07T07:30:41.937Z] [wallet] lockBuy [btc-updown-5m-1780817700] BUY DOWN @ 0.02: -$0.10 | avail=$0.40
[2026-06-07T07:30:42.008Z] [fair-value] Suppressing UP quote: insufficient cash price=0.49 shares=5 available=$0.4966
[2026-06-07T07:30:42.871Z] [fair-value] Suppressing UP quote: insufficient cash price=0.60 shares=5 available=$0.4966
[2026-06-07T07:30:46.857Z] [fair-value] Canceling stale DOWN quote: 0.02 (Edge: -0.0100 < 0.005)
[2026-06-07T07:30:46.857Z] [fair-value] Canceling stale DOWN quote: 0.02 (Edge: -0.0100 < 0.005)
[2026-06-07T07:30:46.857Z] [fair-value] Suppressing DOWN quote: insufficient cash price=0.13 shares=5 available=$0.4966
[2026-06-07T07:30:46.857Z] [fair-value] Replacing DOWN quote: 0.02 -> 0.22
[2026-06-07T07:30:46.858Z] [fair-value] Suppressing DOWN quote: insufficient cash price=0.22 shares=5 available=$0.4966
[2026-06-07T07:30:46.858Z] [fair-value] Replacing DOWN quote: 0.02 -> 0.22
[2026-06-07T07:30:46.858Z] [fair-value] Replacing DOWN quote: 0.02 -> 0.23
[2026-06-07T07:30:46.858Z] [fair-value] Suppressing DOWN quote: insufficient cash price=0.23 shares=5 available=$0.4966
[2026-06-07T07:30:46.859Z] [fair-value] Replacing DOWN quote: 0.02 -> 0.23
[2026-06-07T07:30:46.859Z] [fair-value] Suppressing DOWN quote: insufficient cash price=0.14 shares=5 available=$0.4966
[2026-06-07T07:30:46.859Z] [fair-value] Replacing DOWN quote: 0.02 -> 0.23
[2026-06-07T07:30:46.859Z] [fair-value] Replacing DOWN quote: 0.02 -> 0.23
[2026-06-07T07:30:46.906Z] [fair-value] Replacing DOWN quote: 0.02 -> 0.23
[2026-06-07T07:30:46.907Z] [fair-value] Replacing DOWN quote: 0.02 -> 0.23
[2026-06-07T07:30:47.059Z] [fair-value] Replacing DOWN quote: 0.02 -> 0.23
[2026-06-07T07:30:47.095Z] [fair-value] Suppressing UP quote: insufficient cash price=0.64 shares=5 available=$0.4966
[2026-06-07T07:30:47.142Z] [wallet] unlockBuy [btc-updown-5m-1780817700] BUY DOWN @ 0.02: +$0.10 | avail=$0.50
[2026-06-07T07:30:47.221Z] [fair-value] Suppressing UP quote: insufficient cash price=0.65 shares=5 available=$0.4966
[2026-06-07T07:30:47.297Z] [fair-value] Suppressing DOWN quote: insufficient cash price=0.24 shares=5 available=$0.4966
[2026-06-07T07:30:47.297Z] [fair-value] Suppressing DOWN quote: insufficient cash price=0.15 shares=5 available=$0.4966
[2026-06-07T07:30:47.327Z] [fair-value] Suppressing DOWN quote: insufficient cash price=0.17 shares=5 available=$0.4966
[2026-06-07T07:30:47.327Z] [fair-value] Suppressing DOWN quote: insufficient cash price=0.26 shares=5 available=$0.4966
[2026-06-07T07:30:47.328Z] [fair-value] Suppressing DOWN quote: insufficient cash price=0.18 shares=5 available=$0.4966
[2026-06-07T07:30:47.389Z] [fair-value] Suppressing DOWN quote: insufficient cash price=0.29 shares=5 available=$0.4966
[2026-06-07T07:30:47.389Z] [fair-value] Suppressing DOWN quote: insufficient cash price=0.35 shares=5 available=$0.4966
[2026-06-07T07:30:47.880Z] [fair-value] Suppressing UP quote: insufficient cash price=0.57 shares=5 available=$0.4966
[2026-06-07T07:30:47.881Z] [fair-value] Suppressing DOWN quote: insufficient cash price=0.28 shares=5 available=$0.4966
[2026-06-07T07:30:48.050Z] [fair-value] Suppressing UP quote: insufficient cash price=0.54 shares=5 available=$0.4966
[2026-06-07T07:30:48.095Z] [fair-value] Suppressing UP quote: insufficient cash price=0.53 shares=5 available=$0.4966
[2026-06-07T07:30:48.225Z] [fair-value] Suppressing UP quote: insufficient cash price=0.52 shares=5 available=$0.4966
[2026-06-07T07:30:48.384Z] [fair-value] Suppressing UP quote: insufficient cash price=0.51 shares=5 available=$0.4966
[2026-06-07T07:30:48.385Z] [fair-value] Suppressing DOWN quote: insufficient cash price=0.33 shares=5 available=$0.4966
[2026-06-07T07:30:48.385Z] [fair-value] Suppressing DOWN quote: insufficient cash price=0.38 shares=5 available=$0.4966
[2026-06-07T07:30:48.563Z] [fair-value] Suppressing UP quote: insufficient cash price=0.50 shares=5 available=$0.4966
[2026-06-07T07:30:49.387Z] [fair-value] Suppressing DOWN quote: insufficient cash price=0.32 shares=5 available=$0.4966
[2026-06-07T07:30:49.388Z] [fair-value] Suppressing DOWN quote: insufficient cash price=0.37 shares=5 available=$0.4966
[2026-06-07T07:30:49.408Z] [fair-value] Suppressing DOWN quote: insufficient cash price=0.34 shares=5 available=$0.4966
[2026-06-07T07:30:49.408Z] [fair-value] Suppressing DOWN quote: insufficient cash price=0.39 shares=5 available=$0.4966
[2026-06-07T07:30:49.885Z] [fair-value] Suppressing UP quote: insufficient cash price=0.59 shares=5 available=$0.4966
[2026-06-07T07:30:50.217Z] [fair-value] Suppressing DOWN quote: insufficient cash price=0.30 shares=5 available=$0.4966
[2026-06-07T07:30:50.217Z] [fair-value] Suppressing DOWN quote: insufficient cash price=0.36 shares=5 available=$0.4966
[2026-06-07T07:30:50.385Z] [fair-value] Suppressing UP quote: insufficient cash price=0.55 shares=5 available=$0.4966
[2026-06-07T07:30:50.386Z] [fair-value] Suppressing DOWN quote: insufficient cash price=0.40 shares=5 available=$0.4966
[2026-06-07T07:30:50.386Z] [fair-value] Suppressing DOWN quote: insufficient cash price=0.43 shares=5 available=$0.4966
[2026-06-07T07:30:50.737Z] [fair-value] Suppressing DOWN quote: insufficient cash price=0.37 shares=5 available=$0.4966
[2026-06-07T07:30:51.386Z] [fair-value] Suppressing DOWN quote: insufficient cash price=0.39 shares=5 available=$0.4966
[2026-06-07T07:30:51.547Z] [fair-value] Posting 1 maker-safe orders. Bids: UP=0.49 (EV=0.4293) DOWN=0.07 (EV=0.0107) settlementAnchor=62199.34 predictiveComposite=62239.46
[2026-06-07T07:30:51.769Z] [fair-value] Suppressing UP quote: insufficient cash price=0.58 shares=5 available=$0.4966
[2026-06-07T07:30:51.888Z] [wallet] lockBuy [btc-updown-5m-1780817700] BUY DOWN @ 0.07: -$0.35 | avail=$0.15
[2026-06-07T07:30:52.070Z] [fair-value] Canceling stale DOWN quote: 0.07 (Edge: -0.0036 < 0.005)
[2026-06-07T07:30:52.071Z] [fair-value] Suppressing UP quote: insufficient cash price=0.49 shares=5 available=$0.4966
[2026-06-07T07:30:52.071Z] [fair-value] Posting 1 maker-safe orders. Bids: UP=0.49 (EV=0.4436) DOWN=0.06 (EV=0.0064) settlementAnchor=62199.34 predictiveComposite=62239.46
[2026-06-07T07:30:52.071Z] [btc-updown-5m-1780817700] Live placement gated: waiting for 1 cancel(s) to confirm
[2026-06-07T07:30:52.278Z] [fair-value] Canceling stale DOWN quote: 0.07 (Edge: -0.0036 < 0.005)
[2026-06-07T07:30:52.278Z] [fair-value] Posting 1 maker-safe orders. Bids: UP=0.49 (EV=0.4436) DOWN=0.06 (EV=0.0064) settlementAnchor=62199.34 predictiveComposite=62239.46
[2026-06-07T07:30:52.278Z] [fair-value] Canceling stale DOWN quote: 0.07 (Edge: -0.0036 < 0.005)
[2026-06-07T07:30:52.279Z] [fair-value] Posting 1 maker-safe orders. Bids: UP=0.49 (EV=0.4436) DOWN=0.06 (EV=0.0064) settlementAnchor=62199.34 predictiveComposite=62239.46
[2026-06-07T07:30:52.279Z] [fair-value] Canceling stale DOWN quote: 0.07 (Edge: -0.0028 < 0.005)
[2026-06-07T07:30:52.279Z] [fair-value] Posting 1 maker-safe orders. Bids: UP=0.49 (EV=0.4428) DOWN=0.06 (EV=0.0072) settlementAnchor=62199.34 predictiveComposite=62239.48
[2026-06-07T07:30:52.280Z] [fair-value] Canceling stale DOWN quote: 0.07 (Edge: -0.0028 < 0.005)
[2026-06-07T07:30:52.280Z] [fair-value] Posting 1 maker-safe orders. Bids: UP=0.49 (EV=0.4428) DOWN=0.06 (EV=0.0072) settlementAnchor=62199.34 predictiveComposite=62239.48
[2026-06-07T07:30:52.381Z] [fair-value] Replacing DOWN quote: 0.07 -> 0.35
[2026-06-07T07:30:52.382Z] [fair-value] Replacing DOWN quote: 0.07 -> 0.35
[2026-06-07T07:30:52.430Z] [wallet] unlockBuy [btc-updown-5m-1780817700] BUY DOWN @ 0.07: +$0.35 | avail=$0.50
[2026-06-07T07:30:54.550Z] [fair-value] Suppressing DOWN quote: insufficient cash price=0.31 shares=5 available=$0.4966
[2026-06-07T07:30:54.835Z] [fair-value] Suppressing UP quote: insufficient cash price=0.49 shares=5 available=$0.4966
[2026-06-07T07:30:55.164Z] [fair-value] Suppressing UP quote: insufficient cash price=0.47 shares=5 available=$0.4966
[2026-06-07T07:30:57.383Z] [fair-value] Suppressing DOWN quote: insufficient cash price=0.10 shares=5 available=$0.4966
[2026-06-07T07:30:57.384Z] [fair-value] Suppressing DOWN quote: insufficient cash price=0.20 shares=5 available=$0.4966
[2026-06-07T07:30:57.459Z] [fair-value] Suppressing UP quote: insufficient cash price=0.56 shares=5 available=$0.4966
[2026-06-07T07:30:57.459Z] [fair-value] Suppressing DOWN quote: insufficient cash price=0.18 shares=5 available=$0.4966
[2026-06-07T07:30:57.459Z] [fair-value] Suppressing DOWN quote: insufficient cash price=0.26 shares=5 available=$0.4966
[2026-06-07T07:30:57.635Z] [fair-value] Suppressing DOWN quote: insufficient cash price=0.17 shares=5 available=$0.4966
[2026-06-07T07:30:58.575Z] [fair-value] Suppressing UP quote: insufficient cash price=0.60 shares=5 available=$0.4966
[2026-06-07T07:30:59.111Z] [fair-value] P(UP)=0.7269 Sigma=0.2532 settlement=62199.34 predictive=62238.74 Rem=540s
[2026-06-07T07:30:59.179Z] [fair-value] P(UP)=0.8172 Sigma=0.2532 settlement=62199.34 predictive=62238.74 Rem=240s
[2026-06-07T07:30:59.820Z] [fair-value] Suppressing DOWN quote: insufficient cash price=0.27 shares=5 available=$0.4966
[2026-06-07T07:30:59.821Z] [fair-value] Suppressing DOWN quote: insufficient cash price=0.19 shares=5 available=$0.4966
[2026-06-07T07:30:59.821Z] [fair-value] Suppressing DOWN quote: insufficient cash price=0.14 shares=5 available=$0.4966
[2026-06-07T07:30:59.822Z] [fair-value] Suppressing DOWN quote: insufficient cash price=0.23 shares=5 available=$0.4966
[2026-06-07T07:30:59.822Z] [fair-value] Posting 1 maker-safe orders. Bids: UP=0.6 (EV=0.3144) DOWN=0.07 (EV=0.0156) settlementAnchor=62199.34 predictiveComposite=62239.93
[2026-06-07T07:30:59.824Z] [fair-value] Suppressing DOWN quote: insufficient cash price=0.17 shares=5 available=$0.4966
[2026-06-07T07:31:00.180Z] [fair-value] Suppressing UP quote: insufficient cash price=0.53 shares=5 available=$0.4966
[2026-06-07T07:31:00.228Z] [wallet] lockBuy [btc-updown-5m-1780817400] BUY DOWN @ 0.07: -$0.35 | avail=$0.15
[2026-06-07T07:31:00.389Z] [fair-value] Replacing DOWN quote: 0.07 -> 0.22
[2026-06-07T07:31:00.389Z] [fair-value] Suppressing DOWN quote: insufficient cash price=0.22 shares=5 available=$0.4966
[2026-06-07T07:31:00.389Z] [fair-value] Suppressing DOWN quote: insufficient cash price=0.30 shares=5 available=$0.4966
[2026-06-07T07:31:00.390Z] [fair-value] Replacing DOWN quote: 0.07 -> 0.22
[2026-06-07T07:31:00.652Z] [fair-value] Replacing DOWN quote: 0.07 -> 0.22
[2026-06-07T07:31:00.653Z] [fair-value] Replacing DOWN quote: 0.07 -> 0.22
[2026-06-07T07:31:00.721Z] [wallet] unlockBuy [btc-updown-5m-1780817400] BUY DOWN @ 0.07: +$0.35 | avail=$0.50
[2026-06-07T07:31:01.348Z] [fair-value] Suppressing DOWN quote: insufficient cash price=0.20 shares=5 available=$0.4966
[2026-06-07T07:31:01.348Z] [fair-value] Suppressing DOWN quote: insufficient cash price=0.28 shares=5 available=$0.4966
[2026-06-07T07:31:01.523Z] [fair-value] Suppressing UP quote: insufficient cash price=0.51 shares=5 available=$0.4966
[2026-06-07T07:31:02.120Z] [fair-value] Suppressing UP quote: insufficient cash price=0.49 shares=5 available=$0.4966
[2026-06-07T07:31:02.891Z] [fair-value] Suppressing DOWN quote: insufficient cash price=0.29 shares=5 available=$0.4966
[2026-06-07T07:31:04.385Z] [fair-value] Posting 1 maker-safe orders. Bids: UP=0.49 (EV=0.4824) DOWN=0.02 (EV=0.0076) settlementAnchor=62199.34 predictiveComposite=62232.19
[2026-06-07T07:31:04.743Z] [wallet] lockBuy [btc-updown-5m-1780817700] BUY DOWN @ 0.02: -$0.10 | avail=$0.40
[2026-06-07T07:31:05.481Z] [fair-value] Canceling stale DOWN quote: 0.02 (Edge: 0.0041 < 0.005)
[2026-06-07T07:31:05.482Z] [fair-value] Canceling stale DOWN quote: 0.02 (Edge: 0.0041 < 0.005)
[2026-06-07T07:31:05.482Z] [fair-value] Canceling stale DOWN quote: 0.02 (Edge: -0.0100 < 0.005)
[2026-06-07T07:31:05.482Z] [fair-value] Canceling stale DOWN quote: 0.02 (Edge: -0.0100 < 0.005)
[2026-06-07T07:31:05.483Z] [fair-value] Canceling stale DOWN quote: 0.02 (Edge: -0.0100 < 0.005)
[2026-06-07T07:31:05.483Z] [fair-value] Canceling stale DOWN quote: 0.02 (Edge: -0.0100 < 0.005)
[2026-06-07T07:31:05.483Z] [fair-value] Canceling stale DOWN quote: 0.02 (Edge: -0.0100 < 0.005)
[2026-06-07T07:31:05.483Z] [fair-value] Canceling stale DOWN quote: 0.02 (Edge: -0.0100 < 0.005)
[2026-06-07T07:31:05.600Z] [fair-value] Canceling stale DOWN quote: 0.02 (Edge: -0.0100 < 0.005)
[2026-06-07T07:31:05.600Z] [fair-value] Canceling stale DOWN quote: 0.02 (Edge: -0.0100 < 0.005)
[2026-06-07T07:31:05.776Z] [fair-value] Suppressing UP quote: insufficient cash price=0.54 shares=5 available=$0.4966
[2026-06-07T07:31:05.776Z] [fair-value] Replacing DOWN quote: 0.02 -> 0.05
[2026-06-07T07:31:05.777Z] [fair-value] Posting 1 maker-safe orders. Bids: UP=0.49 (EV=0.4520) DOWN=0.05 (EV=0.0080) settlementAnchor=62199.34 predictiveComposite=62233.85
[2026-06-07T07:31:05.777Z] [btc-updown-5m-1780817700] Live placement gated: waiting for 1 cancel(s) to confirm
[2026-06-07T07:31:05.777Z] [fair-value] Replacing DOWN quote: 0.02 -> 0.05
[2026-06-07T07:31:05.777Z] [fair-value] Posting 1 maker-safe orders. Bids: UP=0.49 (EV=0.4520) DOWN=0.05 (EV=0.0080) settlementAnchor=62199.34 predictiveComposite=62233.85
[2026-06-07T07:31:05.808Z] [wallet] unlockBuy [btc-updown-5m-1780817700] BUY DOWN @ 0.02: +$0.10 | avail=$0.50
[2026-06-07T07:31:05.957Z] [fair-value] Posting 1 maker-safe orders. Bids: UP=0.49 (EV=0.4518) DOWN=0.05 (EV=0.0082) settlementAnchor=62199.34 predictiveComposite=62233.80
[2026-06-07T07:31:06.096Z] [fair-value] Suppressing DOWN quote: insufficient cash price=0.15 shares=5 available=$0.4966
[2026-06-07T07:31:06.096Z] [fair-value] Suppressing DOWN quote: insufficient cash price=0.24 shares=5 available=$0.4966
[2026-06-07T07:31:06.301Z] [wallet] lockBuy [btc-updown-5m-1780817700] BUY DOWN @ 0.05: -$0.25 | avail=$0.25
[2026-06-07T07:31:06.385Z] [fair-value] Suppressing DOWN quote: insufficient cash price=0.21 shares=5 available=$0.4966
[2026-06-07T07:31:06.385Z] [fair-value] Replacing DOWN quote: 0.05 -> 0.3
[2026-06-07T07:31:06.385Z] [fair-value] Replacing DOWN quote: 0.05 -> 0.3
[2026-06-07T07:31:06.614Z] [fair-value] Replacing DOWN quote: 0.05 -> 0.3
[2026-06-07T07:31:06.615Z] [fair-value] Replacing DOWN quote: 0.05 -> 0.3
[2026-06-07T07:31:06.705Z] [wallet] unlockBuy [btc-updown-5m-1780817700] BUY DOWN @ 0.05: +$0.25 | avail=$0.50
[2026-06-07T07:31:07.384Z] [fair-value] Suppressing UP quote: insufficient cash price=0.57 shares=5 available=$0.4966
[2026-06-07T07:31:07.475Z] [fair-value] Suppressing UP quote: insufficient cash price=0.58 shares=5 available=$0.4966
[2026-06-07T07:31:09.245Z] [fair-value] Suppressing UP quote: insufficient cash price=0.56 shares=5 available=$0.4966
[2026-06-07T07:31:09.317Z] [fair-value] Suppressing DOWN quote: insufficient cash price=0.25 shares=5 available=$0.4966
[2026-06-07T07:31:09.318Z] [fair-value] Suppressing DOWN quote: insufficient cash price=0.38 shares=5 available=$0.4966
[2026-06-07T07:31:09.318Z] [fair-value] Suppressing DOWN quote: insufficient cash price=0.41 shares=5 available=$0.4966
[2026-06-07T07:31:09.385Z] [fair-value] Suppressing DOWN quote: insufficient cash price=0.42 shares=5 available=$0.4966
[2026-06-07T07:31:09.467Z] [btc-updown-5m-1780817100] Resolved UP. PnL: $-15.33
[2026-06-07T07:31:09.468Z] [btc-updown-5m-1780817100] Redeeming positions...
[2026-06-07T07:31:09.470Z] [btc-updown-5m-1780817100] Redemption failed: Error: Relay operations (wrap/unwrap/redeem) require BUILDER_KEY, BUILDER_SECRET, and BUILDER_PASSPHRASE to be set.
[2026-06-07T07:31:09.471Z] [btc-updown-5m-1780817100] state: STOPPING → DONE
[2026-06-07T07:31:09.471Z] [btc-updown-5m-1780817100] Session PnL: $-13.28
[2026-06-07T07:31:09.479Z] [btc-updown-5m-1780817100] destroy()
[2026-06-07T07:31:09.479Z] [shutdown] Session loss limit reached (total losses: $-16.28, threshold: -$10.00).
[2026-06-07T07:31:09.479Z] [shutdown] Signalling all lifecycles to cancel.
[2026-06-07T07:31:09.480Z] [btc-updown-5m-1780817400] state: RUNNING → STOPPING
[2026-06-07T07:31:09.480Z] [btc-updown-5m-1780817700] state: RUNNING → STOPPING
[2026-06-07T07:31:09.480Z] [shutdown] Waiting for 2 lifecycle(s) to settle...
[2026-06-07T07:31:09.493Z] [fair-value] Suppressing DOWN quote: insufficient cash price=0.39 shares=5 available=$0.4966
[2026-06-07T07:31:09.575Z] [btc-updown-5m-1780817400] Settled. PnL: +$0.00
[2026-06-07T07:31:09.575Z] [btc-updown-5m-1780817400] state: STOPPING → DONE
[2026-06-07T07:31:09.576Z] [btc-updown-5m-1780817700] Settled. PnL: +$0.00
[2026-06-07T07:31:09.576Z] [btc-updown-5m-1780817700] state: STOPPING → DONE
[2026-06-07T07:31:09.576Z] [btc-updown-5m-1780817400] Session PnL: $-13.28
[2026-06-07T07:31:09.577Z] [btc-updown-5m-1780817400] destroy()
[2026-06-07T07:31:09.577Z] [btc-updown-5m-1780817700] Session PnL: $-13.28
[2026-06-07T07:31:09.577Z] [btc-updown-5m-1780817700] destroy()
[2026-06-07T07:31:09.587Z] [shutdown] All settled. Exiting.
